id,sjname,jingdu,weidu,phone,address,fax,cityid,orderby
1955,安徽中迪汽车销售服务有限公司,117.055907682,30.568826337,0556-5368888,安徽省安庆市宜秀区206国道北侧红光村境内（第五加油站旁）,,AH043,999
940,蚌埠市汇通汽车销售有限公司,117.361752,32.925082,0552-4117077,安徽省蚌埠市龙子湖区栖岩路33号,0552-4117277,AH022,999
1757,亳州市新梦迪汽车销售有限责任公司,115.792943,33.845566,0558-8888955,亳州谯城经济开发区春雨国际汽车城内,0558-8888955,AH018,999
1894,池州富林汽车销售有限公司,117.510127,30.621982,,池州市站前区池州国际汽车城1号楼106、107、122、123室,0562-2199799,AH068,999
1698,滁州东和泰昌汽车销售服务有限公司,118.314705,32.252318,0550-3535753,安微省滁州市丰乐大道2599号,0550-3042288,AH028,999
938,合肥新迪汽车销售服务有限公司,117.297376570,31.819853885,0551-63410588,合肥市东流路26号,0551-63433866,AH001,999
1579,安徽省骏迪汽车销售有限公司,117.336067,31.908537,0551-64392999,合肥市新站区铜陵北路与物流大道交叉口馥邦汽车城,0551-62795187,AH001,999
1745,淮北市迪安特汽车销售服务有限公司,116.801518,33.930724,0561-3191199,安徽省淮北市相山区骏驰路北寇湾商贸一条街1区1号,0561-3063816,AH010,999
1906,淮南市宏迪汽车服务有限公司,117.073039,32.665518,0554-6438797,淮南市田家庵区国庆东路淮南国际汽配城19栋,0554-6438797,AH026,999
1607,安徽金迪汽车销售服务有限公司,116.617069,31.767596,0564-3837676,安徽金安经济开发区（312国道旁）,0564-3837272,AH057,999
1730,马鞍山市顺迪汽车销售服务有限公司,118.505267,31.645468,0555-8362666,马鞍山市经济技术开发区湖西南路8号,0555-8362158,AH035,999
1972,芜湖路骐汽车销售有限公司,121.584256,31.303352,0553-6361588,安徽省芜湖市无为县无城镇黄汰村,,AH037,999
1893,宣城丰迪汽车销售服务有限公司,118.731028,30.944585,0563-2021123,安徽省宣城市宣州区经济技术开发区玉荷路9号,0563-2021123,AH072,999
953,北京鑫敏恒汽车销售有限公司,116.349042795,39.786244582,010-60291959,北京市大兴区西红门镇宏旭路2号（西红门南桥西侧）,010-60291907,BJ001,999
955,北京福铃丰瑞汽车销售有限公司,116.310374178,39.818273155,010-83704725/010-83704730,北京市丰台区郭公庄608号北院,010-83704735,BJ001,999
959,北京环耀汽车服务有限公司,116.448287164,40.036474268,010-84912588/010-84912589,北京市朝阳区来广营乡朝来农艺园西门,010-84806870/010-84806791,BJ001,999
961,北京军鹏伟业汽车销售有限公司,116.271473909,39.953842083,010-88457098,北京市海淀区四季青常润路1号,010-88434335,BJ001,999
962,北京润城汽车维修有限公司,116.112815271,39.727017336,010-89317680,北京市房山区阎村镇炒米店村一街甲一号,010-89318720,BJ001,999
965,北京天通利华汽车修理有限公司,116.443889140,40.086920340,010-80787200/010-80787201,北京市昌平区北七家镇燕丹村西大水库南侧,010-80787202,BJ001,999
966,北京鹏天奥汽车销售有限公司,116.223024850,39.938130123,010-88702050,北京市海淀区廖公庄村国金院东侧平房,010-88703870,BJ001,999
968,北京鑫敏恒瑞鑫汽车销售有限公司,116.3389,40.054704,010-53578616/53578618,北京市海淀区安宁北路昌平路临831-内2,010-53578611,BJ001,999
1699,北京市北方瑞鹏汽车服务有限公司,116.703406,39.872203,010-81512388,北京市通州区张家湾镇土桥村西（北院）10幢,010-81510788,BJ001,999
1819,北京盛世路骐汽车销售有限公司,116.494408,39.861807,,北京市朝阳区东四环南路56号D座101室,,BJ001,999
1886,北京欣太新能源汽车销售服务有限公司,116.548695,39.86862,010-53653488,北京市朝阳区王四营乡孛罗营村东,010-87885080,BJ001,999
1913,北京庞大兴迪汽车销售服务有限公司,,,010-60691789,北京市怀柔区庙城镇焦村（京承高速路怀柔出口西100米）,010-60691789,BJ001,999
990,福建省美嘉鑫迪贸易有限公司,119.35398,26.019937,0591-88303355/88998110,福州市仓山区建新镇红江路6号金山工业区C区18#楼一层,0591-83461229,FJ001,999
1855,福州市盛世开元汽车销售有限公司,119.310319,26.127845,0591-83540000,福州市晋安区新店镇浮村北三环金城福园东面,0591-87916237,FJ001,999
1581,福建龙迪鑫汽车销售服务有限公司,116.964839,25.105065,0597-3309777,福建省龙岩市新罗区龙门镇物流大道316号,0597-3309772,FJ053,999
1910,宁德市乾元新景汽车销售有限公司,119.54772,26.646417,0593-2893355,福建省宁德市蕉城区鹤鸣路永升汽车城3号展厅,0593-2893355,FJ060,999
982,莆田市亿豪汽车贸易有限公司,119.083182538,25.474649076,0594-3131888,莆田市涵江区白塘镇埭里村城涵大道3399号,0594-3131999,FJ031,999
979,泉州鸿鑫汽车销售服务有限公司,118.527095126,24.913126904,0595-28270555,4S店地址：福建省泉州市鲤城区南环路神舟通大厦,0595-22359559,FJ033,999
981,福建省国安锦轮汽车贸易有限责任公司,118.598735381,24.778170379,0595-82878555,福建省晋江市新塘街道石泉公路后洋路段锦轮汽车城内,0595-82106288,FJ033,999
988,福建省粤迪汽车销售有限公司,118.557762175,24.880038498,0595-29015678,泉州经济技术开发区清髟扒1-2（D）（F）迎宾大道旁,0595-29015001,FJ033,999
977,三明市万通经贸有限公司,117.657135831,26.297610885,0598-8290660,三明市翁墩物流园汽车集中区,0598-8587389,FJ020,999
1705,厦门市佳凯盛汽车贸易有限公司,118.155089324,24.545764439,0592-5797111,厦门市湖里区高崎北路436号,0592-5797129,FJ042,999
1794,厦门市盛世开元汽车销售有限公司,118.022581,24.494666,,厦门市海沧区马青路1283号一层01及夹层,,FJ042,999
1700,漳州华骏天捷汽车贸易有限公司,117.72996,24.537411,0596-2178858,漳州市蓝田经济开发区龙文园区工业大道以东,0596-2178858,FJ043,999
1934,白银盛世开元汽车销售服务有限公司,104.131305,36.519045,0943-8293299,甘肃省白银市白银区中小企业创业基地内白银天驰盛达汽车城2-1,,GS008,999
1821,定西盛世开元汽车销售有限公司,104.644456,35.546294,0932-8326668 ,定西市安定区南川物流园6号楼,,GS082,999
1051,酒泉新运通汽车出租有限公司销售分公司,98.439841396,39.766425306,0937-6962228/6962226/13909377117,酒泉市西郊工业园西石滩<124-66>,0937-2856011,GS022,999
1049,甘肃泓通汽车服务有限公司,103.691962453,36.097129283,0931-8324666/8310588,甘肃省兰州市七里河区南滨河西路1399号,0931-2687600,GS001,999
1053,甘肃永宁汽车销售服务有限公司,103.722736,36.097917,0931-7612888,兰州市安宁经济技术开发区银滩大桥东北侧,0931-7613533,GS001,999
1795,兰州盛世开元汽车销售有限公司,103.638169,36.14466,0931-6170365,甘肃省兰州市安宁区北滨河西路88号,0931-6170360,GS001,999
1690,平凉市时代恒星汽贸有限责任公司,106.635178,35.572397,0933-8882777,平凉市崆峒区八里桥以西，国道312线以南、区间路以北（右邻长安汽车4S店）,0933-8353968,gs081,999
1775,庆阳陇迪汽车销售有限公司,107.632817,35.75472,0934-6661010,庆阳市西峰区古象西路北侧（西环路与古象西路丁字路口往东160米）,0934-6668901,gs079,999
1047,天水银通汽车贸易有限责任公司,105.726470773,34.579619906,0938-8386433,甘肃省天水市东十里工业园区,0938-8386433,GS012,999
1003,东莞市周通泰汽车贸易有限公司,113.971818153,22.967138737,0769-81091188,东莞市常平镇环城路,0769-83332030,GD057,999
1006,东莞市建鹏汽车销售有限公司,113.847868887,23.099383585,0769-86643888/0769-86861628,东莞市茶山镇京山村,0769-81805778,GD057,999
1009,东莞市兴发汽车贸易有限公司,113.439830546,22.601145256,0769-82882838,广东省东莞市虎门镇白沙社区莞太路265号之一（即虎门高铁站旁）,0769-85129039,GD057,999
1022,东莞市勤力汽车贸易有限公司,113.858243012,23.016053629,0769-81258999,东莞市寮步国际汽车城内四路B0303,0769-82399299,GD057,999
1040,东莞市和盛佳汽车销售服务有限公司,113.712729394,22.983707890,0769-38875258,东莞市南城区莞太路石鼓盛嘉汽车城,0769-38875250,GD057,999
1042,东莞市锋得行汽车销售服务有限公司,113.858171383,23.022483552,0769-83288775,东莞市寮步镇樟路塘唇路段5号,0769-89610631,GD057,999
1848,东莞市旭明汽车销售有限公司,114.150868,22.765188,0769-86800018,广东省东莞市凤岗镇海永科技园A栋1楼,0769-86805533,GD057,999
997,佛山机电设备有限公司,113.109472915,23.008632938,0757-83963633,佛山市禅城区石湾镇街道番村丰田工业区及祠前工业区自编3座首层3105、3107、3108号铺及4座首层4101、4102号及中间位置号铺,0757-83834875,GD067,999
1024,佛山市顺德区东汽汽车销售服务有限公司,113.240193287,22.862345990,0757-28091113,佛山市顺德区大良金榜街道办事处广珠新蚵范,0757-28091114,GD067,999
1028,佛山市键马汽车贸易有限公司,113.135313921,23.074521497,0757-81237333,佛山市南海区海八路（华南汽车内）,0757-81239801,GD067,999
1969,佛山市安迪通汽车贸易有限公司,113.106602782,23.012537337,0757-82781891,佛山市禅城区佛山大道中83号中（国际）车城北区二座8-10号（销售部）,0757-82781890,GD067,999
1688,佛山市南海区宇翔汽车贸易有限公司,113.132941,23.074821,0757-86200181,佛山市南海区桂城文华北路11号之三,0757-86200186,GD067,999
999,广东欧亚特汽车销售服务有限公司,113.377162654,22.969374611,020-34517788,广东省广州市番禺区东环街大北路618号,020-34511681,GD001,999
1008,广州东湖汽车销售服务有限公司,113.252516143,23.092461763,020-81681220,广州市荔湾区芳村大道东166号,020-81574192,GD001,999
1013,广州志翔汽车贸易有限公司,113.582133895,23.127016753,020-82601777,增城市新塘镇广深公路南安横山段,020-82676673,GD001,999
1033,广州市锦虹汽车销售服务有限公司,113.596214897,23.127364387,020-82695333,广州市增城新塘镇107国道（白江村田下合作社耙岭路段）,020-82673253,GD001,999
1038,广州市鑫湾汽车贸易有限公司,113.329096,23.264873,020-36378080,广州市白云区东平北路223号,020-36378268,GD001,999
1746,广州宝昊城汽车销售服务有限公司,113.291652,23.208322,020-36210299,广州市白云区黄石东路767-775号,020-36307727,GD001,999
1826,广州市路骐汽车销售有限公司,113.416351,23.161977,020-29056611,广州市天河区合景路合景商业街3号C栋101号房,020-29056611,GD001,999
1980,广州海恒科迪汽车销售服务有限公司,113.441536,23.102107,020-85214699,广州市黄埔区黄埔大道东1773号,020-85214699,GD001,999
1068,广州亚美迪汽车销售有限公司,113.366649,22.984864,020-84890777,广州市番禺区市桥街云星珠坑村三角11巷1号首层,020-34816777,GD001,999
1073,广州金昊城汽车销售服务有限公司,113.220465,23.428442,020-36897161,广州市花都区狮岭镇杨一村自编建设北路232号,020-36897161,GD001,999
1036,河源市永发汽车销售有限公司,114.699564,23.780264,0762-3215888,河源市河源大道北白岭头火车桥过100米,0762-3215888,GD021,999
1839,河源市乾元新景汽车销售有限公司,114.721311,23.702458,0762-7882333,紫金县临江工业园超然汽车城内,0762-7302001,GD021,999
995,惠州市越景汽车销售服务有限公司,114.461441537,22.981946935,0752-2558886/0752-2058880/0752-2558881,惠州市惠城区三栋数码工业园惠南汽车城,0752-2558886,GD052,999
1014,惠州市金环怡汽车销售有限公司,114.241152304,23.081533407,0752-5869988,惠州市惠博路金山汽车城,0752-5869990,GD052,999
1030,惠州市惠迪汽车贸易有限公司,114.401252537,23.137155482,0752-2488889,惠州市惠城区江北惠博大道金山汽车内,0752-2851558,GD052,999
1026,开平市新俊汽车贸易有限公司,112.691472138,22.387340155,0750-2213222,江门市蓬江区西环路163号3幢A1,0750-2295666,GD061,999
1032,江门市广瑞汽车贸易有限公司,113.077116,22.623668,0750-3215566,江门市北环路以南,0750-3488777,GD061,999
1021,揭阳市鹏发车业有限公司,116.395095939,23.573083750,0663-8306555,揭阳市环市北路以南，临江北路东以西（消防培训中心隔壁）,0663-8306006,GD043,999
1917,揭阳市盛世开元汽车销售有限公司,116.479257,23.528081,,揭阳市炮台镇埔仔社区居民委员会往前100米（206国道，粤龙混凝土公司隔壁）,,GD043,999
1027,茂名石化汽车服务有限公司汽车销售分公司,110.907458369,21.689992453,0668-2881268/3331268,茂名市红旗北路90号,0668-2881268,GD088,999
1675,茂名市粤迪汽车贸易有限公司,110.92277,21.637537,0668-3331080,广东省茂名市茂南大道28号的茂名市鑫珑车城,0668-3331060,GD088,999
1011,梅州市鸿彤汽车贸易有限公司,116.132148,24.340955,0753-2388138,梅州市梅江区月梅路91号,0753-2366178,GD028,999
1884,梅州市乾元新景汽车销售有限公司,115.694362,24.134101,0753-3290888,兴宁市兴田洋岗205国道侧（留福岭兴福加油站侧）,0753-3293666,GD028,999
1023,清远市友盈汽车销售服务有限公司,113.062302590,23.665453591,0763-6888882,清远市新城B28号区,0763-3666288,GD004,999
1676,清远锦昊城汽车销售服务有限公司,113.065885,23.6601,0763-3665186、0763-3665051,清远市107国道新城东B41号区众聚成汽车城内、远光电缆厂对面,0763-3665051,GD004,999
1701,汕尾锦虹汽车销售服务有限公司,115.370552,22.833625,0660-3417888,汕尾市城区海汕公路168号,0660-3417881,GD048,999
1559,韶关市锋得行汽车销售服务有限公司,113.592738,24.764689,0751-8292022,韶关市浈江区南郊四公里东侧（韶南大道北126号）,0751-8292022,GD012,999
996,深圳市龙南汽车贸易有限公司,114.044626489,22.699081935,0755-27999283/0755-27999293,深圳市宝安区龙华龙观大道清湖路口（机荷高速福民出口右侧）,0755-27999508,GD058,999
1001,深圳市湛宝实业发展有限公司,114.228317100,22.674463249,0755-89738666,深圳市龙岗区信义汽车城8号,0755-89738803,GD058,999
1004,深圳市东盛汽车销售服务有限公司,113.854867955,22.760934226,0755-81766182/0755-81766183,深圳市宝安区松岗镇107国道159号,0755-27096801,GD058,999
1005,深圳市三维都灵汽车销售服务有限公司,114.035887988,22.547948493,0755-83052170,深圳市福田区香蜜湖联合华鹏汽车交易场B3-2,0755-83052278,GD058,999
1015,深圳金环怡投资有限公司,113.873243955,22.605953371,0755-29730018,深圳市宝安区107国道固戍路口愉盛工业园10栋1号南,0755-29731018,GD058,999
1020,深圳市泽然浩商贸有限公司,114.271699,22.727377,0755-28241800/28241811,深圳市龙岗区深惠路5002号。,0755-28241799,GD058,999
1029,深圳市恒泰昌汽车销售服务有限公司,114.038602813,22.676117449,0755-81788886,深圳市宝安区龙华街道三联富联新村B区顺成发公司一楼A区,0755-28066168,GD058,999
1734,深圳市粤迪汽车贸易有限公司南山分公司,113.912652,22.554769,0755-26086300,深圳市南山区南头街道南头关口二路嘉进隆（安乐）汽车城A区A04-2号,0755-86053711,GD058,999
1827,深圳市盛世开元汽车销售有限公司龙岗区分公司,114.081601,22.649757,0755-89378878,深圳市龙岗区坂田街道吉华路466号新天下华赛工业区,,GD058,999
1787,阳江市江城区锋得行汽车销售服务有限公司,112.016438,21.885168,0662-3333366,广东省阳江市江城区十里桐古弯,0662-3333366,GD084,999
1864,云浮市盛世开元汽车销售有限公司,112.073369,22.957444,0766-8906686,云浮市云城区324国道过境公路稔塘村路段（北京现代4S店对面）,,GD079,999
1863,湛江市盛世开元汽车销售有限公司,110.383532,21.304428,0759-3301777,湛江市赤坎区振华（东盛）路7号海田国际车城,0759-3301222,GD093,999
1072,肇庆安迪通汽车服务有限公司,112.487999,23.095908,0758-2160599,肇庆市端州区迎宾大道北侧（田寮岗）商铺（即过境公路北侧，铁路疗养院西南的场地）,0758-2160599,GD072,999
1582,中山市三联汽车销售服务有限公司西区分公司,113.334647,22.578274,0760-88550083,中山市西区105国道隆昌村（中山雷克萨斯汽车销售侧）,0760-88556060,GD060,999
1677,中山市悦禾汽车销售服务有限公司,113.234296,22.652987,0760-22269922 ,中山市小榄镇菊城大道中86号商铺第1卡,0760-22280992 ,GD060,999
1016,珠海市航鑫有限公司,113.525010326,22.280209070,0756-8588095/8588096/6835216/6835217,珠海市梅华西路911号中立信展销中心,0756-8506900,GD059,999
1891,珠海市银河鑫隆汽车销售有限公司,113.50044,22.294349,0756-3801111,珠海市上冲名车城华威路117号,0756-3895871,GD059,999
1861,北海市盛世路骐汽车销售有限公司,109.169221,21.501792,0779-2290999,北海市海城区北部湾东路北海汽车交易市场内,0779-2290525,GX046,999
1885,崇左市盛世开元汽车销售有限公司,107.372305,22.416301,0771-7963588,崇左市江州区丽江路（崇左市丽江建筑工程公司旁）,,GX089,999
1057,桂林市乐丰汽车贸易有限公司,110.313943269,25.354874798,0773-2638822,广西灵川县八里街工业园区30-2A号地第1栋1-4号,0773-2638057,GX009,999
1828,桂林市乐丰汽车贸易有限公司秀峰分公司,,,0773-7993091,桂林市秀峰区甲山街道办事处唐家村委路口村（德恒物流园内）,,GX009,999
1722,柳州市迪翔汽车贸易有限公司,109.369911,24.313921,0772-8803666,广西壮族自治区柳州市柳南区广汽路9号,0772-8803353,GX022,999
1921,柳州市乾元新景汽车销售有限公司,,,0772-2119880,柳州市白露乡马厂村民委员会胜利西路双冲大桥北面桥头马厂村黄瓜岭,0772-2126520,GX022,999
1060,南宁佳之迪汽车销售有限公司,108.270512250,22.782410685,0771-4866590,广西壮族自治区南宁市江南区南站大道29号,0771-4866625,GX001,999
1860,南宁市盛世开元汽车销售有限公司,108.320397,22.884309,0771-3399229,南宁市北湖北路71号北湖国际汽车城四号汽车广场A3a-A13b、B3a-B13b商铺,0771-3399229,GX001,999
1829,梧州市盛世开元汽车销售有限公司,111.246859,23.474565,0774-6024242,梧州市长洲区三龙大道95号,0774-6026294,GX029,999
1967,玉林市锋得行汽车销售服务有限公司,110.285346,22.687333,0775-2295625,广西玉林市人民东路南侧（茂林镇陂石村段）玉林汽车新城4号展厅,,GX037,999
1075,毕节三瑞汽车销售服务有限公司,105.322944,27.294945,0857-8018887,贵州省毕节市双山新区“双山组团产业园区”,0857-8018887,GZ028,999
1064,贵州乾骏汽车销售服务有限公司,106.689660332,26.535287668,0851-3811333,贵州省贵阳市花溪大道中段四方河路59号,0851-3810320-8888,GZ001,999
1065,贵州长峰汽车销售服务有限公司,106.685837454,26.532318377,0851-83816999,贵州省贵阳市白云区白云北路麦架工业园,0851-83817455,GZ001,999
1069,贵州福利汽车销售服务有限公司,106.742779,26.573916,0851-86752555,贵州省贵阳市南明区机场路汤家坡7号,0851-83715267,GZ001,999
1066,贵州省凯里中惠贸易有限公司,107.983625574,26.571190682,0855-8067087,凯里市经济开发区经纬汽车城,0855-8061978,GZ046,999
1869,都匀市盛世开元汽车销售有限公司,107.520788,26.317176,0854-8751888,贵州省黔南布依族苗族自治州都匀市斗篷山路八中入口处,0854-8751888,GZ047,999
1868,贵州林辉汽车销售服务有限公司,104.866529,25.128283,0859-3813388,贵州省兴义市坪东大道延伸段木贾物流园,0859-3818661,GZ048,999
1070,遵义一木贸易有限责任公司,106.902667926,27.655372700,0851-28426365,遵义市汇川区汽车商贸城（汇川区董公寺镇和平村）,0852-8428255,GZ009,999
1944,贵州航天实业有限公司汽车服务分公司,106.958147,27.723098,0851-28612248,贵州省遵义市汇川区航天工业园区（东联线D栋门面3号附6号）,0851-28612308,GZ009,999
1151,海口翔迪汽车服务有限公司,110.325964698,20.000663344,0898-31359988,海口市南海大道100号美国工业村内（展厅为北侧由东向西第29格至37格钢结构厂房，售后为标准第2号厂房）,0898-31359901,HAIN001,999
1162,海口翔飞汽车贸易有限公司,110.283087160,20.002529109,0898-31999777/0898-68625577,海口市南海大道228号海南汽车大世界A2铺面,0898-31977757,HAIN001,999
1811,三亚翔合汽车贸易有限公司,109.574423,18.292113,0898-38269777,海南省三亚市迎宾路警备区红土坎海防营东侧,0898-38213715,HAIN018,999
1077,保定市顺捷物资贸易有限公司,115.501051183,38.888143936,0312-3036666,保定市高开区创业路与向阳北大街交叉口北行100米,0312-5939266,HEIB065,999
1095,保定市天地人合汽车销售服务有限公司,115.515426901,38.835540726,0312-5918588,保定市长城南大街1485号,0312-5918703,HEIB065,999
1106,涿州中煤华谊汽车销售服务有限公司,115.974250662,39.490952067,0312-3684888,河北省涿州市范阳西路17号,0312-8404985,HEIB067,999
1732,定州市汇盛汽车贸易有限公司,114.922378,38.557248,0312-2102777,定州市唐河循环经济产业园庞大汽贸园3#店,0312-2102333,HEIB065,999
1078,沧州市骏驰汽车销售有限公司,116.556610276,38.176202338,0317-3091111/0317-5639885,沧州市开发区石港路12号,0317-3091933,HEIB088,999
1950,任丘市盛世开元汽车销售有限公司,116.087218,38.724497,0317-5593100,任丘市西环路106国道西侧交警队对面,,HEIB088,999
1085,承德市开发区源泉汽车贸易有限公司,117.965905123,40.936861193,0314-2378552/0314-2378553,承德市开发区九华山京承路西侧,0314-2379878,HEIB033,999
1103,邯郸市福达汽车贸易有限公司,114.567679,36.662445,0310-5908686,邯郸市经济开发区新区时代物流城204A展厅（和谐大街与邯临公路交叉口西北角）,0310-8067575,HEIB132,999
1735,河北兴迪汽车销售有限公司,114.266073,36.687249,0310-7890888,武安市曹公泉工业园区（东二环邯武国际汽车城）,0310-5684488,HEIB132,999
1919,邯郸市晟迪汽车销售服务有限公司,114.495795,36.66341,0310-8086188,河北省邯郸市丛台区北环路西段北侧（荣汇汽车城东区东侧1号展厅）,,HEIB132,999
1865,衡水鑫和世家汽贸有限公司,115.711854,37.774398,0318-2631818,衡水市桃城区北外环（衡水市北外环东路596号亨源汽贸城）,,HEIB103,999
1098,霸州市鑫时利汽车销售有限公司,116.397596005,39.097872575,0316-7113000,霸州市106国道长途汽车站南800米路东,0316-7237776,HEIB057,999
1870,三河市盛世新景汽车销售有限公司,116.980952,39.9706,0316-3088066,河北省廊坊市三河市京哈路北，李木耳村南（102国道）北侧，门牌号173,,HEIB056,999
1691,廊坊市瑞崇汽车销售有限公司,116.759891,39.49884,0316-2039992,河北省廊坊市广阳区104国道彭庄西口,0316-2039992,HEIB056,999
1108,秦皇岛机电比亚迪汽车销售服务有限公司,119.642117,39.973824,0335-5325333,秦皇岛市海港区东港路492号,0335-5828603,HEIB042,999
1084,河北同驰汽车贸易有限公司,114.555367337,38.077552039,0311-87716678,石家庄市北二环东路国际汽贸园,0311-85675266,HEIB001,999
1088,河北习实康鑫汽车贸易有限公司,114.535649438,38.085568971,0311-87322126,河北省石家庄市长安区北二环东路43号,0311-87322112,HEIB001,999
1862,石家庄乾恒汽车销售有限公司,114.556644,37.987832,0311-85248881,河北省石家庄市裕华区石栾路105号,,HEIB001,999
1104,唐山市金利海汽车销售有限公司,118.206418089,39.657989298,0315-5929555/5929777,唐山市路北区建华东道18号,0315-5916116,HEIB047,999
1546,唐山环耀汽车销售服务有限公司,118.26268,39.629647,0315-2969999,唐山市开平区越河乡罗各庄村,0315-2981999,HEIB047,999
1951,遵化市乾元新景汽车销售有限公司,117.959843,40.146739,暂无,河北省遵化市西留村乡白方寺村东112线西侧,暂无,HEIB047,999
1080,邢台和信汽车贸易有限公司,114.490316171,37.077640075,0319-3216777,河北省邢台市桥东区龙岗大街汽车城内,0319-5257000,HEIB114,999
1083,河北三行汽车贸易股份有限公司,114.514887637,37.131597263,0319-3656266,河北省邢台市龙岗大街与永安路交叉口西北角,0319-3656202,HEIB114,999
1096,邢台大丰汽车有限公司,114.489930118,37.078292205,0319-3901999,河北省邢台市龙岗大街汽车园二区33号,0319-3900919,HEIB114,999
1092,张家口市贵宾汽贸汽修有限公司,114.919975447,40.749789118,0313-4088111,张家口市胜利南路36号,0313-4085151,HEIB019,999
1132,安阳市华伟汽车销售服务有限公司,114.354192,36.07808,0372-2127788,安阳市文昌大道西段路南,0372-2119866,HEIN043,999
1849,安阳乾博源汽车销售服务有限公司,114.420267,36.057734,0372-2999006,安阳市文峰区光明路与长江大道交叉口豫北汽车城院内,0372-2999006,HEIN043,999
1758,焦作市乾博源物资有限责任公司济源分公司,112.642157,35.093599,0391-6608166,河南省济源市新济路交警支队西200米路南,0391-6608144,HEIN024,999
1114,焦作市共城汽车销售服务有限公司,113.264702957,35.192443332,0391-8862222,河南省焦作市山阳区塔南路六运对面,0391-8862115,HEIN024,999
1120,河南天时汽车销售服务有限公司开封分公司,114.312305076,34.829698719,0371-22735555,开封市汴西新区魏都路155号（金明大道与魏都路交叉口向西500路南）,0371-22735556,HEIN055,999
1639,洛阳陆行汽车销售服务有限公司,112.531262296,34.728903426,0379-63761086,洛阳市洛龙区龙门大道大杨树路口南70米路西,0379-63761076,HEIN014,999
1912,洛阳茂迪汽车销售有限公司,,,0379-60630555,洛阳市老城邙山镇望朝岭北,,HEIN014,999
1123,漯河市华润汽车销售服务有限公司,114.018075242,33.560375238,0395-5890169,漯河市工业园区汽车城,0395-5901966,HEIN075,999
1144,漯河市诚达汽车销售服务有限公司,114.068303925,33.598258282,0395-3228888,漯河市源汇区桂江西路与名车大道交叉口东南角,0395-3376000,HEIN075,999
1113,南阳启成汽车销售有限公司,112.527592783,33.039020763,0377-63292898,南阳市信臣路与北京路交叉口向东2公里路南（热电厂东邻）,0377-62223958,HEIN086,999
1130,南阳盛元汽车销售有限公司,112.574540905,33.036346328,0377-62200999,南阳市312国道与独山大道交叉口向东300米(路南),0377-62200777,HEIN086,999
1561,邓州永成商贸有限公司,112.140992,32.706832,0377-62956888,邓州市七里店湍河桥东600米路北,0377-62956555,HEIN086,999
1133,平顶山市迪升汽车贸易服务有限公司,113.379822559,33.740431848,0375-7102691,平顶山市卫东区建设路东段鸿鹰小区加油站对面,0375-7102652,HEIN079,999
1905,平顶山市博悦汽车销售服务有限公司,113.440042,33.736095,0375-3981111,平顶山市建设路与许南路交叉口向东300米路北东方驾校院内6号,0375-4859906,HEIN079,999
1115,濮阳市利天汽车销售服务有限公司,115.127327439,35.785053666,0393-8807666,河南省濮阳市华龙区106国道与苏北路交叉口,0393-8807885,HEIN049,999
1610,灵宝卓昕汽车服务有限公司,110.866479,34.537907,0398-2895168,灵宝市长青汽车商贸城,0398-2891126,HEIN008,999
1124,商丘市隆兴汽车销售有限公司,115.611841342,34.444520953,0370-2228833,商丘市梁园区锦绣路与车城大道交叉口路北,0370-2228862,HEIN061,999
1609,永城市春雷汽车销售有限公司,116.429625,33.894844,0370-5770600,河南省永城市新城永城汽车城南大门,0370-2228862,HEIN061,999
1918,商丘市乾元新景汽车销售有限公司,115.709245,34.403841,0370-3070866,北海路与星林路交叉口,,HEIN061,999
1786,新乡市新迪汽车销售服务有限公司,113.901478785,35.264611048,0373―5073666,河南省新乡市卫滨区南环路与振中路交叉口东南角,0373―3839110,HEIN031,999
1895,辉县市天成圆汽车贸易有限公司,113.830146,35.448185,0373-5275111,辉县市孟庄镇段屯卫柿路南,,HEIN031,999
1131,信阳锐达汽车销售服务有限公司,114.083104511,32.169767383,0376-3809638,信阳工业城迎宾大道航天车辆厂东隔壁,0376-3809876,HEIN098,999
1768,信阳昱达新能源汽车销售有限公司,114.139286,32.131502,0376-3807777,河南省信阳市平桥区银钱村312国道南侧,0376-3807666,HEIN098,999
1111,许昌市恒力汽车销售服务有限公司,113.849382117,34.077374688,0374-2526666,许昌市梨园转盘向东500米路南（京港澳高速南口）,0374-2525809,HEIN069,999
1620,禹州市淇虹汽车销售服务有限公司,113.476973,34.142232,0374-2766777,禹州市夏都办事处阳翟大道中段路南,0374-8256188,HEIN069,999
1759,许昌维利特汽车销售服务有限公司,113.810738,34.009314,0374-2299966,许昌市许由路与工农路交叉口向西150米路南,0374-2299959,HEIN069,999
1631,河南天泽新能源汽车有限公司,113.678922,34.634812,0371-56566868,新郑市龙湖镇107国道西侧小刘桥北,0371-56565976,HEIN001,999
1636,河南宇鼎缘汽车销售服务有限公司,113.530437,34.720722,0371-67607111,郑州市二七区工业路北、规划路东8号,0371-67607880,HEIN001,999
1652,河南省荣光汽车贸易有限公司,113.682255,34.848886,0371-65338888/63291888,郑州市花园路与龙门路交叉口向西120米北（瑞丰编织袋厂院内）,0371-63291111,HEIN001,999
1747,河南新利天汽车销售有限公司,113.600238,34.791491,0371-55501122,河南省郑州市中原区化工路与西环路交叉口向北1000米路西,0371-86073272,HEIN001,999
1981,河南迪汇新能源汽车销售服务有限公司,113.796968,34.744159,0371-53391668,河南自贸试验区郑州片区（郑东）商都路南博学路西风神汽车园南门向北50米路东首家,,HEIN001,999
1140,周口弘祥汽车销售服务有限公司,114.692980048,33.655004323,0394-8565888,周口市川江区北环路东段,0394-8565688,HEIN107,999
1128,驻马店市东方汽车贸易服务有限公司,114.063577825,33.017351323,0396-2186888,驻马店市开源大道东段（市车管所东侧）,0396-3808956,HEIN117,999
1155,黑龙江宏达旭龙汽车销售服务有限公司,126.757906692,45.781160004,0451-84337777,黑龙江省哈尔滨市道外区先峰路7号,0451-82826078,HLJ001,999
1157,哈尔滨市宏达嘉龙汽车销售维修服务有限公司,126.755599770,45.780636782,0451-87830666,哈尔滨市道外区先锋路9号,0451-82412060,HLJ001,999
1707,哈尔滨天盛达汽车销售有限公司,126.584997,45.730214,0451-84303500,哈尔滨市道里区城乡路130号,0451-84347422,HLJ001,999
1742,佳木斯华驰汽车销售服务有限公司,130.362908027,46.795242364,0454-8289888,佳木斯市向阳区胜利路388号,0454-8289817,HLJ042,999
1153,牡丹江市震飞汽车交易市场有限公司,129.601630060,44.563527836,0453-6437000,牡丹江市光华街64号,0453-6444700,HLJ061,999
1161,齐齐哈尔龙港汽车销售有限公司,124.073884,47.349075,0452-8888308,齐齐哈尔市铁锋区联通大道305号,0452-2743999,HLJ014,999
1583,齐齐哈尔粤华远通汽车销售有限公司,123.939189,47.312485,0452-6033681/6033683,齐齐哈尔市高新技术开发区鹤城路1号,0452-6033692,HLJ014,999
1158,绥化昌隆汽车销售服务有限公司,126.981980116,46.585337321,0455-8299999,绥化市经济开发区中小企业园区,0455-8201666,HLJ068,999
1185,湖北天门立天汽车商贸有限公司,113.190321,30.607556,0728-5341111,天门市小板镇金科村,0728-5343333,HUB066,999
1183,恩施自治州施南汽车销售服务有限公司,109.487184,30.333871,0718-8410699,恩施市施州大道372号,0718-8418850,HUB070,999
1175,黄冈驰恒汽车销售服务有限公司,114.962021204,30.446560402,0713-8349800,黄冈市黄州区南湖农场柞舟山,0713-8349818,HUB027,999
1171,湖北正旺汽车销售服务有限公司,115.032211,30.141804,0714-6349999,湖北省黄石市经济技术开发区黄金山科技园大棋路比亚迪4S店,0714-6528386,HUB038,999
1575,荆门市常发汽车服务有限公司月亮湖分公司,112.248948,31.050657,0724-2222333/0724-2238456,荆门高新区掇刀区月亮湖路89号,0724-2444918,HUB016,999
1987,十堰市凌恒工贸有限公司,110.766269241,32.659496866,0719-8880078,湖北省十堰市长岭国际汽车城（十堰市郧县长岭新区汉江大道东侧、陡坡河口与鹰卧沟口之间）,0719-8525768,HUB002,999
1174,随州市润发汽车销售服务有限公司,113.384331132,31.736614641,0722-3315931,随州市曾都区经济开发区星光社区烟化路,0722-3314856,HUB063,999
1164,武汉市惠誉汽车销售服务有限公司,114.207145315,30.550183169,027-84662946/027-84667848,武汉市汉阳区龙阳大道136号,027-84874762,HUB001,999
1165,武汉国瑞汽车销售服务有限公司,114.288465912,30.635939215,027-65660800,江岸区黄浦科技园特10号,027-65660783,HUB001,999
1172,武汉精华龙康汽车销售服务有限公司,114.415079822,30.624631584,027-86356996,武汉市洪山区友谊大道888号（现代花园旁）,027-86388155,HUB001,999
1736,武汉市东瑞汽车销售服务有限公司,114.263867,30.431168,027-86737177,武汉市洪山区青菱街红霞村（白沙洲大道9号）,027-86737177,HUB001,999
1899,武汉市盛世王朝汽车销售有限公司东西湖区分公司,114.178124,30.678668,027-59313188,武汉市东西湖区金银湖街环湖中路东，田园东路北A2栋1层2室,,HUB001,999
1900,咸宁市盛世开元汽车销售有限公司,114.32249,29.891186,0715-8906668,咸宁市桂乡大道8号鄂南新华印刷厂一层仓库,,HUB071,999
1780,湖北新星德胜汽车服务有限公司,112.218417,32.17528,0710-2398699,襄阳北高速口光彩国际汽车城,0710-2398695,HUB009,999
1871,襄阳市盛世开元汽车销售有限公司,112.258525,32.124066,0710-2399777,襄阳市高新技术产业开发区深圳工业园苏州大道1号,0710-2399776,HUB009,999
1708,孝感市恒迪汽车销售服务有限公司,113.982678,30.896052,0712-2512333,湖北省孝感市孝南区状路289号,0712-2512333,HUB020,999
1170,宜昌市华健汽车销售服务有限责任公司,111.333250382,30.674366052,0717-6356969,宜昌市东山大道360号,0717-6335010,HUB054,999
1182,宜昌安蓝汽车销售有限公司,111.367915,30.66485,0717-6356555,宜昌市城东大道火光村九组（距火车东站900米）,0717-6915007,HUB054,999
1960,宜昌市华晟汽车销售服务有限责任公司,111.436205,30.553146,0717-6567733,宜昌市V亭区先锋路,0717-6523529,HUB054,999
1605,长沙市金旋风汽车贸易有限公司,113.072225567,28.242355862,0731-82874588,长沙市经济技术开发区中南汽车世界4S店区H10栋,0731-82874628,HUN004,999
1199,湖南星一汽车销售服务有限公司,113.072296108,28.241584709,0731-84072068,长沙市中南汽车世界H09号东面,0731-84072078,HUN004,999
1214,湖南鑫源汽车销售有限公司,113.069927,28.238647,0731-84089888,长沙经济技术开发区中南汽车世界P14栋,0731-84931188,HUN004,999
1798,长沙市路骐汽车销售有限公司高新区分公司,112.86306,28.213451,0731-88595988,长沙市高新开发区嘉运路69号,,HUN004,999
1946,湖南新跃通汽车贸易有限公司,112.998876,28.094978,0731-84866888,长沙市天心区雀园东路比亚迪4S店,,HUN004,999
1852,常德金旋风鑫迪汽车销售服务有限公司,111.680678,29.075582,0736-7766688,湖南省常德市武陵区南坪街道办事处根潭村9组（常德湘西北汽贸城）,0736-7810502,HUN009,999
1189,郴州市得信经贸有限责任公司,113.021304673,25.818109894,0735-2173311,湖南省郴州市开发区107国道边1952公里处,0735-2173379,HUN047,999
1209,郴州悦迪汽车贸易有限公司,113.041131596,25.779593642,0735-2273099,湖南省郴州市五岭大道延伸段,0735-2273133,HUN047,999
1187,衡阳市中意汽车服务有限公司,112.581118261,26.879427116,0734-8588689,衡阳市蒸湘区西外环路原杨柳收费站旁,0734-8368529,HUN039,999
1812,怀化市路骐汽车销售有限公司,110.005575,27.5265,0745-7868555,湖南省怀化市鹤城区南环路国际汽车城内灿星国际大厦一楼,,HUN077,999
1207,娄底市宝顺汽贸有限公司,111.987446939,27.702500929,0738-8764888,湖南省娄底市娄星区娄湘公路北侧大方工业区1901号,0738-8766878,HUN089,999
1206,湘潭市九迪汽车销售服务有限公司,112.944361455,27.930830556,0731-52728888,湘潭市九华示范区湘望路7号,0731-52329329,HUN035,999
1947,永州香河旺达汽车销售有限公司,111.641934,26.298743,0746-8828666,永州市零陵区永州潇湘汽车城,,HUN057,999
1190,岳阳市广标汽车服务有限公司,113.180844500,29.376247137,0730-8639999,岳阳市巴陵东路八字门,0730-8838016,HUN022,999
1202,株洲市奇迹实业有限责任公司,113.165128991,27.870088210,0731-22596666,株洲市红旗中路518路,0731-22596699,HUN029,999
1221,白山市城东名车销售服务有限公司,126.438453071,41.963054482,0439-3355177,白山市北安大街288号,0439-3327798,JL036,999
1219,长春兴盛汽车销售有限公司,125.262715887,43.823824937,0431-81153188,吉林省长春市高新开发区硅谷大街3366号,0431-81153138,JL001,999
1223,吉林省恒亚汽车销售服务有限公司,125.401118,43.884173,0431-81318755,吉林省长春市高新开发区光谷大街1398号,0431-81318758,JL001,999
1224,吉林市平远汽车经销有限公司,126.568948,43.804891,0432-63344666,吉林市高新区吉丰东路22号,0432-63344556,JL005,999
1642,四平市博成汽车销售服务有限公司,124.45907,43.144893,0434-2272888,四平经济开发区大路4117号,0434-7777113,JL022,999
1776,松原市凯福顺通汽车销售服务有限公司,124.878801,45.097916,0438-3030666/0438-5088333,前郭县开发区成吉思汗大街,0438-2572345,JL015,999
1625,延吉嘉航汽车销售服务有限公司,129.579151442,42.904783946,0433-5087777,延吉市人民路国电龙华热电厂斜对面（人民路东段南侧）,0433-5017733,JL051,999
1245,常州长安铃木汽车销售有限公司,119.996770820,31.762913254,0519-88824938,常州市劳动中路1号,0519-88814379,JS056,999
1822,常州市盛世新景汽车销售有限公司,119.940235,31.863201,0519-80999399,常州市新北区薛家镇顺园路88-20号,0532-80998399,JS056,999
1897,淮安市盛世路骐汽车销售有限公司,119.060982,33.623321,0517-89900666,淮安市淮阴区黄河东路178号,0517-89900031,JS021,999
1243,连云港市苍梧汽车销售有限公司,119.198399740,34.633690345,0518-81189999,连云港市新浦区解放东路265号,0518-86071916,JS011,999
1756,江苏雨田都灵汽车销售服务有限公司,118.807318,31.992394,025-86916811,南京市秦淮区大明路178号,025-86916805,JS001,999
1694,江苏恒佳新能源汽车销售服务有限公司,118.878086,31.988381,025-86111918,南京市江宁区东山街道东山工业园丰泽路18号,025-86111928,JS001,999
1823,南京盛世新景汽车销售有限公司,119.023639,31.690622,,南京溧水经济开发区汽车4S园,,JS001,999
1585,锐豪南通汽车销售服务有限公司,120.824422,32.037018,0513-85600018,南通市城港路57号,0513-85600515,JS045,999
1230,张家港市全顺汽车销售服务有限公司,120.588511173,31.873637839,0512-58180998,张家港市东南大道经济开发区汽车城,0512-58686862,JS068,999
1241,昆山市仁合新能源汽车销售有限公司,121.064258899,31.368936834,0512-50368000,昆山市开发区东城大道126号,0512-50368966,JS065,999
1247,张家港泰丰汽车销售服务有限公司,120.575819806,31.837309782,0512-58163000,张家港市经济开发区东区大道,0512-56951790,JS068,999
1253,吴江日升汽车销售服务有限公司,120.713325519,31.183615217,0512-82870111,江苏省吴江市震泽镇齐心村18组,0512-82870267,JS064,999
1257,苏州元生新能源汽车销售服务有限公司,120.562801,31.327915,0512-66366600,苏州市高新区御风路2号,0512-68717003,JS063,999
1963,苏州市乾元新景汽车销售有限公司,120.619747,31.418564,0512-66835551,苏州市相城区元和街道太阳路2988号,0512-66830087,JS063,999
1898,宿迁金亿汽车销售服务有限公司,,,0527-84501818,红海路南延段西厦门路北2#,0527-84501818,JS016,999
1872,泰州市三泰汽车贸易有限公司,119.942134842,32.502639998,0523-86668118,4S店地址：泰州市鹏举路西侧,0523-86652212,JS040,999
1249,泰州大亚汽车销售服务有限公司,119.959412706,32.510843893,0523-80982222,328国道泰东镇镇政府东侧,0523-80982277,JS040,999
1643,泰州市圣新能源汽车销售服务有限公司,120.003526,32.193113,0523-82555666,泰兴市江平北路42号,0523-82918002,JS042,999
1653,无锡市越迪汽车销售有限公司,120.302956,31.531589,0510-82210066,无锡市南长区扬名镇苏锡路329号南,0510-81080391,JS060,999
1681,徐州平迪汽车销售服务有限公司,117.231148,34.242708,0516-87792888,徐州市三环东路鞋城二期第十至十五跨,0516-83203213,JS004,999
1228,盐城市洪兆连汽车贸易有限公司,120.161834482,33.381856286,0515-88239111/0515-88291666,江苏省盐城市开放大道668号,0515-88236809,JS026,999
1597,扬州新大华汽车销售服务有限公司,119.395513,32.450014,0514-87658198,江苏省扬州市扬子江北路1099号,0514-87652329,JS035,999
1264,赣州众和汽车销售服务有限公司,114.893256,25.85162,0797-8308999,赣州经济技术开发迎宾大道南侧金潭路西侧,0797-8308899,JX029,999
1272,赣州聚缘汽车销售服务有限公司,114.922062374,25.840967409,0797-8380531,赣州国际汽车城叁号钢棚区第14号-17号,0797-8308801,JX029,999
1737,吉安广合缘汽车销售服务有限公司,114.932875,27.033998,0796-8401688,吉安县合丰汽车城,0796-8401688,JX082,999
1916,景德镇市盛世新景汽车销售有限公司,,,0798-2756868,江西省景德镇市通福实业有限公司园区原大众4S店，原烤漆车间,,JX086,999
1911,九江市盛世开元汽车销售有限公司,115.977635,29.681142,0792-2121688,江西省九江市庐山区前进西路328号,,JX006,999
1258,江西省鸿运汽车有限公司,115.930291135,28.698397514,0791-88512666,江西省南昌市青山湖区民安路138号,0791-8505353,JX001,999
1825,南昌市新融城商贸有限公司,115.915429,28.599532,0791-86801313,江西省南昌市迎宾中大道998号,0791-86801313,JX001,999
1266,上饶市为华汽车销售服务有限公司,117.907667997,28.462117412,0793-8666789,上饶市经济开发区三清山西大道58号,0793-8666656,JX047,999
1263,新余市金联货运工贸有限公司,114.952151520,27.845997705,0790-6660628,新余市仙女湖物流园,0790-6660826,JX023,999
1270,宜春年富汽车贸易有限公司,115.438305254,28.465913698,0795-5297777,江西省高安市新世纪工业城,0795-5297775,JX070,999
1280,鞍山安迪汽车销售服务有限公司,122.954184433,41.167192255,0412-8888811,辽宁省鞍山市达道湾镇工业园区C-16-1,0412-2284999,LL031,999
1287,鞍山众迪汽车销售服务有限公司,122.936049544,41.109043224,0412-5878555,千山区建设大道592号,0412-5878555转801,LL031,999
1777,辽宁英汇汽车贸易有限公司,123.782086,41.332789,024-42222666,辽宁省本溪市溪湖区溪湖路顺山峪中二道街20栋,024-45839566,LL025,999
1278,朝阳车世界汽车销售维修服务有限公司,120.439734590,41.604538617,0421-3991111,朝阳县柳城镇郭家村19C号（4S店地址）,0421-3812123,LL006,999
1275,大连龙威汽车贸易有限公司,121.596595671,39.012254265,0411-86540999,大连市甘井子区华北路441号,0411-86503777,LL039,999
1292,瓦房店市新世纪汽车修配有限公司,121.945054829,39.598399706,0411-85393456,辽宁省瓦房店市九龙街道办事处吴店村,0411-85397999,LL040,999
1833,大连市盛世开元汽车销售有限公司,121.84475,39.051355,0411-87563899,大连市保税区护港北一路15号,,LL039,999
1841,丹东市乾元新景汽车销售有限公司,124.346638,40.13488,0415-6182220,丹东市振兴区花园路91-2号,,LL035,999
1771,葫芦岛鑫恒源贸易有限公司,120.805878,40.732578,0429-2299900/2298811,葫芦岛龙港区高新六路2-1号,0429-2601777,LL055,999
1279,锦州盛龙汽车销售服务有限公司,121.148070906,41.089295960,0416-4104444/0416-4105555,锦州市太和区果树农场刘北村399号,0416-4102999,LL050,999
1296,辽阳兴旗汽车销售服务有限公司,123.14362,41.263605,0419-3860555,辽阳市太子河区胜利路,0419-2394933,LL028,999
1887,盘锦盛世开元汽车销售有限公司,122.053114,41.161371,0427-3799966,盘锦市兴隆台区工业街64号,,LL047,999
1273,辽宁兴旗汽车销售服务有限公司,123.393852728,41.808535196,024-25113838,沈阳市铁西区北二东路18(原东风标致店),024-25134360,LL001,999
1283,沈阳美驰虎汽车销售服务有限公司,123.303889314,41.787550793,024-25367666/024-25819022,沈阳市于洪区沈新路128号,024-25812922/024-25810433,LL001,999
1289,辽宁兴锐汽车销售服务有限公司,123.530623592,41.817977117,024-88420999,沈阳市东陵区东陵路14号,024-88458629,LL001,999
1294,铁岭市顺峰(集团)顺鑫汽车销售服务有限公司,123.838542645,42.274764236,024-74988800/024-74988808,辽宁省铁岭市经济开发区机动车交易市场园区长江东路11号,0410-2660127,LL015,999
1282,营口天福新迪汽车销售有限公司,122.281450699,40.665503978,0417-6688177/0417-6688188,辽宁省营口市站前区沈营路9号,0417-6688133,LL044,999
1299,包头市华迪汽车销售服务有限责任公司,109.960683701,40.655374515,0472-3139088/0472-3139098,包头市青山区乌素图110国道664公里处,0472-3139081,NMG007,999
1302,包头市福迪汽车贸易有限公司,109.877197547,40.650424300,0472-5175100/0472-5175600,包头市青山区友谊大街33号,0472-5170608,NMG007,999
1301,赤峰金基摩托车销售有限公司,118.929409833,42.335073526,0476-5970555,内蒙古赤峰市红山物流园区外贸区,0476-8773228,NMG012,999
1669,赤峰百恩商贸有限责任公司,118.938199,42.328362,0476-5951717,赤峰市桥北红山物流园区,0476-5951515,NMG012,999
1586,鄂尔多斯市东胜区福邦汽车商贸有限责任公司,110.127269715,39.789972231,0477-8120999,内蒙古鄂尔多斯市东胜区铜川汽车工业博览园,0477-8120954,NMG043,999
1306,内蒙古长青汽车贸易有限公司,111.625123671,40.831101770,0471-5280111,内蒙古呼和浩特市回民区海西路166号,0471-5280122,NMG001,999
1317,内蒙古恒泰翔汽车销售服务有限公司,111.626269957,40.831511912,0471-3691555,呼和浩特市回民区海拉尔西街219号京源港国际汽配城1号楼3号商铺,0471-6655880,NMG001,999
1303,通辽市九赢车辆销售有限责任公司,122.291591439,43.618604242,0475-2735099,内蒙古自治区通辽市经济技术开发区创业大道以东兴工大街以北交汇处,0475-6395995,NMG022,999
1311,乌海市嘉航汽车销售有限公司,106.847982,39.707698,0473-2081117,乌海市海渤湾区林荫大道与沃野路交汇处,0473-2085557,NMG011,999
1858,乌兰察布市盛世新景汽车销售有限公司,113.126848,40.93703,0474-2251991,察右前旗平地泉镇新208国道西平苏路北众信贸易院内14号店,0474-2251991,NMG060,999
1307,锡林郭勒盟博杰商贸有限公司,116.017468,43.941867,15047180299,锡林浩特市开发区二连路（火车站北1000米）,0479-8219999,NMG058,999
1314,兴安盟世源汽车贸易有限公司,121.994134,46.070022,0482-8225177,内蒙古兴安盟科右前旗科尔沁镇天骄路东归化路北,0482-8395167,NMG051,999
1799,固原盛世开元汽车销售有限公司,106.233733,36.03581,0954-3964888,宁夏固原经济开发区圆德慈善产业园,,LX010,999
1682,宁夏吴忠市宁北鑫迪汽车销售有限公司,106.227982,38.009637,0953-2917788/2918899,吴忠市国际汽车城（利华街以东、世纪大厦以北的24号地块）,0953-2229965,LX009,999
1318,宁夏银迪汽车销售有限公司,106.319866602,38.527812040,0951-6910198,宁夏银川市德胜园区,0951-6910199,LX001,999
1320,青海亚通汽车销售服务有限公司,101.874032232,36.571551234,0971-8868099,西宁市城东区经济技术开发区全和路7号,0971-8818099,QH008,999
1554,西宁金岛晟盈汽车销售有限公司,101.86699,36.574599,0971-8823238,西宁市城东区经济技术开发区昆仑东路6号,0971-8820873,QH008,999
1935,西宁市乾元新景汽车销售有限公司,101.670034,36.536649,暂无,西宁市城中区同安路156号,,QH008,999
1358,滨州市昌华汽车销售服务有限公司,118.008531202,37.449174556,0543-3355345,山东省滨州市渤海五路黄河十八路向北200米路东侧）,0543-3350880,SD093,999
1684,山东滨州昌远汽车销售有限公司,117.525009,37.494485,0543-5054666,山东省滨州市惠民县孙武街道办事处（鲁北大街10号）,0543-3350880,SD001,999
1901,齐河顺祺汽车贸易有限公司,,,0534-5509888,山东德州齐河经济开发区高速路东侧国道308北,0534-5609617,SD014,999
1788,东营齐胜汽车销售有限公司,118.430461,37.486488,0546-6368308,山东省东营市垦利县西郊现代服务区（东营市北二路31号）,0546-7755099,SD025,999
1654,菏泽润众汽车工业科技有限公司,115.56635,35.271973,0530-5151556,菏泽市黄河东路688号荷建工业园,0530-5151266,SD100,999
1813,郓城润迪汽车销售有限公司,115.918358,35.574153,0530-6585868,山东省菏泽市郓城县蒋庙灯塔南300米路西,0530-5151266,SD100,999
1566,济南乾城汽车贸易有限公司,117.115988,36.687621,0531-88808555,济南市高新区奥体西路北段路东大辛河西展厅,0531-88808555,SD001,999
1685,济南乾盛汽车销售有限公司,116.941343,36.662961,0531-66695828,济南市槐荫区经六路898号,0531-66695821,SD001,999
1902,济南盛世开元汽车销售有限公司,116.867886,36.651794,0531-58627766,山东省济南市槐荫区经十西路2100号东展厅,,SD001,999
1373,济宁交运聚丰汽车销售服务有限公司,116.601100828,35.397435231,0537-3162233,山东省济宁市火车站西路18-20号,0537-3158899,SD076,999
1725,邹城润泰汽车销售服务有限公司,116.981411,35.445186,0537-5518088,邹城鲁南汽车城院内济宁世纪展厅,0537-5518088,SD076,999
1359,聊城市同辉汽车销售有限公司,116.038074935,36.485453275,0635-8529918/0635-8529919,山东省聊城市光岳路北段路东汽车产业园内,0635-8529920,SD006,999
1363,临沂世鼎商贸有限公司,118.319543845,35.104913717,0539-7160699,山东省临沂市蒙山大道北段鲁南汽车城,0539-8020077,SD064,999
1404,临沂瑞鼎汽车销售服务有限公司,118.297428710,35.022575337,0539-5637369,临沂市罗庄区湖东路与沂河路交汇处西南角,0539-5635567,SD064,999
1831,沂水世通汽车销售服务有限公司,118.653077,35.81488,0539―2507977,山东省临沂市沂水县长安村长安北路东侧,0539-2507978,SD064,999
1383,青岛蓝天远景汽车销售服务有限公司,120.443495057,36.356580991,0532-88561112/86652289,山东省即墨市烟青路61号乙,0532-86659932,SD055,999
1389,青岛仕通达汽车销售服务有限公司,120.178618558,36.018023998,0532-86105777,山东省青岛市经济技术开发区江山中路118号,0532-84461888,SD055,999
1390,青岛明梓东昱汽车销售服务有限公司,119.976998010,35.886834669,0532-82176888,黄岛区铁橛山路与嘉富路交汇处,0532-86613756,SD059,999
1801,青岛市盛世路骐汽车销售有限公司,120.417412,36.090507,0532-80999399,山东省青岛市南区银川西路20号3栋1单元负一层01,0532-80998399,SD055,999
1814,青岛迪泰汽车销售服务有限公司,120.076134,36.299037,0532-87291567,山东省青岛市胶州市兰州东路399号,0532-87291586,SD055,999
1952,山东国恒汽车贸易有限公司,,,0633-3888887,山东省日照市南昌路以东,,SD061,999
1403,山东震德汽车销售有限公司,117.040189024,36.161079998,0538-8577776,泰安市泰山青春创业开发区（国际汽车城）,0538-8575989,SD087,999
1369,威海市正安汽车销售有限公司,122.167447091,37.397956569,0631-5984777/0631-5918777,威海市青岛南路凯美瑞旁,0631-5977811,SD051,999
1364,潍坊金茂盛汽车销售服务有限公司,119.188860513,36.764478139,0536-7360111,山东省潍坊市寒亭区通亭街6200号,0536-7362077,SD033,999
1382,诸城市亚飞汽车销售服务有限公司,119.391447961,35.995100536,0536-6354558,诸城市西外环路南段路东(东升物流城),0536-6353558,SD038,999
1393,潍坊圣世骏通汽车销售服务有限公司,119.135582395,36.660874196,0536-2226111/0536-2226222,潍坊市奎文区潍州路399号金宝汽车城院内,0536-2226223,SD033,999
1966,青州广润汽车销售有限公司,118.490454,36.738825,0536-3295222,山东省潍坊市青州市玲珑山北路2777号,,SD033,999
1357,烟台太古汽车销售有限公司,121.370417416,37.494168132,0535-6011111,烟台市芝罘区机场路198号,0535-6672345,SD042,999
1376,烟台交运集团轿车销售服务有限公司,121.342368961,37.565843223,0535-6877599,烟台市芝罘区幸福南路6号,0535-6652211,SD042,999
1379,枣庄奚仲汽车销售有限公司,117.441431015,34.830735270,0632-8260999,枣庄市薛城区张范镇光明大道路北,0632-8260007,SD074,999
1394,滕州市安驰商贸有限公司,117.143251006,35.114413241,0632-5831588,滕州市北辛西路滕州众旺汽车销售有限公司院内,0632-5856866,SD075,999
1362,山东新星集团有限公司,117.991179984,36.671117159,0533-2975222,山东省淄博市张店山泉路230号,0533-2983222,SD029,999
1889,淄博乾元新景汽车销售有限公司,118.078183,36.849367,0533-3819998,山东省淄博市高新区万杰路151号（金晶大道与万杰路交汇处西北角）,,SD029,999
1424,山西省长治市飞路汽车贸易有限公司,113.109407558,36.226748273,0355-6016295,长治市高新区太行北路156号（中天驾校西侧）,0355-6016325,SX022,999
1432,长治市四合贸易有限公司,113.134052061,36.190888163,0355-2111508,长治市城区潞阳门中路,0355-2030946,SX022,999
1436,山西智腾汽车营销服务有限公司,113.257803605,40.062634353,0352-3788111,大同市开发区恒安街比亚迪汽车,0352-6116168,SX006,999
1441,晋城市元唐汽车销售有限公司,112.846578898,35.482328564,0356-2082788,晋城市中原西街1428号,0356-2082799,SX034,999
1590,晋城市觉安汽车销售服务有限公司,112.886955,35.492742,0356-2192838,晋城市开发区兰花路173号,0356-2190203,SX034,999
1429,山西亚迪利汽车贸易有限公司,111.939917526,37.025653239,0354-5523888,山西晋中介休108国道（罗王庄村口）,0354-5523888,SX055,999
1803,晋中市新世开元汽车销售有限公司,112.681884,37.748751,0354-2461717,晋中开发区汇通路鸣李段路东,,SX055,999
1426,临汾大昌汽车服务有限公司,111.487389920,36.076106982,0357-2591555/2592555,尧庙汽车站南200米,0357-2591031,SX066,999
1437,临汾悦迪汽车销售服务有限公司,111.499153082,36.049103566,0357-3949999,临汾市尧庙南两公里，霍侯一级路西,0357-3987799,SX066,999
1435,孝义市正达汽车销售服务有限公司,111.81387,37.141263,0358-7832333,孝义市振兴街,0358-7830567,SX101,999
1859,吕梁市盛世开元汽车销售有限公司,111.097822,37.504138,0358-3366088,吕梁市城郊乔家塔聚富汽贸园内,0358-3366116,SX101,999
1468,山西呈泽工贸有限公司,112.459235,39.354593,0349-2192222,朔州市朔城区下团堡乡下庄头村北,0349-2192222,SX014,999
1423,山西精华伟业汽车服务有限公司,112.560104574,37.781913535,0351-7941166,山西省太原市平阳南路加节村北,0351-7941070,SX001,999
1427,山西新千年工贸有限公司万国汽车销售分公司,112.534948142,37.802836451,"0351-6329299,6329133",山西省太原市新晋祠路488号万国汽贸园内,0351-6329139,SX001,999
1670,太原鑫源泰汽车服务有限公司,112.594394,37.825853,0351-7587111,太原市建设南路698号,0531-7583200,SX001,999
1784,太原市盛世开元汽车销售有限公司,112.494698,37.867891,0351-5674000,太原市万柏林区西矿街147号盛世开元比亚迪店（太原第二十中学对面）,,SX001,999
1802,山西弗拉瑞思贸易有限公司,112.633474,37.778742,0351-4603888,太原市龙城大街东口聚海物流中心9号,0351-8230012,SX001,999
1439,阳泉恒瑞物贸有限责任公司,113.584431,37.879026,0353-5697760,阳泉郊区李荫路黄砂岩路段汉河沟加油站对面,0353-5697760,SX019,999
1425,运城市华森汽车销售服务有限公司,110.977623517,35.080116245,0359-2863333,运城市盐湖区运万路盐湖汽车工业园,0359-8683777,SX083,999
1847,山西诺维兰集团运城瑞和汽车销售服务有限公司,110.957464,35.122294,0359--8594555,运城经济开发区邑北工业区四街坊,,SX083,999
1726,陕西安康高新德宝汽车销售有限公司,108.985257,32.720355,0915-3350333,陕西省安康市高新区罗家梁村（316国道旁）,,SH078,999
1843,宝鸡市盛世开元汽车销售有限公司,107.2914,34.347227,0917-3333111,陕西省宝鸡市高新开发区高新十二路西19号,,SH044,999
1791,汉中汉唐进口汽车维修有限公司,107.082816,33.081697,0916-8881622,陕西省汉中市汉台区东迎宾大道金富豪汽车城,,SH055,999
1854,商洛市盛世开元汽车销售有限公司,109.917723,33.860319,0914-8098123/8062555,陕西省商洛市商州区杨峪河镇下赵塬社区203省道北侧,,SH088,999
1844,铜川市盛世开元汽车销售有限公司,108.970463,34.883889,0919-2839988,陕西省铜川市新区长虹南路1号源康车城内1号店,,SH103,999
1792,渭南新威汽车销售服务有限公司,109.441032,34.510878,0913-2182228,陕西省渭南市高新技术产业开发区东兴街（嘉豪汽车城北邻）,,SH021,999
1446,西安奥通汽车销售服务有限公司,108.870818724,34.258132793,029-84289009,西安市昆明路与西三环交汇处东北角车城内,029-88587870,SH001,999
1451,陕西信天游汽车服务有限公司,108.919773220,34.224120384,029-88239337/88239358,西安市太白南路187号,029-88239115,SH001,999
1452,陕西景泰汽车销售服务有限公司,109.055999325,34.301505942,029-83526555,西安市灞桥区半引路1（咸宁东路与东三环交汇处东北角）,029-83526566,SH001,999
1455,陕西意拓汽车销售有限公司,108.941955518,34.332897553,029-86510366,西安市凤城四路66号,029-86517671,SH001,999
1464,西安新益通汽车贸易有限公司,108.831571,34.284033,029-89110011,西安市未央区三桥疏导线天台路72号,029-89112930-603,SH001,999
1790,西安市乾元新景汽车销售有限公司,108.855478,34.329069,029-61865858,西安市沣东新城西三环与石化大道十字向北200米路东,029-84537179,SH001,999
1853,陕西秦星汽车销售服务有限公司,108.852776,34.265128,029-89529228,陕西省西咸新区沣东新城红光路西段8号,,SH001,999
1984,西安庞大兴迪汽车销售服务有限公司,109.059823,34.306168,029-83505999,西安市哄鄙态区汽车工业园2号,029-83505999,SH001,999
1463,陕西梦迪汽车销售服务有限公司,108.700477,34.361741,029-38001155,咸阳市塬上（咸阳市秦都区汽车产业园区）,029-33118686,SH032,999
1890,延安市盛世开元汽车销售有限公司,109.591346,36.66665,0911-3383333,陕西省延安市宝塔区李渠镇杨兴庄,,SH006,999
1458,榆林市嘉华汽车销售有限公司,109.711527241,38.221374922,0912-3519444,榆林市经济开发区草海侧电厂路,0912-3519443,SH066,999
1815,榆林市晶鑫汽贸有限责任公司,110.816758527,39.184123383,0912-3519888,陕西省榆林市草海则小学旁,0912-3519668,SH066,999
1411,上海华裕汽车修理有限公司,121.636449398,31.261851697,021-50326200,上海浦东金桥出口加工区金苏路238号,021-58545957,SHH001,999
1710,上海弘仁锐豪汽车销售服务有限公司,121.573874856,31.139034128,4009217988,上海市沪南公路3021号,021-20949005,SHH001,999
1413,上海联通汽车销售有限公司,121.337125902,31.223646374,021-51619911,上海市长宁区天山西路2666号,021-62205028,SHH001,999
1415,上海润迪汽车销售服务有限公司,121.594587431,31.075276452,021-61187106,上海市沪南公路4789弄318-323号,021-61187107,SHH001,999
1617,上海毅欣汽车销售有限公司,121.308267608,31.061020218,021-67689191,上海松江新桥新效路128号,021-57646552,SHH001,999
1417,上海君和汽车销售服务有限公司,121.350176505,31.281832877,021-66275111,上海市普陀区金昌路1858号,021-66277152,SHH001,999
1418,上海乐迪汽车销售服务有限公司,121.285221,31.230688,021-60292906,上海市闵行区纪翟路1408号第一幢,021-51756689,SHH001,999
1970,上海华帆旗申汽车销售有限公司,121.584096,31.302984,021-50677511,上海浦东北路1229号,021-58380902,SHH001,999
1420,上海众深汽车销售服务有限公司,121.147278438,31.191370954,021-59701969,上海青浦区重固镇北青公路8865号厂区内,021-59701619,SHH001,999
1422,上海彤新汽车租赁服务有限公司,121.420644274,31.116399397,021-54998395,上海市闵行区春申路2543号,021-54996896,SHH001,999
1842,上海卓景汽车销售有限公司,121.479619,31.184146,021-58877088,上海市浦东新区国展路189号,021-68885661,SHH001,999
1334,巴中市成强汽车贸易有限公司,106.751359875,31.871509997,0827-5257788,巴中市巴州区宕梁第五村四社,0827-2630888,SC080,999
1325,成都上典汽车贸易有限公司,104.000151723,30.598855718,028-85023023,四川省成都市武侯大道文昌段84号,028-85031072,SC001,999
1336,成都新港汽车维修有限责任公司,104.040037865,30.601866600,028-85194555,成都市高新区庆云村5组55号石羊工业区,028-85194011,SC001,999
1338,成都蓝海汽车销售服务有限公司,103.987073253,30.728802076,028-87519881,成都市青羊区清江中路58号,028-87502060,SC001,999
1350,成都上典西区汽车销售有限公司,103.969897692,30.744394144,028-87838886,成都市高新区（西区）新航路2号,028-87508153,SC001,999
1824,成都市乾元新景新能源汽车服务有限公司,104.169396,30.692424,028-67673555,成都市成华区东三环路二段85号,028-67673000,SC001,999
1834,成都市盛世新景汽车销售有限公司,104.122131,30.593735,028-67678777,成都市锦江区锦逸路35、37号,028-67678777,SC001,999
1873,达州市正通车业有限责任公司,107.479522559,31.223812257,0818-2288777,四川省达州市达川商贸物流园区正通路,0818-2247799,SC084,999
1702,达州市汇龙车业有限公司,107.457253,31.226089,0818-2300678,达州市通川区西外镇五里店社区八组周家湾125号,0818-2633373,SC084,999
1683,德阳富马汽车销售服务有限公司,104.392188,31.071346,0838-2605313,德阳市八角井镇梨园村二组,,SC025,999
1626,广安市锐恒汽车贸易有限公司,106.692599,30.50861,0826-2729911,四川省广安市广安区护安镇圆门村广安国际汽车城内7号楼,0826-2729911,SC038,999
1330,绵竹市金华汽车经营有限公司乐山分公司,103.741155967,29.600240440,0833-2032000,乐山市中区绵竹乡高坝村4组（二手汽车旁）,0833-2451372,SC051,999
1600,凉山州天宇商贸有限责任公司,102.267669,27.871303,0834-2180069,西昌市海河桥头邛海污水处理厂大门两侧二、三号展厅,0834-2180828,SC142,999
1345,泸州忠山汽车销售有限责任公司,105.389370005,28.783097744,0830-4276666,四川省泸州市纳溪区浙江产业园,0830-2526866,SC062,999
1354,泸州凯联汽车贸易有限公司,105.401785985,28.786357884,0830-4276333,泸州市纳溪区棉花坡镇柿子村机场口,0830-4296868,SC062,999
1347,四川宏光汽车销售有限公司,103.587608920,29.988807888,028-38518000,眉山市三苏大道中段,028-38106665,SC097,999
1588,眉山俊华汽车销售服务有限公司,103.821823,30.07103,028-38175695,眉山市东坡区三苏大道中段360号,028-38117979,SC097,999
1328,四川国华强劲汽车销售服务有限公司,104.768763238,31.424939694,0816-6393088,绵阳市绵州大道中段同力汽车城,0816-6393099,SC017,999
1346,四川内江川豫汽车销售服务有限公司,105.049026103,29.582618470,0832-2200709,四川内江市城西工业园区汉晨路888号7幢,0832-2188611,SC047,999
1724,南充市锦垣汽车有限公司,106.056672082,30.885583502,0817-3130888,南充市顺庆区潆溪潆康北路493号,0817-2462552,SC031,999
1351,南充博宇车业有限公司,106.147206018,30.812554862,0817-5293666,南充市高坪区航空港工业集中区,0817-5293160,SC031,999
1356,攀枝花市祥瑞龙迪商贸有限公司,101.714736696,26.537565191,0812-2263999,攀枝花市渡仁西线汉风汽贸城内,0812-2293900,SC077,999
1587,遂宁恒思汽车销售有限公司,105.577249,30.469764,0825-8102888,遂宁市船山区中国西部现代物流港内,0825-8109777,SC043,999
1342,雅安市美雅汽车销售服务有限公司,102.962628936,29.994469898,0835-2611756,维修车间位于雅安市雨城区多营镇茶马大道78号（展厅及快修位于多营镇长乐街）,0835-2611756,SC103,999
1598,宜宾骏辉汽车销售服务有限公司,104.643281778,28.759274380,0831-2335278,宜宾临港经济技术开发区飞云路北段港腾国际汽车展销中心D区1层,0831-2332046,SC067,999
1577,资阳市上典三和汽车销售服务有限公司,104.632463,30.116018,028-26613333,资阳市雁江区松涛路一段世纪名苑（3F）1-30号,028-26613872,SC093,999
1322,自贡树德汽车服务有限公司,104.735581487,29.340752200,0813-3211999,自贡市贡井区长土镇盐都大道西一段1364号川南汽贸城2号小车标准店,0813-3210889,SC059,999
1471,天津市路迪恒泰汽车销售有限公司,117.239099238,39.062311665,022-28286001/022-28286002,天津市河西区解放南路环渤海汽车城比亚迪展厅,022-28285335,TJ001,999
1805,天津市九州紫寰汽车销售服务有限公司,117.144170816,39.124259717,022-87611835,天津市北辰区北辰道（一商二手车对面）,022-87610261,TJ001,999
1475,天津市津维瑞通汽车销售有限公司,117.251052796,39.137813911,022-24580288,天津市河东区成林道89号,022-24580728,TJ001,999
1477,天津昊泽鑫商贸有限公司,117.003315862,38.942125842,022-68608987,天津市静海县经济开发区金海道3号,022-68608985,TJ001,999
1712,天津环耀汽车销售服务有限公司,117.352742,39.087398,022-84359318,天津市东丽开发区丽新路2号,022-84359266,TJ001,999
1772,天津市聚益通汽车销售服务有限公司,117.059198,39.392532,022-82178960/82178965,天津市武清开发区光明道6号,022-82178960,TJ001,999
1793,天津市盛世开元汽车销售有限公司,117.385878,39.167158,022-59265500,天津自贸试验区（空港经济区）环河北路66号202室,,TJ001,999
1857,天津市盛世新景汽车销售有限公司,117.277501,39.003748,022-23752688,天津市西青区大寺镇储华道11号,022-23752992,TJ001,999
1907,天津环宇恒兴汽车销售有限公司,117.145052,39.137541,022-87088899,天津市南开区咸阳路74号,022-87082886,TJ001,999
1942,新疆万隆汽车服务有限责任公司,80.249387,41.228845,18609974662,新疆维吾尔自治区阿克苏温宿县大欣汽车城1号展厅,,XJ020,999
1874,巴州宝迪汽车销售有限公司,86.222739629,41.721082375,0996-2162566,新疆巴州库尔勒市新城辖区石化大道74号,0996-2160312,XJ090,999
1985,昌吉市乾元新景汽车销售有限公司,87.222384,44.045678,18666289459,昌吉市大西渠镇区工业园区89栋,,XJ053,999
1949,喀什通工比亚迪汽车销售服务有限公司,,,0998-2505000,喀什深圳产业园创业三路（中亚南亚工业园）,0998-2523308,XJ008,999
1478,新疆新大方成贸易有限公司,87.326590148,43.536368611,0991-3799999,乌鲁木齐经济技术开发区喀什西路592号,0991-3780599,XJ001,999
1480,新疆新翔升汽车贸易有限公司,87.359405559,43.528463678,0991-6697111,乌鲁木齐市赛博特汽车城D3座,0991-6697005,XJ001,999
1883,乌鲁木齐市盛世开元汽车销售有限公司,87.382434,43.904509,13999231267,新疆乌鲁木齐市头屯河区头屯河公路2345号天恒基国际汽车城,,XJ001,999
1659,伊犁金昌商贸有限责任公司,81.305303160,43.945698826,0999-8133373/8158080,新疆维吾尔自治区伊宁市巴彦岱镇城西市场中亚汽车博览中心135号-B5号北,0999-8122850,XJ071,999
1502,保山众杰汽车销售服务有限公司,99.189152252,25.134723808,0875-2811066,保山市隆阳区下村工业园,0875-2877088,YN029,999
1504,楚雄宏熙交通运输有限公司,101.556340775,25.051469055,0878-3114888/13769280383,楚雄市威楚大道26号,0878-3114990,YN097,999
1499,大理鹏迪汽车销售服务有限公司,100.162101058,25.360574271,0872-3101333,大理市宝源路泛亚汽车城,0872-3101618,YN084,999
1713,德宏州鑫盈商贸有限公司,98.566039,24.426899,0692-8886222,德宏州芒市机场大道南侧芒华加油站西侧,0692-2966630,YN055,999
1837,开远市阳光经贸有限责任公司,103.2893,23.708866,0873-7116111,云南省开远市东联村阳光汽车交易市场,0873-7271777,YN133,999
1493,云南光华汽车销售服务有限公司,102.402233725,25.047265956,0871-68325333/0871-68325600,昆明市二环西路668号,0871-68316898,YN001,999
1498,云南谊和汽车经贸有限公司,102.672625755,25.075727029,0871-68328180,云南省昆明市二环西路668号兴云汽车城QS-15号,0871-68328275,YN001,999
1500,云南迪坤汽车销售有限公司,102.683336675,25.064982524,0871-65099977,昆明市虹山北路44号,0871-65358977,YN001,999
1866,云南公投建设集团养护工程有限公司汽车销售服务分公司,,,0871-67260613/400-000-9998,云南省昆明市国家级经济技术开发区昆石高速公路小喜村收费站监控中心,,YN001,999
1920,昆明路骐汽车销售有限公司,102.726091,24.98191,0871-63645998,昆明官渡区广福路与官南路交汇南行200米凯旋利车博汇,暂无,YN001,999
1915,临沧盛世开元汽车销售有限公司,,,0883-2155997,云南省临沧市临翔区忙畔街道忙令社区忙巩组,,YN139,999
1845,普洱市盛世新景汽车销售有限公司,100.966649,22.822833,0879-2893888,云南省普洱市思茅区思茅镇三家村麻鸡丫口小组,0879-2893006,YN138,999
1591,云南曲靖交通集团精工达汽车技贸有限公司轿车销售分公司,103.815555,25.546009,0874-3514988,曲靖市麒麟区环东路小坡上村,0874-3514788,YN011,999
1623,玉溪市高新区永盛新能源汽车销售有限责任公司,102.530985,24.328794,0877-8896677,云南省玉溪市高新区腾霄路以南,0877-8896555,YN020,999
1516,浙江迪信汽车销售服务有限公司,120.131244539,30.336220911,0571-88315555,杭州拱墅区石祥路471-3号,0571-87383205,ZJ001,999
1521,杭州保捷汽车有限公司,120.089534718,30.261473249,0571-88885555,杭州西溪路834号,0571-88993055,ZJ001,999
1570,杭州瑞通汽车销售有限公司,120.307155,30.418399,0571-28902888,杭州余杭区南苑街道迎宾路132号,0571-26268357,ZJ001,999
1808,杭州卓御汽车销售有限公司,120.172548,30.30586,,杭州市下城区绍兴路353号华洲大楼2号楼1F楼,,ZJ001,999
1817,杭州卓御汽车销售有限公司萧山分公司,120.29727,30.221428,0571-83523588,杭州市萧山区通惠北路208号（与利华路交叉口）,0571-83695202,ZJ001,999
1838,浙江国旺汽车销售服务有限公司,120.223366,30.186978,0571-87068866,杭州市滨江区江陵路211号3幢一层101室,0571-88158773,ZJ001,999
1536,长兴宝迪汽车销售服务有限公司,119.996956732,30.993639164,0572-6668333,浙江省长兴县洪桥镇洪桥村,0572-6068870,ZJ007,999
1531,海宁海昌汽车维修装饰有限公司,120.712302328,30.501467771,0573-87129555,浙江省海宁市硖石镇农丰路501号,0573-87129626,ZJ013,999
1509,义乌市利邦汽车销售服务有限公司,120.046297002,29.304485166,0579-85381222,义乌市稠江街道经发大道319-3号,0579-85113689,ZJ040,999
1569,义乌市迪远汽车销售服务有限公司,120.058158,29.350438,0579-81000001,义乌市机场路689号,0579-85661281,ZJ040,999
1728,东阳迪远汽车销售有限公司,120.212393,29.279993,0579-89329000,东阳市城南西路陶村8号楼,0579-89329280,ZJ037,999
1753,丽水市万迪汽车销售服务有限公司,119.949321,28.472494,0578-2071888,丽水市丽阳街凉塘停车场,0578-2302208,ZJ061,999
1603,宁波洛兹汽车销售服务有限公司,121.460696940,29.790597192,0574-83063455,宁波市江北区东明路1号,0574-83063450,ZJ020,999
1528,宁波中腾汽车销售服务有限公司,121.509321558,29.830609004,0574-56677777,宁波雅戈尔大道248号,0574-56675811,ZJ020,999
1529,宁波舜迪汽车销售服务有限公司,121.161039951,30.071262716,0574-62796666,余姚市兰江街道兰墅桥村西环南路553号,0574-62796678,ZJ022,999
1727,宁波甬迪汽车销售服务有限公司,121.496313814,29.826019914,0574-28875555,宁波鄞州区石\街道冯家村。,0574-28875523,ZJ020,999
1578,慈溪新慈鑫汽车销售服务有限公司,121.219223,30.21127,0574-63201168,慈溪市宗汉街道百两村,0574-63231168,ZJ020,999
1714,宁波迪之杰新能源汽车销售服务有限公司,121.614378,29.888028,0574-56663668,宁波高新区明珠路428号韵升一号厂房,0574-56159557,ZJ020,999
1807,衢州迪远汽车销售有限公司,118.90216,28.939663,0570-8587777,衢州市浙西大道乐园路7号,0570-8280131,ZJ032,999
1592,诸暨科大汽车销售服务有限公司,120.225898,29.739266,0575-80701070,诸暨市暨阳街道环城北路288号,0575-87102289,ZJ026,999
1530,台州市鑫迪汽车销售服务有限公司,121.403409222,28.576930031,0576-80275999,台州市路桥区路南街道上马村（下里桥东路）,0576-82909700,ZJ045,999
1568,台州市大禹汽车贸易有限公司,121.43128,28.640964,0576-81813322,台州市东环大道786号,0576-89065886,ZJ045,999
1519,浙江中南汽车贸易有限公司,120.682621349,27.832766030,0577-6003888,浙江省瑞安市塘下陈宅旺工业区,0577-65390701,ZJ053,999
1524,温州正迪汽车有限公司,120.725531646,27.987666809,0577-88007777,温洲经济技术开发区温洲大道650号,0577-85505177,ZJ052,999
1548,瑞安市铭迪汽车销售服务有限公司,120.697348,27.8048,0577-66861222,浙江省瑞安市104国道汀田镇,0577-65528186,ZJ052,999
1752,温州欧龙机电有限公司,120.667995,27.965794,0577-86068555,浙江省温州市瓯海大道425号,0577-86089050,ZJ052,999
1923,温州嘉迪新能源汽车有限公司,120.698509,28.08283,0577-57665766,浙江省永嘉县黄田南路180号,0577-57666859,ZJ052,999
1931,平阳鸿志汽车销售有限公司,120.572115,27.69661,0577-63118588 ,温州市平阳县昆阳镇临区新欣村对面104国道东侧汽车交易市场7号展厅,0577-63118558 ,ZJ052,999
1974,苍南正瑞汽车销售服务有限公司,120.619268,27.442671,0577-59868888,浙江省温州市苍南县灵溪镇示范工业园区（环城北路与工业二路交叉口）,0577-59860068,ZJ052,999
969,重庆隆源汽车贸易有限公司,106.538086856,29.611171776,023-67688002,重庆市北部新区高新园民安大道465-1号,023-67687292,CQ001,999
970,重庆市宝骏汽车销售有限公司,108.397710324,30.783474263,023-58960099,重庆市万州区沙龙路三段139号,023-58110099,CQ001,999
971,重庆市沪渝汽车修理厂,106.520466532,29.595851830,023-67609090,重庆市渝北区余松路501号佳居花园A区,023-67609900,CQ001,999
972,重庆成空亚飞汽车销售服务有限公司,106.464669692,29.525102405,023-68638168,重庆市九龙坡区石新路176号2幢1-1号,023-68677322,CQ001,999
1545,重庆隆骏汽车销售服务有限公司,105.920887,29.367602,023-49810677,重庆市永川区昌州大道中段9号,023-67687292,CQ003,999
1914,重庆市乾山汽车销售有限公司,106.569307,29.67927,023-60369191,重庆市北部新区金开大道1230号,,CQ001,999
1973,重庆市华隽汽车销售服务有限公司,106.557898,29.458172,023-62869997,重庆市巴南区花溪街道红光大道10号,,CQ001,999
1983,重庆星涪迪汽车销售有限公司,107.377172,29.708162,023-72227258,重庆市涪陵区太极大道98号碧海新城6幢1-4,,CQ001,999
1937,北京环耀汽车服务有限公司北京首资环耀新能源汽车销售有限公司,116.39388,39.841022,010-87271788,北京市丰台区永外大红门西马场甲14号9号,010-87271788,BJ001,999
1938,北京环耀汽车服务有限公司北京易能环耀新能源汽车销售有限公司,116.330034,39.969472,010-68989899,北京市海淀区中关村南大街甲10号银海大厦1层南108,,BJ001,999
1929,北京盛世新景汽车销售有限公司,116.459828,39.919394,010-65850768/65850770,光华路9号光华路SOHO2,,BJ001,999
1762,深圳市盛世开元汽车销售有限公司福田城市展厅分公司,114.070413,22.538345,0755-83237229,深圳市福田区福华三路与金田路交汇处“卓越.INTOWN”一层L136、L137、L138-2号,,GD058,0
1939,深圳市恒泰昌汽车销售服务有限公司网益城市展厅,114.054888,22.637936,0755-81702828,深圳市龙华区东环二路1号（近民治万众城）,0755-21001665,GD058,999
1940,深圳市粤迪汽车贸易有限公司南山分公司深圳粤迪比亚迪新能源体验店,113.938032,22.523713,0755-26911669,深圳市南山区海印长城小区一期6-8号楼105A,,GD058,999
1779,深圳浩迪汽车销售服务有限公司,114.351474,22.684255,0755-82621333,深圳市坪山新区坪山街道坪环工业城94栋厂房,0755-22390193,GD058,999
1956,武汉市盛世王朝汽车销售有限公司,114.353346,30.559116,027-59513788,武汉市武昌区中北路武汉中央文化区K1地块一期第K1-S2、S3幢1-3层29号,,HUB001,999
1804,西安市乾元新景汽车销售有限公司曲江新区分公司,108.968149,34.222184,029-62951666,西安市曲江新区慈恩东路208号西安豪享来温德姆至尊酒店一层,029-89665822,SH001,999
1941,上海华帆旗申汽车销售有限公司源深路城市展厅,121.538837,31.241079,021-58383066,上海市浦东新区源深路388号,021-50405583,SHH001,999
1763,上海利港环态新能源汽车销售有限公司,121.381289,31.193881,021-64466067,上海市闵行区延安西路3208号,021-64460636,SHH001,999
1431,上海汇羿汽车销售服务有限公司,121.734976128,31.032042452,021-58187111,上海市浦东新区宣黄公路2303号,021-58187410,SHH001,999
1962,深圳金俊迪汽车销售服务有限公司,114.117038,22.584111,0755-23081188,深圳市罗湖区清水河三路18号深业车城博丰大厦BF-103号,0755-22956580,BYD01,999
1832,承德富来汽车销售有限公司,,,0314-4093602,承德市双滦区双塔山镇单塔子村松狮公路南侧兴宇铸造厂西侧,0314-4093602,HEIB033,999
1896,洛阳绅瑞汽车销售有限公司,112.512617,34.688046,0379-63553333,洛阳市e河区启明南路23号二楼,0379-63553168,HEIN014,999
1227,苏州市才富汽车服务有限公司,120.548090163,31.261987434,0512-66560018,苏州市吴中区中山东路151号凯马广场才富比亚迪4S店,0512-66560058,JS063,999
1800,曲阜市丰泰汽车销售服务有限公司,117.055038,35.6054,0537-5052555,曲阜市京福高速公路东300米，327国道南100米,0537-5052555,SD076,999
1846,莱芜市中正新能源汽车有限公司,117.703896,36.186585,0634-6091888,山东省莱芜市车辆管理所北临,0634-6096345,SD092,999
1836,泰安兴德汽车销售有限公司,117.098769,36.097611,0538-8155666,山东省泰安市南开发区长城路13916号,0538-8155665,SD087,999
1433,大同市银狮汽车销售服务有限公司,113.296707164,40.057292709,0352-5044388,大同市南环西延十里河大桥汽车文化园区1号店,0352-5031669,SX006,999
1782,上海联通宝亭汽车销售有限公司,121.441346,30.910506,021-67192668,上海市奉贤区南亭公路988号,021-57108992,SHH001,999
1783,上海兴迪新能源汽车销售服务有限公司,121.373879,31.239444,021-52785558,上海市普陀区同普路1388号,,SHH001,999
1789,上海联通嘉能新能源汽车销售服务有限公司,121.178114,31.288646,4000219111,上海市嘉定区安驰路829号,021-59577879,SHH001,999
1850,上海弘仁宝佳新能源汽车销售服务有限公司,121.473644,31.330989,66291361/66291363/4009217988(集团总热线),上海市江杨南路980号,66285775,SHH001,999
1892,上海富林新能源汽车销售服务有限公司,121.359764,31.298212,021-52841108,上海市普陀区真陈路39号,021-62507079,SHH001,999
1930,上海华帆旗开汽车销售服务有限公司,121.585294,31.325123,021-50677511,上海市浦东新区浦东北路2190弄7号,021-50405583,SHH001,999
1751,文山新谊和汽车经贸有限公司,104.279423,23.362574,0876-6881000,云南省文山市文山亚太汽车城,0876-6881000,YN137,999
1525,金华市鑫迪汽车销售有限公司,119.700837830,29.149278385,0579-83708333/0579-83708388,金华市03省道赤松路269号,0579-83708678,ZJ037,999
1875,绍兴市科能汽车销售服务有限公司,120.556936159,29.995835218,0575-88097333,绍兴市越城区府山街道树下王村（新绍大线与104国道南复线交叉口）,0575-88069000,ZJ026,999
1830,长沙市路骐汽车销售有限公司,113.036267,28.189898,0731-85428898,长沙市芙蓉区万家丽中路一段196号长房，中庭国际一层103室房屋,0731-85426898,HUN004,999
1686,嘉兴市桥银经贸有限公司,120.730691859,30.736426633,0573-83672222,嘉兴市城南产业园一期永高路29号,0573-83678877,ZJ011,999
1816,浦江县利邦汽车销售服务有限公司,119.957315,29.44488,0579-88086661,浙江省金华市浦江县恒昌大道588号,,ZJ037,999
1954,宿州市金弘汽车销售服务有限公司,117.062585,33.631046,0557-2639999,宿州市城东循环经济示范园,0557-2632088,AH005,999
1922,福建嘉驰汽车配件有限公司,119.334303,25.722755,0591-85373799,福建省福州市福清市石竹街道高仑村（福清隆盛制衣有限公司内）,0591-85381599,FJ001,999
1986,安顺宇迪汽车销售服务有限公司,,,0851-33835353,贵州省安顺市经济技术开发区亿丰国际汽车物流园内3区1栋第一、二层,,GZ050,999
1989,保定鼎亚汽车贸易有限公司,115.56255,38.922421,0312-2736666,保定市莲池区107国道车管所以北太保营村临街,,HEIB065,999
1904,长垣大吉汽车销售服务有限公司,114.653797,35.185539,0373-8620777,长垣县山海大道与德邻大道交叉口大地亚飞汽车城内,0373-8922210,HEIN031,999
1975,扶沟县艺通汽车销售服务有限公司,114.424089,34.078758,0394-8306666,河南省扶沟县产业集聚区亿顺汽车城A7展厅,0394-8306989,HEIN107,999
1810,驻马店市众城汽车销售服务有限公司,114.302361,33.265526,0396-6643666,上蔡县上和路与东环路交叉口东南角汽车销售展厅,,HEIN117,999
1856,聊城市豪迪汽车销售有限公司,116.076505,36.4654,0635-8708877,山东省聊城经济开发区东昌东路与泰山路交叉口北300米路东,0635-8708855,SD006,999
1924,杭州保迪汽车有限公司,119.947428,30.086966,0571-88885055,杭州市富阳区富春街道恩波大道1448号,0571-85222038,ZJ001,999
1977,温州悦迪新能源汽车有限公司,121.02905,28.202031,0577-62305888,乐清市石帆镇朴湖二工业区（104国道边）,0577-61385777,ZJ052,999
