vd_salePhone,vd_serviceCode,vd_dealerName,vd_longitude,vd_address,vd_latitude,vc_name,vd_url,vd_dealerCode,vd_dealerType,vd_city,vd_province,vd_postCode,vd_fax,vp_name,vd_id
0551-63520168,,安徽孚迪汽车销售有限公司,117.353708,包河区纬一路13号专卖店,31.803561,合肥,,S734009,1,113,16,230051,,A 安徽,103
0551-64240883,,安徽宝捷汽车销售服务有限公司,117.347342,安徽省合肥市瑶海区双七路国际汽车城东2号一汽大众专营店,31.891095,合肥,,S734011,1,113,16,230011,,A 安徽,104
0551-67103777,,合肥欧亚汽车服务有限公司,117.184675,安徽省合肥市长江西路1028号,31.857673,合肥,,S734016,1,113,16,239000,,A 安徽,535
0551-87878771,7583478,安徽众力汽车销售服务有限公司庐江分公司,117.2603072460,合肥市庐江县庐城镇军二路690号,31.27021854600,合肥,,S734014,2,113,16,231500,,A 安徽,2032
0551-82850555,,巢湖亚宝汽车销售服务有限公司,117.924516,巢湖市经济开发区金山路亚夏汽车城内,31.644696,合肥,,S734020,1,113,16,238000,,A 安徽,652
18956008276,,安徽众力汽车销售服务有限公司,117.265536,安徽省合肥市肥西县上小路与翡翠路交叉口西南国际城诚挚大厦B座，一汽大众,31.948465,合肥,,S734014M1,2,113,16,230000,,A 安徽,1153
0552-4127733,,蚌埠市华诚轿车销售服务有限公司,117.316666,蚌埠市高新区燕山路与大庆路交汇口2211号,32.916233,蚌埠,,S734017,1,114,16,233011,,A 安徽,106
0556-5305888,,安庆环众汽车销售服务有限公司,117.062175,安庆市开发区中兴大道205号（火车道口向北300米) ,30.561249,安庆,,S734030,1,115,16,,,A 安徽,974
0553-2878988,,芜湖亚夏汽车股份有限公司,118.407499,安徽省芜湖市弋江北路亚夏汽车城，一汽大众4S店,31.366190,芜湖,,S734034,1,116,16,241000,,A 安徽,105
0553-5633888,,芜湖协众汽车销售服务有限公司,118.467977,安徽省芜湖市鸠江区龙腾路,31.400208,芜湖,,S734031,1,116,16,,,A 安徽,1053
15178183960,,阜阳市永鑫汽车销售服务有限公司,115.2945900000,临泉县工业园区前进东路金禾面粉厂楼下,33.0519300000,阜阳,,S734013,2,117,16,,,A 安徽,523
0558-3852888,,阜阳永迪汽车销售服务有限公司,115.801947,阜阳市颍州区清河办事处阜南路463号6幢 ,32.894688,阜阳,,S734029,1,117,16,,,A 安徽,1041
15005582000,,阜阳市永鑫汽车销售服务有限公司太和分公司,115.609358,太和县105国道与308省道交汇处太和县行政服务中心对面,33.223908,阜阳,,S734013M1,2,117,16,,,A 安徽,1070
15178183960,,阜阳市永鑫汽车销售服务有限公司临泉分公司,115.301988,临泉县工业园区前进东路金禾面粉厂楼下,33.057933,阜阳,,S734013M2,2,117,16,,,A 安徽,1122
15178183960,,阜阳市永鑫汽车销售服务有限公司,115.395077,临泉县工业园区前进东路金禾面粉厂楼下,32.743533,阜阳,,S734013M3,2,117,16,236000,,A 安徽,1154
0558-8888222,,亳州中源汽车销售服务有限公司,115.805642,亳州市药都大道868号铁路桥东路南,33.844187,毫州,,S734021,1,280,16,236800,,A 安徽,651
0558-7600001,7583404,蒙城县汇丰汽车销售服务有限公司,116.570077,安徽省蒙城县国际汽车城内（鲲鹏路和政通路交叉口）,33.241006,毫州,,s734003,1,280,16,233500,,A 安徽,1160
0563-4668666,,宁国亚宝汽车销售服务有限公司,119.003439,宁国市宁国经济技术开发区宜黄线,30.605672,宣城,,S234001,1,281,16,242300,,A 安徽,34
0563-2616888,,宣城亚宝汽车销售服务有限公司,118.745829,宣城市经济技术开发区亚夏汽车城,30.937428,宣城,,S734019,1,281,16,242000,,A 安徽,653
0557-2815555,,宿州市丽豪汽车销售服务有限公司,117.05011,宿州市东十里汽车城循环经济示范园内,33.634389,宿州,,S734018,1,284,16,234000,,A 安徽,662
0555-6070888,,马鞍山协众汽车销售有限公司,118.496029,安徽省马鞍山市当涂县红旗南路,31.600693,马鞍山,,S734023,1,285,16,243000,,A 安徽,663
0564-3272222,,六安和众汽车销售服务有限公司,116.62556,安徽省六安市金安区经济开发区大华山路与南京路交叉口,31.765457,六安,,S734022,1,289,16,237000,,A 安徽,670
0562-5851717,,铜陵市海达汽车销售服务有限公司,117.772244,安徽省铜陵市铜都大道古圣社区桥南4S店集群,30.872477,铜陵,,S734024,1,297,16,244000,,A 安徽,705
0561-3802999,,淮北市运昌汽车销售服务有限责任公司,116.808012,淮北市相山区相阳路东S1033号,33.918233,淮北,,S734025,1,314,16,235000,,A 安徽,796
0559-2553588/0559-2555091,,黄山亚众汽车销售服务有限公司,118.290669,黄山市屯溪区齐云大道DH-3-1,29.742974,黄山,,S734026,1,322,16,245000,,A 安徽,36
0554-3311599,,淮南盛之杰汽车销售服务有限公司,117.074308,安徽省淮南市经济开发区国庆东路南侧一汽大众4s店,32.666372,淮南,,S734027,1,340,16,,,A 安徽,898
0566-3386666,,池州协众汽车销售服务有限公司,117.533712,安徽省池州市站前区汽车服务业集聚区Z1地块 ,30.623402,池州,,S734028,1,350,16,,,A 安徽,953
010-61685959,,北京华信宏业商贸有限公司,116.710632,北京市怀柔区北房镇龙云路2号,40.332511,北京,,S711039,1,112,15,101400,,B 北京,14
010-88449366,,北京华昌汽车销售服务有限公司,116.266846,北京市海淀区杏石口路15号,39.954508,北京,,S911028,1,112,15,100195,,B 北京,184
010-63710050,,北京庆洋汽车服务有限公司,116.351776,北京市丰台区马家楼215号,39.831697,北京,,S711012,1,112,15,100070,,B 北京,188
010-67873366,,北京运通博恩汽车销售服务有限公司,116.518808,北京经济技术开发区同济北路2号,39.815961,北京,,S711021,1,112,15,100176,,B 北京,190
010-89039998,,北京硕川汽车销售服务有限公司,116.869086,北京市密云县密云镇滨阳新村路口,40.380121,北京,,S711024,1,112,15,101500,,B 北京,191
010-85751571,,北京友联威科汽车销售服务有限公司,116.527100,北京市朝阳区青年路乙40号,39.927871,北京,,S711028,1,112,15,100123,,B 北京,194
010-68488028-1,,北京首汽腾鹏汽车销售服务有限公司,116.326062,北京海淀区紫竹院南路丙五号,39.942886,北京,,S711030,1,112,15,100044,,B 北京,196
010-68888181-8601/8602,,北京冀东丰汽车销售服务有限公司,116.186400,北京市石景山区古城西路99号,39.920699,北京,,S711032,1,112,15,100043,,B 北京,198
010-68171699,,北京市天达汽车修理有限公司,116.273240,北京市丰台区西四环中路92-7号,39.891088,北京,,S711033,1,112,15,100141,,B 北京,199
010-64315888,,北京德奥达一众汽车销售有限公司,116.459538,北京市朝阳区太阳宫十字口甲1号,39.984843,北京,,S711043,1,112,15,100102,,B 北京,206
010-65469888,,北京东仁金舆汽车销售服务有限公司,116.579983,北京市朝阳区姚家园路平房桥东2公里路南,39.944880,北京,,S711036,1,112,15,100025,,B 北京,209
010-63439999,,北京亚之杰伯乐汽车销售服务有限公司,116.336311,北京市丰台区南三环西路115号,39.855321,北京,,S711048,1,112,15,100070,,B 北京,272
010-84701879,,北京捷亚泰汽贸有限公司,116.533187,北京市朝阳区京顺路和平农场,40.036510,北京,,S911029,1,112,15,100015,,B 北京,274
010-80771166,,北京海联力通经贸有限公司,116.315254,北京市昌平区回龙观镇回龙观村欧德宝汽车交易市场7号,40.079974,北京,,S711002,1,112,15,102208,,B 北京,275
010-84917171,,北京骏宝威汽车贸易有限公司,116.455823,北京市朝阳区来广营西路12号,40.026398,北京,,S711023,1,112,15,100012,,B 北京,276
010-67576600-1,,北京北方华驿车辆销售服务有限公司,116.379243,北京市丰台区洋桥西一号,39.861399,北京,,S711034,1,112,15,100068,,B 北京,277
010-81535599,,北京东方华正汽车销售服务有限公司,116.671869,北京市通州区梨园云景南大街56号,39.881294,北京,,S711010,1,112,15,101101,,B 北京,278
010-89360080,,北京市良乡万达工贸有限公司,116.147935,北京市房山区良乡镇拱辰北大街29号,39.755477,北京,,S711017,1,112,15,102488,,B 北京,288
010-85576668-622,,北京汽车贸易中心有限公司,116.530833,北京市朝阳区姚家园路甲1号东方基业国际汽车城13号店,39.947139,北京,,S711042,1,112,15,100123,,B 北京,374
0472-3105608,,包头市东信泰德汽车销售服务有限公司,109.958469,包头市青山区乌素图110国道664公里处,40.655851,包头,,,1,192,29,14000,,N 内蒙古,643
010-89996662,,北京鑫万维汽车经贸有限公司,117.115957,北京市平谷区东高村镇东高村兴业路39号,40.159827,北京,,S711029,1,112,15,101200,,B 北京,414
010-82327979,,北京捷亚泰中盛汽车销售有限公司,116.346939,北京市海淀区五道口新村4号,39.990429,北京,,S711047,1,112,15,100083,,B 北京,547
010-69477071,,北京鑫万维富达汽车销售有限公司,116.625127,北京市顺义区南法信镇南法信段1号,40.124652,北京,,S711046,1,112,15,101300,,B 北京,548
010-60298787,,北京捷亚泰中兴汽车销售有限公司,116.345450,北京市大兴区京开高速双星桥西侧,39.782643,北京,,S711049,1,112,15,100076,,B 北京,604
010-67240820,,北京博瑞祥泰汽车销售服务有限公司,116.399630,北京市丰台区西罗园南里44号,39.861369,北京,,S711053,1,112,15,100068,,B 北京,616
010-84541836,,北京博瑞祥恒汽车销售有限公司,116.455306,北京东直门外左家庄路2号,39.962188,北京,,S711054,1,112,15,100028,,B 北京,617
010-82818666,,北京博瑞祥弘汽车销售服务有限公司,116.370533,北京市朝阳区德胜门外双泉堡花虎沟2号,40.018694,北京,,S711055,1,112,15,100192,,B 北京,618
010-82771166,,北京上地四方汽车销售服务有限公司,116.319601,北京市海淀区信息路33号,40.031301,北京,,S711052,1,112,15,100084,,B 北京,626
010-69288887,,北京运通兴恩汽车销售服务有限公司,116.434120,北京市大兴区西红门镇中鼎路11号,39.741696,北京,,S711051,1,112,15,100076,,B 北京,673
010-80106289,,北京捷亚泰万兴汽车销售有限公司,116.229475,北京市昌平区城北街道西关昌平南桥西侧50米,40.215460,北京,,S711057,1,112,15,102200,,B 北京,676
010－61229988,,北京庆洋惠众汽车服务有限公司,116.29476,北京市大大兴区黄村镇狼芦花路临6号,39.799158,北京,,S711061,1,112,15,102613,,B 北京,715
010-62841166,,北京海联力捷汽车销售服务有限公司,116.333129,北京市海淀区西三旗环岛南300米路西,40.065088,北京,,S711058,1,112,15,100000,,B 北京,717
010-62730808,,北京长久博众汽车销售服务有限公司,116.255228,北京市海淀区西北旺百旺绿谷汽车园,40.056337,北京,,S711060,1,112,15,100124,,B 北京,739
010-61447188/010-61447177,,北京运通嘉恩汽车销售服务有限公司,116.532990,北京市顺义区赵全营镇牛板路板桥段43号,40.217725,北京,,S711059,1,112,15,101322,,B 北京,785
010-53235500,,北京鑫港汇众汽车销售服务有限公司,116.56965,北京市朝阳区金盏乡小店村西东苇路路02号 ,40.019179,北京,,S711062,1,112,15,,,B 北京,951
010-64326688,,北京骏宝捷汽车销售服务有限公司,116.497753,北京市朝阳区将台乡坝河北岸8号大众汽车体验中心,39.97376,北京,,S711063,1,112,15,100016,,B 北京,1137
13601244419,,北京良乡万达工贸有限公司汽车修理分公司,116.12884,北京市房山区良乡月华大街28号1幢101,39.736032,北京,,7581154A1,4,112,15,102488,,B 北京,1138
023-68961788,,重庆商社汽车贸易有限公司,106.502260,重庆市九龙坡区谢陈路1号(汽车研究所旁),29.529540,重庆,,S755002,1,118,17,400039,,C 重庆,125
023-63677777,,重庆龙华实业集团众友汽车销售服务有限公司,106.535677,重庆市渝中区长江一路77号1F,29.55078,重庆,,S755012,1,118,17,400015,,C 重庆,126
023-85729000,,重庆百事达华博汽车销售服务有限公司,108.405167,重庆市万州区沙龙路三段三峡国际车界内,30.775407,重庆,,S755009,1,118,17,404000,,C 重庆,521
023-63253666/63253377,,重庆龙华实业集团众华汽车销售服务有限公司,106.508661,重庆市渝中区经纬大道777号,29.552247,重庆,,S755011,1,118,17,400042,,C 重庆,625
023-67115777,,重庆龙华实业集团协众汽车销售服务有限公司,106.544046,重庆市渝北区黄龙路168号,29.603163,重庆,,S755010,1,118,17,401147,,C 重庆,714
023-60390777,,重庆盛驰汽车有限公司,106.583796,重庆市北部新区经开园金渝大道99号附23-1（汽博中心英菲尼迪4s店旁）,29.648789,重庆,,S755013,1,118,17,,,C 重庆,868
023-42717616,,重庆商社众志渝涵汽车销售有限公司,106.287488,重庆市合川区高阳路北部汽车工业园9号楼 ,29.946505,重庆,,S255002,1,118,17,,,C 重庆,918
023-85698000,,重庆百事达华驰汽车销售服务有限公司,107.371438,重庆市涪陵区桥南大道电信局旁 ,29.722273,重庆,,S255001,1,118,17,,,C 重庆,928
023-61691555-1,,重庆万家凯迪汽车销售服务有限公司,106.482054,重庆市大渡口区金桥路9号,29.461319,重庆,,S755016,1,118,17,,,C 重庆,1023
13308327287,,重庆商社汽车贸易有限公司铜梁分公司,106.079,铜梁县白龙二路,29.823336,重庆,,S755002M1,2,118,17,,,C 重庆,1092
023-62855111,,重庆长久博鑫汽车销售服务有限公司,106.33,重庆市巴南区巴南大道66号,29.28,重庆,,S755014,1,118,17,40054,,C 重庆,1127
0591-83433311,,福建省福京汽车贸易有限公司,119.356488,福州市仓山区黄山华夏汽车城内,26.018299,福州,,S935001,1,15,3,350019,,F 福建,245
0591-87956577,,福州永力通汽车贸易有限公司,119.326922,福州市五四北利嘉路（山姆小镇对面）,26.139169,福州,,S735011,1,15,3,350013,,F 福建,246
0591-88001888,,福州盈众汽车有限公司,119.207467,福州市闽侯县工贸路,26.080385,福州,,S735023,1,15,3,,,F 福建,443
0591-22260038,,福建永通达汽车贸易有限公司,119.395839,福州闽侯县祥谦镇枕峰村（原一汽大众福州中转站内）	,25.942528,福州,,S735029,1,15,3,350000,,F 福建,724
0595-85677661           ,,晋江市金阳汽车销售有限公司,118.588729,晋江市和平中路36号,24.802563,晋江,,S735017,1,16,3,362200,,F 福建,86
0597-2568888,,龙岩市众邦汽车贸易有限公司,116.972270,龙岩市新罗区龙门镇物流大道330号,25.103175,龙岩,,S735015,1,17,3,364015,,F 福建,410
597-2821555,,龙岩盈众汽车有限公司,117.0518,福建省龙岩市新罗区东城南环东路54号,25.094113,龙岩,,S735031,1,17,3,364000,,F 福建,725
0594-2888886,,莆田市奇奇贸易发展有限公司,119.057942,福建省莆田市荔城区西天尾镇龙山村,25.478001,莆田,,S735012,1,18,3,351131,,F 福建,422
0594-2705555,,莆田华迪汽车有限公司,118.974006,莆田市城厢区华亭镇山牌村,25.411774,莆田,,S235003,1,18,3,351100,,F 福建,1131
0595-22416888,,泉州盈众汽车销售服务有限公司,118.522714,泉州市鲤城区南环路1234-1236号,24.913687,泉州,,S735019,1,19,3,362000,,F 福建,205
0595-22498855,,泉州大众汽车销售服务有限公司,118.558029,泉州市清骺萍脊ひ登1-2A,24.879418,泉州,,S935010,1,19,3,362005,,F 福建,247
0595-27661111,,惠安盈众汽车销售服务有限公司,118.785087,福建省泉州市惠安县城南工业区华辉玻璃旁,25.002700,泉州,,S235002,1,19,3,362000,,F 福建,700
0595-22476888,,安溪华迪汽车销售服务有限公司,118.234488,福建省安溪县参内乡城工业园参洋片区参山村村部,25.092299,泉州,,S235001,1,19,3,,,F 福建,865
0595-26892988,,南安盈众汽车销售服务有限公司,118.406894,福建省南安市美林街道柳美北路（火车站对面）,24.991958,泉州,,S735033,1,19,3,,,F 福建,969
13559590206,,泉州盈众汽车销售服务有限公司德化分公司,118.215547,福建省泉州市德化县龙浔镇丁溪村小溪,25.49078,泉州,,S735019M1,2,19,3,,,F 福建,1100
13400691313,,泉州盈众汽车销售服务有限公司永春分公司,118.306002,福建省永春县德风工业区,25.313939,泉州,,S735019M2,2,19,3,,,F 福建,1101
0592-6025588,,厦门市盈众汽车销售有限公司,118.121437,厦门市湖里区嘉禾路799号,24.529480,厦门,,S735007,1,20,3,361006,,F 福建,299
0592-2195588,,厦门致远汽车有限公司,118.155306,福建省厦门市湖里区金尚路1968号（车管所路口）,24.522023,厦门,,S735022,1,20,3,361000,,F 福建,461
0592-7153888,,厦门君达汽车有限公司,118.136698,福建省厦门市同安区圳南二路89号（同安高速路口旁）,24.671232,厦门,,S735026,1,20,3,361100,,F 福建,552
0592-5799188,,厦门明至汽车有限公司,118.067714,厦门市集美区后溪镇汽车物流中心,24.638283,厦门,,S735032,1,20,3,361000,,F 福建,776
0596-2988999,,漳州盈众汽车销售服务有限公司,117.708018,漳州市龙文区石仓九龙门斜对面（市外贸仓库东侧）,24.517402,漳州,,S735020,1,21,3,363005,,F 福建,85
0596-2219888,,漳州致远汽车有限公司,117.622953,漳州市芗城区金峰经济开发区彰华路与漳龙高速引路叉口,24.601606,漳州,,S735030,1,21,3,363000,,F 福建,683
18906068880,,漳州盈众汽车销售服务有限公司龙海分公司,117.855811,龙海市二环路海澄段珠浦村珠浦社,24.412983,漳州,,S735020M1,2,21,3,,,F 福建,1076
0599-8883688,,南平盈众汽车有限公司,118.129767,南平市西芹水溪口交通枢纽中心南平盈众汽车,26.589824,南平,,S735024,1,23,3,353000,,F 福建,550
0598-8968111,,三明盈众汽车有限公司,117.656110,三明市梅列区陈大镇德安工业区8号,26.299425,三明,,S735021,1,211,3,365000,,F 福建,460
0591-85970333,,福州致远汽车销售服务有限公司,119.404579,福建省福清市龙江街道倪铺村口,25.697206,福清,,S735027,1,234,3,350300,,F 福建,549
0593-2653999,,宁德盈众汽车有限公司,119.568969,宁德市东乔经济开发区塔南工业区,26.646043,宁德,,S735025,1,235,3,352100,,F 福建,551
0769-81879888,,东莞庞大一众汽车销售服务有限公司,113.764592,东莞市长安镇沙头南区振安中路683号,22.786129,东莞,,S744069,1,27,5,523861,,G 广东,109
0769-22909788/0769-22405171,,东莞市捷达通贸易有限公司,113.738101,广东省东莞市南城区莞太路新基路段,23.006941,东莞,,S744011,1,27,5,523076,,G 广东,134
0769-89271000                ,,东莞市昌发汽车贸易有限公司,113.676828,东莞市虎门白沙社区莞太路虎门段74号,22.867519,东莞,,S744035,1,27,5,523912,,G 广东,143
0769-83266988,,东莞市新大地汽车贸易有限公司,113.865241,东莞市寮步镇莞樟路塘唇段55号,23.023029,东莞,,S744012,1,27,5,523407,,G 广东,264
0769-81915888,,东莞市鸿众汽车销售服务有限公司,113.972061,东莞市常平镇环常西路桥梓路段桥南路1号,22.974472,东莞,,S744057,1,27,5,523560		,,G 广东,645
0769-85992323,,东莞市锦众汽车贸易有限公司,113.691062,东莞市厚街镇三屯村S256省道旁			,22.959262,东莞,,S744060,1,27,5,523960,,G 广东,646
0769-39019008,,东莞市东深奇建汽车销售服务有限公司,114.084202,东莞市樟木头镇东深公路樟罗村委会路段（土名：果园门）,22.912123,东莞,,S744066,1,27,5,523618,,G 广东,794
0751-8288811,,韶关市亿华汽车贸易有限公司,113.592766,广东省韶关市浈江区韶南大道4公里亿华汽车世界,24.768089,韶关,,S744045,1,28,5,512023,,G 广东,145
0758-2737333,,肇庆市安迅汽车有限公司,112.501777,肇庆市端州区105区肇庆大道北侧,23.106163,肇庆,,S744061,1,29,5,526060,,G 广东,680
0663-3258999,,揭阳合和汽车销售服务有限公司,116.443425,揭阳市揭东试验区站前大道与池樟线交界处,23.574329,揭阳,,S744059,1,30,5,515500,,G 广东,655
0668- 2821188,,茂名市茂南茂汉汽车贸易有限公司,110.923844,茂名市茂南开发区茂南大道西,21.637999,茂名,,S744043,1,31,5,525000,,G 广东,265
17722290597,,茂名市茂南茂汉汽车贸易有限公司信宜市分公司,121.643145,广东省茂名市信宜市东镇街道六运社区居委会坡尾村,30.917933,茂名,,7584416A1,4,31,5,525000,,G 广东,1143
"0752-3916628,3916638",,惠州市志通恒泰汽车销售服务有限公司,114.466462,惠州市惠阳区淡水桥背村永兴路改,22.825086,惠州,,S744062,1,32,5,516211,,G 广东,679
0752-5766366,,惠州市金瑞欣汽车销售有限公司  ,114.461357,惠州市三栋镇惠南汽车城旁,22.982053,惠州,,S744078,1,32,5,,,G 广东,1047
0752-5838888,7584464,惠州市辉达惠众汽车有限公司,114.3948139099,惠州市惠博沿江路金山汽车城2街8号,23.1313731320,惠州,,S744079,3,32,5,516003,,G 广东,2028
0750-2637011,,江门市钜荣汽车销售服务有限公司,113.083284,江门市江海区银帆路2号5幢,22.55654,江门,,S744070,1,33,5,529000,,G 广东,57
0750-3688888,,江门市新众汽车销售服务有限公司,113.068716,江门市江门市建设三路169号,22.643852,江门,,S744040,1,33,5,529000,,G 广东,139
0754-88108562,,汕头市裕丰交通经济发展有限公司,116.692377,广东省汕头市金湖路42号,23.380894,汕头,,S744024,1,34,5,515021,,G 广东,140
0754-86712888,,汕头市庞大一众汽车销售服务有限公司,116.74431,广东省汕头市龙湖区泰山路东侧-大众4S店南侧,23.409207,汕头,,S744072,1,34,5,,,G 广东,899
0756-8682009/8682010,,珠海市珠光汽车有限公司,113.482988,珠海市南屏珠海大道屏东一路2号,22.219775,珠海,,S944017,1,35,5,519060,,G 广东,129
0756-8508552,,珠海市香洲一汽汽车销售有限公司,113.523614,珠海市香洲区蓝盾路9号,22.284808,珠海,,S944011,1,35,5,519000,,G 广东,263
0760-88552622,,中山市创世纪汽车有限公司,113.359654,中山市西区彩虹大道东（埃索加油站侧）,22.553139,中山,,S744006,1,36,5,528401,,G 广东,132
0760-22448888,,中山市众腾汽车有限公司,113.415603,中山市东区长江路363号（长城加油站对面）,22.559119,中山,,S744053,1,36,5,528403,,G 广东,664
0760-89969933,,中山庞大一众汽车销售服务有限公司,113.460683,中山市火炬开发区大岭工业区20号之一2号商铺  ,22.536634,中山,,S744076,1,36,5,,,G 广东,979
0759-3272788,,湛江市正日汽车贸易有限公司,110.387947,湛江市人民大道北38号,21.264866,湛江,,S744042,1,37,5,524043,,G 广东,368
0755-83052273/0755-28696900,,深圳市奇建贸易有限公司,114.038352,深圳市福田区红荔西路香蜜湖联合华鹏专业市场内,22.547379,深圳,,S944012,1,38,5,518048,,G 广东,128
0755-25117666,,深圳市安进汽车贸易有限公司,114.149583,深圳市罗湖区新秀路东益汽车交易广场B15号,22.552711,深圳,,S744021,1,38,5,518002,,G 广东,138
0755-27495000,,深圳市昊天林实业有限公司,113.859793,深圳市宝安107国道西乡段洲石立交西北侧,22.623908,深圳,,S744023,1,38,5,518032/518102,,G 广东,262
0755-86035166,,深圳市南方腾龙汽车销售服务有限公司,113.91199,深圳市南山区南头街道宝安大道以北双界河以东嘉进隆前海汽车城A02-2,22.553886,深圳,,S744051,1,38,5,518052,,G 广东,507
0755-28696900,,深圳市北奇建贸易有限公司,114.293598,深圳市龙岗区龙岗街道龙东社区爱南路99号,22.714417,深圳,,S744063,1,38,5,518000,,G 广东,726
0755-29001111,,深圳市清水河奇建贸易有限公司,114.118059,深圳市罗湖区清水河三路18号深业车城博兴大厦BX-101号,22.58461,深圳,,S744064,1,38,5,,,G 广东,887
0755-81701888,,深圳市昊天林安琪汽车有限公司,114.099756,深圳市龙华新区观澜办事处新田村（环观南路与观平路交界） ,22.707552,深圳,,S744075,1,38,5,,,G 广东,966
13428673616,,深圳市奇建贸易有限公司龙华分公司,114.061253,深圳市龙华新区民治民康路1号华南物流中心10号仓一楼10号,22.621877,深圳,,7584407A1,4,38,5,518131,,G 广东,1139
020-86328882-801/020-86328882-802,,广东君乐汽车贸易有限公司,113.267498,广州市白云区机场路888号（新市广物汽车市场内）,23.190607,广州,,S944002,1,39,5,510410,,G 广东,127
020-82168618,,广州市锦众汽车贸易有限公司,113.419203,广州市天河区黄村奥体路53号,23.141369,广州,,S744019,1,39,5,530630,,G 广东,137
020-37290396 ,,广州市梅花园汽车销售服务有限公司,113.325719,广州市广州大道北梅花园汽车修理厂内一汽-大众,23.185046,广州,,S744015,1,39,5,510510,,G 广东,260
020-34820699,,广东物通凯骏汽车有限公司,113.343744,广州市迎宾路183号物通汽车城,23.020868,广州,,S744046,1,39,5,511430,,G 广东,411
020-34615201,,广州市健稳汽车贸易有限公司,113.400502,广州市番禺区桥南街蚬涌村市南公路西侧,22.925650,广州,,S744048,1,39,5,511483,,G 广东,474
020-28806961,,广州市大吉汽车销售服务有限公司,113.311228,广州市白云区白云大道北1395号,23.238085,广州,,S744049,1,39,5,510440,,G 广东,489
020-28615500,,广州市南菱万众汽车维修服务有限公司,113.255972,广州市花都区新华街镜湖大道10号自编之二房,23.375107,广州,,S744056,1,39,5,510800,,G 广东,710
020-31003688,,广州庞大一众汽车销售服务有限公司,113.307119,广州市番禹区石壁街创源路20号104,22.96783,广州,,S744068,1,39,5,,,G 广东,874
020-62315088,,广州市安捷鑫众汽车有限公司,113.464177,广州市萝岗区科丰路31号G10栋101,23.153516,广州,,S744077,1,39,5,,,G 广东,1002
020-26232888,,广州庞大兴众汽车销售有限公司,113.796302,广州市荔城区增城大道三联路段（金马香颂居旁）,23.285348,广州,,S244002,1,39,5,,,G 广东,1049
0757-86367111,,佛山市合诚汽车销售服务有限公司,113.159425,广东省佛山市南海区桂澜路石石肯路桂城D4街区,23.003640,佛山,,S744031,1,40,5,528200,,G 广东,141
0757-22380030,,佛山市顺德区世锦汽车贸易有限公司,113.242381,佛山市顺德区大良街道办事处新蚓游会23号,22.856412,佛山,,S744050,1,40,5,528300,,G 广东,142
0757-86368988,,佛山市南海区拓华汽车贸易有限公司,113.146517,佛山市南海区桂城叠虼蟮G12号地,23.042977,佛山,,S744039,1,40,5,528200,,G 广东,266
0757-66630888/0757-66630880,,佛山市英丰汽车销售服务有限公司,113.101095,佛山市五峰四路与东鄱路交汇处,23.033114,佛山,,S744058,1,40,5,528000,,G 广东,654
0757-88020888,,佛山市瀚众汽车贸易服务有限公司,113.0127,佛山市禅城区南庄镇紫洞璐南庄三中以北200米,23.0007,佛山,,S744067,1,40,5,528061,,G 广东,736
0757-85660030,,佛山市广物君乐汽车销售服务有限公司,113.178408,佛山市南海区里水镇佛山一环东侧水口路出口广佛汽车城内,23.177243,佛山,,S744074,1,40,5,,,G 广东,1009
0757-66820888,,佛山时利和众联汽车销售服务有限公司,112.923313,佛山市南海区狮山镇狮岭村马二经济社上凼地段之一,23.155464,佛山,,S744073,1,40,5,,,G 广东,1016
0768-2981491,,潮州市通达汽车贸易有限公司,116.622645,潮州市湘桥区潮州大道泰安路,23.670357,潮州,,S744018,1,41,5,521031,,G 广东,136
0763-3856699,,清远南方合众汽车销售服务有限公司,113.028177,清远市清城区人民路与二桥引道交接处,23.68409,清远,,S744052,1,236,5,511515,,G 广东,553
0762-6791888,,河源市德宝汽车贸易有限公司,114.723234,河源市东环路河源市超然汽车市场内,23.702030,河源,,S744054,1,283,5,517475,,G 广东,659
0753-8662888,,梅州市新宇汽车销售服务有限公司,116.068242,广东省梅县扶大高新区广梅南路286号,24.285959,梅州,,S744055,1,286,5,514000,,G 广东,665
0662-3501111,,阳江安捷源众汽车销售服务有限公司,111.990897,阳江市江城区金山路南侧边,21.888358,阳江,,S744065,1,301,5,529500,,G 广东,754
0660-3419888-1,,汕尾市君乐汽车销售服务有限公司,115.371187,广东省汕尾市城区海汕公路浦边工业区,22.833535,汕尾,,S244001,1,339,5,,,G 广东,893
0771-3220555,,广西鑫广达长久汽车商贸有限公司,108.278116,南宁市科园大道55号,22.864581,南宁,,S745015,1,24,4,530003,,G 广西,268
0771-2869688,,广西鑫广达博冠汽车销售服务有限公司,108.399071,广西南宁市兴宁区昆仑大道116号大盆坡,22.87513,南宁,,S745021,1,24,4,,,G 广西,901
0771-4920456,,广西弘捷汽车销售服务有限公司,109.44469,广西南宁市江南区南站大道北侧汽车城,24.29297,南宁,,S945001,1,24,4,,,G 广西,1060
0773-2662666,,桂林鑫广达汽车销售服务有限责任公司,110.321519,桂林市灵川县八里街经济开发区桂林大西南汽车城区八里七路,25.359571,桂林,,S745014,1,25,4,541213,,G 广西,379
0773-7998863,,桂林长久博众汽车销售服务有限公司,110.174587,桂林市临桂县临桂镇机场路北侧真龙物流园内,25.27043,桂林,,S745024,1,25,4,,,G 广西,1004
0772-3019688,,柳州鑫广达博腾汽车销售服务有限公司,109.442877,柳州市城中区双拥大道河东村第三产业B地块,24.377483,柳州,,S745020,1,26,4,545006,,G 广西,84
0772-3122019 ,,柳州市盛铭汽车贸易有限公司,109.44469,广西柳州市燎原路7号,24.29297,柳州,,S745002,1,26,4,545006,,G 广西,147
0775-2296888,,玉林市弘标汽车销售服务有限公司,110.181440,玉林市教育东路31号,22.658863,玉林,,S745016,1,223,4,537000,,G 广西,476
0775-4553318,,贵港市弘捷汽车销售服务有限公司,109.610326,贵港市金港大道834号（石油大厦对面）,23.111701,贵港,,S745019,1,302,4,537100,,G 广西,755
0778-2211888,,河池市弘捷汽车销售服务有限公司,108.074565,河池市南环路温洞隧道口东侧,24.677577,河池,,S745018,1,304,4,547000,,G 广西,757
0777-2851555,,钦州弘捷汽车销售服务有限公司,108.643228,广西钦州市安州大道东面、市三中东面钦州弘捷一汽大众4s店销售展厅,21.947525,钦州,,S245001,1,326,4,,,G 广西,831
0776-2382888,,百色鑫广达长久汽车销售服务有限公司,106.673626,广西百色市右江区进城大道与东环路交汇处,23.862062,百色,,S745023,1,366,4,,,G 广西,1033
0779-2071666,,北海鑫广达博鑫汽车销售服务有限公司,109.119136,广西北海市云南路与江苏路交汇处,21.439732,北海,,S745022,1,368,4,,,G 广西,1039
0931-8342888,,兰州金岛汽车销售有限公司,103.854545,兰州市城关区北滨河东路88号,36.074810,兰州,,S762002,1,13,2,730000,,G 甘肃,155
0931-2510188,,兰州庞大一众汽车销售服务有限公司,103.692868,甘肃省兰州市七里河区南滨河西路天缘建材市场向西200米,36.096438,兰州,,S762008,1,13,2,730050,,G 甘肃,423
0931-7718888,,兰州新纪元汽车销售服务有限公司,103.640687,兰州市安宁区北滨河西路88号（安宁）国际汽车城,36.143939,兰州,,S762012,1,13,2,730070,,G 甘肃,709
0931-8366644,,兰州金盛强汽车销售有限公司,103.822254,兰州市皋兰县忠合镇大砂沟,36.144333,兰州,,S762013,1,13,2,730030,,G 甘肃,745
0937-6391689,,甘肃友好汽车服务有限责任公司,98.321271,嘉峪关市体育大道东2458号,39.784308,嘉峪关,,S762006,1,14,2,735100,,G 甘肃,156
0943-8308555,,白银庞大一众汽车销售服务有限公司,104.173980,甘肃省白银市白银区王岘西路37号,36.539079,白银,,S762009,1,264,2,730900,,G 甘肃,445
0935-8337766,,金昌赛亚汇通汽车销售服务有限公司,102.242634,金昌市经济技术开发区泰安路南侧,38.534134,金昌,,S262001,1,333,2,,,G 甘肃,866
0937-2609988,,酒泉金岛汽车销售服务有限公司,98.428828,酒泉市高新技术工业园区（西园）,39.769301,酒泉,,S762015,1,336,2,,,G 甘肃,876
0933-8555111,,平凉润之杰汽车销售服务有限公司,106.635907,甘肃省平凉市崆峒区八里桥以西国道312线南侧,35.572747,平凉,,S762016,1,345,2,,,G 甘肃,913
 0935-2352288,,武威赛亚汇众汽车销售服务有限公司,102.690756,甘肃省武威市凉州区武威工业园区（天马大道与金山南路十字西南角） ,37.889072,武威,,S762018,1,356,2,,,G 甘肃,995
0930-6220108,,临夏州源通汽车销售有限公司,103.242024,甘肃省临夏州临夏市南龙镇穆斯林物流园区,35.591771,临夏,,S262002,1,360,2,,,G 甘肃,1010
0934-8357222/8357333,,庆阳恒众汽车销售服务有限公司,107.624082,甘肃省庆阳市西环路北段延伸段陇东汽车城 ,35.771272,庆阳,,S762019,1,369,2,,,G 甘肃,1040
0851-3816688,,贵州利和汽车贸易有限公司,106.749525,贵阳市孟关国际汽车城,26.410432,贵阳,,S952002,1,42,6,550006,,G 贵州,120
0851-83849555,,贵州四扬汽车销售服务有限公司,106.719347,贵阳市小河西南环线150号,26.510971,贵阳,,S952007,1,42,6,550009,,G 贵州,121
0851-6502525,,贵州汽车修理公司,106.670168,贵阳市云岩区白云大道224号,26.614067,贵阳,,S952003,1,42,6,550003,,G 贵州,257
0852-7349888,,遵义华来金汽车贸易有限公司,106.888579,贵州省遵义市遵义县遵南大道黔北汽博中心,27.633758,遵义,,S752001,1,43,6,563100,,G 贵州,9
0852-3160111,,遵义市千汇汽车销售服务有限公司,106.941489,贵州省遵义市汇川区汇川大道中段一汽-大众4S店内,27.745571,遵义,,S752002,1,43,6,563000,,G 贵州,727
0851-27557555,,遵义鑫华众汽车销售服务有限公司,107.094947,贵州省遵义市新蒲新区新龙大道汽车市场,27.724526,遵义,,S752011,1,43,6,,,G 贵州,1056
0859-3734888,,兴义市恒信众联汽车销售服务有限公司,104.863754,兴义市坪东大道木贾物流园内,25.13161,兴义,,S752003,1,291,6,562400,,G 贵州,678
0853-3517888,,安顺恒信众联汽车销售服务有限公司,106.009786,贵州省安顺市西秀区工业园两六公路1.5公里处,26.281347,安顺,,S752005,1,316,6,561000,,G 贵州,803
0855-8690666,,凯里恒信众联汽车销售服务有限公司,107.918256,凯里市鸭塘镇果园场舟溪路口,26.536754,凯里,,S752004,1,317,6,556000,,G 贵州,31
0856-3465777,,铜仁恒信众联汽车销售服务有限公司,109.170826,贵州省铜仁市万山区谢桥办事处塘家寨村火焰塘村民组63号,27.690324,铜仁,,S752008,1,341,6,,,G 贵州,900
0854-8311456,,都匀恒信众联汽车销售服务有限公司,107.466488,贵州省都匀市甘塘产业园区文明村佘家村,26.315463,都匀,,S752007,1,344,6,,,G 贵州,909
0858-6238688,,六盘水和通汽车销售服务有限公司,104.914654,贵州省六盘水市红桥新区,26.545693,六盘水,,S752006,1,348,6,,,G 贵州,925
0312-5999000/5999001,,保定市中冀汽车贸易集团有限公司,115.573948,保定市七一东路民营科技园中冀汽贸,38.88152,保定,,S713017,1,54,8,071000,,H 河北,43
0312-2062000,,保定市耀达正博汽车销售服务有限公司,115.550762,保定市长城北大街2353号,38.911077,保定,,S713053,1,54,8,071000,,H 河北,56
0312-2811288,,高碑店市新海轿车销售有限公司,115.872201,河北省高碑店市亚威桥西亚威路1号,39.349029,保定,,S213011,1,54,8,074000,,H 河北,346
0312-5081111/0312-5081112,,保定市朗尊汽车销售服务有限公司,115.497064,保定市南二环路1968号,38.823177,保定,,S713038,1,54,8,071000,,H 河北,675
0312-2351158,,定州轩宇俊鹏汽车销售服务有限公司,114.932116,定州市长安工业园工业学校西行100米路南,38.554437,保定,,S713054,1,54,8,,,H 河北,856
0312-3188276/3188277,,保定轩宇昆泰汽车销售服务有限公司,115.475053,保定市朝阳北大街1211号,38.908043,保定,,S713062,1,54,8,,,H 河北,1027
0319-2619666,,邢台亿龙汽车销售服务有限公司,114.493080,邢台市北外环迎宾路中段,37.110635,邢台,,S713022,1,56,8,54001,,H 河北,39
0319-5559999,,邢台瑞龙汽车服务有限公司,114.454416,邢台市桥西区郭守敬大道两侧,37.105943,邢台,,S713035,1,56,8,54000,,H 河北,556
0319-3222000,,邢台阔龙汽车销售服务有限公司,114.534374,邢台市桥东区北外环长信段路南梁庄北路A座,37.110031,邢台,,S713043,1,56,8,054000,,H 河北,793
0319-5539988,,清河县惠龙汽车销售服务有限公司,115.677433,河北省清河县新世纪大街北侧文昌中路东侧,37.048644,邢台,,S213018,1,56,8,,,H 河北,835
15930065586,,邢台亿龙汽车销售服务有限公司宁晋县分公司,114.909057,邢台市宁晋县西三环东侧、庆和街北侧,37.634044,邢台,,S713022M1,2,56,8,,,H 河北,1089
13903295454,,清河县惠龙汽车销售服务有限公司南宫分公司,115.420688,河北省南宫市腾飞路与邢德线交叉口东侧蓝池汽车城院内,37.339065,邢台,,7581362A1,4,56,8,054000,,H 河北,1145
0315-2863801,,唐山市冀东汽车销售有限公司,118.204365,唐山市路南区复兴路南口1号,39.604189,唐山,,S713005,1,57,8,063000,,H 河北,40
0315-5368088,,乐亭县荣川朗基伦汽车销售有限公司,118.939271,河北省唐山市乐亭县东外环庞河加油站北100米荣川汽贸,39.433066,唐山,,S213014,1,57,8,,,H 河北,118
0315-5161515,,唐山市庞大一众汽车销售有限公司,118.157573,唐山丰润区唐丰路西侧,39.785692,唐山,,S713034,1,57,8,064000,,H 河北,598
0315-7612161,,迁安市庞大一众汽车销售有限公司,118.731723,河北省迁安市丰安大路南段西侧,40.000254,唐山,,S713036,1,57,8,064400,,H 河北,619
0315-5285677,,唐山朗基伦汽车销售有限公司,118.112295,唐山市机场路立交桥北侧荣川汽车园区,39.675884,唐山,,S713016,1,57,8,064001,,H 河北,647
0315-5037887,,滦县庞大一众汽车销售有限公司,118.725975,河北省唐山滦县新城立交桥东侧,39.764076,唐山,,S713049,1,57,8,063700,,H 河北,687
0315-5775111,,唐山市庞大众跃汽车销售服务有限公司,118.267108,唐山开平区开越路东侧唐山现代装备制造工业区内,39.639122,唐山,,S713045,1,57,8,063021,,H 河北,741
0315-5037887,,滦南荣川朗基伦汽车销售有限公司,118.672372,河北省唐山市滦南县城汽车检修站东行200米,39.498329,唐山,,S213006,1,57,8,063500,,H 河北,766
0315-5050200,,玉田县庞大一众汽车销售有限公司,117.718056,河北省唐山市玉田县高西外环银河中学东侧 ,39.902042,唐山,,S713051,1,57,8,,,H 河北,941
0315-8355111,,唐山市富瑞汽车贸易有限公司,118.086999,唐山市丰南区西南环线与迎宾大道交叉口南侧,39.593448,唐山,,S713056,1,57,8,,,H 河北,1012
0335-3869195-1,,秦皇岛新源汽车销售维修有限公司,119.567535,秦皇岛市海港区北港大街101号,39.982618,秦皇岛,,S713004,1,59,8,066000,,H 河北,231
0335-7992900,,青龙满族自治县庞大一众汽车销售有限公司,118.902277,河北省秦皇岛市青龙满族自治区青龙镇逃军山村,40.415653,秦皇岛,,S213005,1,59,8,066500,,H 河北,765
0335-5807000,,秦皇岛市庞大一众汽车销售有限公司,119.518289,秦皇岛市经济技术开发区祁连山北路,39.953349,秦皇岛,,S713029,1,59,8,,,H 河北,843
0316-6060068,,廊坊市冀东汽车销售有限公司,116.753895,河北省廊坊市开发区金源道100号,39.579564,廊坊,,S713009,1,60,8,065000,,H 河北,228
0316-5755777,,三河巨丰弘迪汽车维修服务有限公司,116.856427,河北省三河市燕郊开发区东环路雪花啤酒厂北侧,39.973071,廊坊,,S213003,1,60,8,065201,,H 河北,695
0316-2807222,,廊坊市庞大一众汽车销售服务有限公司,116.672466,廊坊市安次区安次工业园区,39.487103,廊坊,,S713044,1,60,8,065000,,H 河北,740
0316-5616000/2727916,,大城县亿龙汽车销售有限公司,116.654304,河北省廊坊市大城县现代制造业园区,38.793648,廊坊,,S213012,1,60,8,,,H 河北,852
18033621010,,霸州市云海汽车销售服务有限公司,116.393878,河北省霸州市京开路西侧牛业庄村 ,39.092672,廊坊,,S713059,1,60,8,,,H 河北,942
0311-85653338 ,,河北众捷汽车贸易有限公司,114.554123,石家庄市北二环东路86号,38.080165,石家庄,,S713025,1,61,8,050000,,H 河北,38
0311-86129771,,河北世纪汽车贸易有限公司,114.520286,石家庄市南二环东路3号,38.007775,石家庄,,S713011,1,61,8,050021,,H 河北,226
0311-83861699,,石家庄市冀中汽车贸易有限公司,114.443075,石家庄市西二环南路188号,38.026477,石家庄,,S713027,1,61,8,050091,,H 河北,227
0311-68008822,,石家庄市庞大一众汽车销售有限公司,114.447739,石家庄市和平西路598号,38.068572,石家庄,,S713039,1,61,8,050000	,,H 河北,639
0311-89895788,,石家庄晨阳和众汽车贸易有限公司,114.601954,石家庄市长安区和平东路453号,38.06183,石家庄,,S713042,1,61,8,050000,,H 河北,770
0311-87779977,,石家庄晨阳汽车贸易有限公司,114.463612,石家庄市北二环西路318号,38.091374,石家庄,,S713018,1,61,8,,,H 河北,827
0311-87516066,,石家庄晨阳博众汽车贸易有限公司,115.081326,河北省石家庄晋州市中兴路与东环交叉口西北角,38.030879,石家庄,,S213016,1,61,8,,,H 河北,860
0311-87538777,,石家庄晨阳详云汽车贸易有限公司,114.576724,正定县燕赵大街与107国道交叉口路东南侧 ,38.183629,石家庄,,S713058,1,61,8,,,H 河北,938
0311-83499281,,辛集市车是客汽车贸易有限公司,115.219486,河北省辛集市迎宾路北段西侧 ,37.965042,石家庄,,S713057,1,61,8,,,H 河北,939
0311-87526001,,石家庄晨阳汇众汽车贸易有限公司,114.829636,藁城市廉州镇南马村（藁梅路中段路西） ,38.019476,石家庄,,S213017,1,61,8,,,H 河北,946
13831150791,,石家庄晨阳汽车贸易有限公司无极县分公司,114.984157,河北省石家庄市无极县S234省道西侧,38.237009,石家庄,,S713018M1,2,61,8,,,H 河北,1097
0310-5568886,,邯郸市顺达汽车贸易有限公司,114.222738,河北省邯郸市武安市摩托车市场北,36.711971,邯郸,,S713020,1,62,8,056300,,H 河北,292
0310-8030300,,邯郸市华信泰达汽车贸易有限公司,114.544931,邯郸市东环路与雪驰路交叉口西行50米路北,36.598779,邯郸,,S713026,1,62,8,56000,,H 河北,356
0310-5708588,,邯郸市华迈汽车销售服务有限公司,114.510451,北环路与新兴大街交叉口东200米路南汽车北站院内东侧,36.660748,邯郸,,S713033,1,62,8,056002,,H 河北,496
0310-6500333,,邯郸市帅祺汽车贸易有限公司,115.120265,河北省邯郸市大名县城西大道北侧（大名县耀华国际汽车城内）,36.302245,邯郸,,S213001,1,62,8,056900,,H 河北,749
0310-8139881,,邯郸市华信进贤汽车贸易有限公司,114.526003,邯郸县南堡乡中堡村（支漳河以东，滏东大街南延以西）,36.57251,邯郸,,S713041,1,62,8,56001,,H 河北,799
0310-5509999,,邯郸市华锦汽车销售服务有限公司,114.47029,邯郸市邯山区邯磁路北张庄村北,36.566803,邯郸,,S713048,1,62,8,,,H 河北,848
0310-6666611/6666950,,永年县瑞龙汽车销售服务有限公司,114.512542,河北省邯郸市永年县临名关镇开发区火炬街东段路南 ,36.792116,邯郸,,S213013,1,62,8,,,H 河北,947
0310-5071818,,磁县万合汽车贸易有限公司,114.409296,河北省邯郸市磁县磁州镇西候召村东 ,36.361714,邯郸,,S213015,1,62,8,,,H 河北,997
0317-3089333,,沧州市瑞华汽车贸易有限公司,116.924253,沧州市开发区沧盐路与307国道交叉口南行500米路东,38.283281,沧州,,S713052,1,63,8,061000,,H 河北,19
0317-8888872,,黄骅市前进汽车服务有限公司,117.343625,河北省黄骅市平安大街与学院路交口北行200米,38.391218,沧州,,S713055,1,63,8,061100,,H 河北,340
0317-3561117,,沧州运通汽车销售服务有限公司,116.899890,河北省沧州市北郊津德路石油北库北5号,38.369097,沧州,,S713021,1,63,8,061000,,H 河北,389
0317-2175711,,沧州庞大一众汽车销售有限公司,116.817514,沧州高新技术产业开发区西安路南侧27号,38.3439,沧州,,S713046,1,63,8,061000,,H 河北,742
0317-5580980,,河间市润众达汽车销售服务有限公司,116.168976,河北省河间市经济技术开发区齐会大街与胜利路交岔口,38.454726,沧州,,S213007,1,63,8,,,H 河北,861
0317-5665888,,泊头市运东汽车销售服务有限公司,116.629573,泊头市工业区二号路与武港路交叉口 ,38.081271,沧州,,S213019,1,63,8,,,H 河北,948
15733708888,,任丘市瑞丰汽车销售服务有限公司献县公司,116.122685,献县城南106国道法院对面,38.180419,沧州,,S913006M1,2,63,8,,,H 河北,1088
0318-2100000,,衡水烨通汽贸有限公司,115.641802,衡水市胜利西路2177号,37.7429,衡水,,S713019,1,64,8,53000,,H 河北,391
0318-2875666,,衡水瑞龙汽车销售服务有限公司,115.685641,衡水滨湖新区东湖大道西侧，教育园区南侧（彭杜乡赵社村）,37.702021,衡水,,S713047,1,64,8,053000,,H 河北,716
0318-7897777-808,,衡水恒德安发汽车销售有限公司,115.534545,安平县正饶路南（汽车站东行100米路南）,38.222306,衡水,,S213002,1,64,8,053600,,H 河北,767
0318-8568555,,衡水阔龙汽车销售服务有限公司,115.706451,衡水市枣强县江家庄村索沪河以南肃临线以西,37.509761,衡水,,S213008,1,64,8,,,H 河北,847
0314-2100002,,承德市庞大一众汽车销售有限公司,117.990937,承德市双桥区大石庙镇太平庄村二化厂东,40.893193,承德,,S713030,1,206,8,067000,,H 河北,485
0313-5925111,,张家口市庞大一众汽车销售有限公司,114.934026,张家口市宣化县沙岭子镇太师湾村,40.689942,张家口 ,,S713031,1,207,8,075131,,H 河北,446
0313-5892299,,张家口市庞大众腾汽车销售有限公司,114.908861,张家口市高新区张宣公路旁十三里西侧 ,40.769936,张家口 ,,S713050,1,207,8,,,H 河北,940
0315-6938133,,遵化市庞大一众汽车销售有限公司,117.959244,河北省遵化市西留村乡白方寺村,40.14835,遵化,,S713037,1,237,8,064200,,H 河北,555
0372-2971888,,安阳市宝捷汽车贸易有限责任公司,114.353133,安阳市彰德路南段,36.081729,安阳,,S741013,1,44,7,455000,,H 河南,320
0372-5378806、5378807,,安阳市世达汽车销售服务有限公司,114.421000,安阳市文峰区光明路南段路东（豫北汽车市场对面）,36.060397,安阳,,S741030,1,44,7,455000,,H 河南,798
0372-3755555,,滑县锦程汽车销售服务有限公司,114.600382,滑县滑东新区中州大道与东环路交叉口,35.571241,安阳,,S241008,1,44,7,,,H 河南,863
0372-5548888,,林州德众汽车销售服务有限公司,113.889014,林州市南林高速口向西1000米路南,36.054262,安阳,,S241007,1,44,7,,,H 河南,915
0374-8312555,,许昌恒业汽车销售有限公司,113.870991,许昌市南外环路东段车管所对面,33.988085,许昌,,S741014,1,45,7,461100,,H 河南,350
0374-6566555,,长葛市恒业汽车销售有限公司,113.831331,长葛市魏武大道与仁和路交叉口 ,34.185694,许昌,,S241005,1,45,7,,,H 河南,949
0374-8123555,,禹州恒业汽车销售有限公司,113.521613,禹州市轩辕大道北段东侧 ,34.16107,许昌,,S241010,1,45,7,,,H 河南,980
13782241234,,许昌恒业汽车销售有限公司鄢陵分公司,113.871245,许昌市鄢陵县金汇大道与鄢望路交叉口东200米路北（车管所斜对面）,33.987864,许昌,,S741014M1,2,45,7,,,H 河南,1108
0373-7102555,,新乡市坤丰汽车销售有限公司,114.064421,河南省新乡市新长北线以南经六路以西,35.293041,新乡,,S741032,1,46,7,453009,,H 河南,42
0373-5112000,,新乡市世通汽车贸易有限责任公司,113.878483,河南省新乡市南环路李村路口,35.265678,新乡,,S741009,1,46,7,453000,,H 河南,310
0373-8061156,,长垣世通汽车贸易有限公司,114.652204,长垣大道中段路南,35.186125,新乡,,S241002,1,46,7,453400,,H 河南,775
0373-5976333,,辉县市世通汽车销售有限公司,113.827791,辉县市孟庄镇段屯卫柿路南,35.448274,新乡,,S241009,1,46,7,,,H 河南,879
13837331281,,新乡市世通汽车贸易有限责任公司原阳分公司,114.055146,原阳县北干道与310省道交汇处东街汽车城内,35.095491,新乡,,S741009M1,2,46,7,,,H 河南,1071
0393-8940777,,濮阳市宝捷汽车销售服务有限公司,115.12464,濮阳市中原路与106国道交叉口南300米路东,35.771976,濮阳,,S741015,1,47,7,457001,,H 河南,171
0395-2182115,,漯河市宝捷汽车销售服务有限公司,114.004736,漯河市贸易区107国道柳江路口南200米,33.560797,漯河,,S741011,1,48,7,462000,,H 河南,319
0379-63978666,,洛阳伯乐汽车有限公司,112.512670,河南省洛阳市e河区启明南路159号,34.687523,洛阳,,S741005,1,49,7,471000,,H 河南,404
0379-60602777,,洛阳开元汽车销售服务有限公司,112.383428,洛阳市洛龙区洛龙科技园开元大道与园二路交叉口西200米,34.588759,洛阳,,S741023,1,49,7,471023,,H 河南,772
0379-80873111,,洛阳盛业汽车有限公司,112.465398,洛阳市伊川县城关镇高新路与高科路交叉口,34.463058,洛阳,,S241001,1,49,7,471000,,H 河南,777
0379-65172333,,洛阳吉众汽车有限公司,112.503312,洛阳市洛龙区太康东路与汇通街交叉口西200米 ,34.632362,洛阳,,S741034,1,49,7,,,H 河南,945
18638888425,,洛阳伯乐汽车有限公司新安分公司,112.129719,洛阳市新安县新城西区滨湖新城门市房,34.739303,洛阳,,S741005M1,2,49,7,,,H 河南,1110
0378-3863388,,开封市万宝汽车贸易有限公司,114.308603,开封市金明大道88号,34.786615,开封,,S741016,1,50,7,475000,,H 河南,351
0371-26851666,,开封万宝汽车销售服务有限公司,114.470109,开封县园区路以北经一路以西 ,34.757109,开封,,S741037,1,50,7,,,H 河南,944
0391-3556555 ,,焦作市云洲汽车贸易有限公司,113.269325,焦作市迎宾大道沙河桥南500米,35.158411,焦作,,S741010,1,51,7,454000,,H 河南,402
0391-8868777,,焦作国安汽车有限公司,113.297759,焦作市建设东路与中原路交叉口 ,35.252591,焦作,,S741039,1,51,7,,,H 河南,961
0391-6606777,,济源市永嘉汽车销售有限公司,112.64964,河南省济源市新济路车管所东300米路北一汽大众4S店 ,35.092839,焦作,,S741040,1,51,7,,,H 河南,964
0371-66777706,,河南裕华奥捷汽车销售服务有限公司,113.742974,河南省郑州市经济技术开发区航海东路1239号,34.726890,郑州,,S741008,1,52,7,450016,,H 河南,170
0371-65730522,,河南豫港华翔汽车销售服务有限公司,113.687486,郑州市花园路148号,34.812456,郑州,,S741012,1,52,7,450000,,H 河南,349
0371-65697188、65595777,,河南合众汇金实业有限公司,113.682313,郑州市惠济区花园路与开元路交汇处西北角（开元路1号）,34.873224,郑州,,S741018,1,52,7,450000,,H 河南,372
0371-65550078,,河南万通一汽贸易有限公司,113.699643,郑州市中州大道（原107国道）森林公园向北1500米路西,34.830925,郑州,,S741004,1,52,7,450000,,H 河南,405
0371-60306111,,河南润众实业有限公司,113.556092,郑州市高新区化工路98号,34.788172,郑州,,S741022,1,52,7,450000,,H 河南,524
0371-55181111,,河南合众明德汽车销售服务有限公司,113.645575,郑州市二七区航海路165号,34.726462,郑州,,S741031,1,52,7,450000,,H 河南,688
0371-62370555,,郑州庞大一众汽车销售有限公司,113.860024,郑州市白沙镇白沙园区康庄路以东物流通道以南,34.763842,郑州,,S241003,1,52,7,,,H 河南,833
0371-67817888,,郑州东佳汽车销售服务有限责任公司,113.498583,郑州市中原区须水镇郑上路与兰州路交汇处向西500米路北,34.770327,郑州,,S741033,1,52,7,,,H 河南,906
0371-61077000,,巩义合众汇金汽车销售服务有限公司,113.035958,巩义市河洛路与紫荆路交叉口向东500米路南 ,34.781565,郑州,,S741036,1,52,7,,,H 河南,960
0371-60289666,,新密恒信众联汽车销售服务有限公司,113.426126,新密市新华路办事处赵坡村赵坡97号 ,34.539022,郑州,,S741041,1,52,7,,,H 河南,972
13526876536,,河南万通一汽贸易有限公司登封分公司,113.105727,河南省登封市少林大道东段韩村车友汽车城,34.458373,郑州,,S741004M1,2,52,7,,,H 河南,1102
0371-55230666,,郑州威佳众恒汽车销售服务有限公司,113.794456,郑州市郑东新区商都路圃田威佳汽车园一汽大众4S店,34.748115,郑州,,S741046,1,52,7,450000,,H 河南,1128
0377-61531188,,南阳众业汽车有限公司,112.598337,南阳市312国道（新检察院西200米路北）,33.031245,南阳,,S741027,1,53,7,473000,,H 河南,559
13782117690,,南阳众业汽车有限公司淅川分公司,112.59825,河南省南阳市淅川县上集镇西坪头大桥东200米淅川汽车新城,33.031297,南阳,,S741027M1,2,53,7,,,H 河南,1105
18623995559,,南阳众业汽车有限公司西峡分公司,112.523761,河南省南阳市西峡县人民路与东环路交叉口（原天地豪情）南500米路东一汽大众南阳众业西峡分公司,33.015211,南阳,,S741027M2,2,53,7,,,H 河南,1106
0394-8592288,,周口市和荣汽车销售服务有限公司,114.682601,河南省周口市川汇区北环路（太清路）东段,33.656611,周口,,S741026,1,238,7,466000,,H 河南,557
0394-8531888,,周口宏威汽车销售服务有限公司,114.721962,周口市交通大道东段路北（中原驾校西侧）,33.596522,周口,,S741045,1,238,7,466000,,H 河南,1132
0396-3831115,,驻马店市和美汽车销售服务有限公司,114.072116,河南省驻马店市华骏大道华骏车城中段,32.989642,驻马店,,S741024,1,239,7,463000,,H 河南,582
0375-7399999,,平顶山市华天汽车销售服务有限公司,113.321727,平顶山市神马大道与新华路交叉口西500米路北,33.724456,平顶山,,S741020,1,240,7,467000,,H 河南,560
0375-3919999,,平顶山吉祥地汽车销售有限公司,113.394917,平顶山市开发路与神马大道交叉口向东50米路南,33.725661,平顶山,,S741035,1,240,7,,,H 河南,850
0370-6060999,,商丘市众捷汽车销售有限公司,115.601679,商丘市金桥路与锦绣路交汇处西北角,34.450229,商丘,,S841002,1,253,7,476000,,H 河南,232
0370-5730505、5730888,,永城市华瑞汽车销售有限公司,116.443057,永城市东城区芒山路南段西侧化工路北段,33.915839,商丘,,S241004,1,253,7,476600,,H 河南,801
0370-4170999,,虞城县众捷汽车贸易物流有限公司,115.875071,虞城县工业大道与至诚六路交叉口西南角,34.44658,商丘,,S241006,1,253,7,,,H 河南,880
18603706555,,商丘市众捷汽车销售有限公司柘城分公司,115.601679,柘城县未来大道北侧,34.450229,商丘,,S841002M1,2,253,7,,,H 河南,1093
15249770771,,商丘市众捷汽车销售有限公司夏邑分公司,116.147632,夏邑县省道324与省道202交汇处东南角,34.241379,商丘,,S841002M2,2,253,7,,,H 河南,1094
15136094470,,商丘市众捷汽车销售有限公司民权分公司,115.138341,民权县迎宾西路与兴业路交叉口西北角汽车物流园区内,34.646171,商丘,,S841002M3,2,253,7,,,H 河南,1095
0370-6059100,7584136,商丘市万通汽车销售有限公司,115.69784,商丘市开发区星林路与车城路交叉口路东100米路北,34.391916617,商丘,,S741047,3,253,7,476000,,H 河南,2033
0398-2188222,,三门峡九都汽车有限公司,111.260772,三门峡市湖滨区交口乡侯桥村310国道涧河桥南路东,34.737276,三门峡,,S741025,1,274,7,472000,,H 河南,629
0398-8782111,,灵宝众诚汽车销售服务有限公司,110.894401,灵宝市开元大道路东 ,34.576302,三门峡,,S741042,1,274,7,,,H 河南,989
0376-6756000,,信阳合众汇金汽车销售服务有限公司,114.185811,信阳市工业城迎宾大道中段（原312国道招商委员会西60米）,32.130987,信阳,,S741028,1,278,7,464000		,,H 河南,644
0392-6892222,,鹤壁维尔娜汽车销售有限公司,114.320324,鹤壁市淇滨区泰山路与海河路交叉口东南口,35.770130,鹤壁,,S741029,1,298,7,458030,,H 河南,751
0898-66830320,,海南博世汽车服务有限公司,110.32828,海口市南海大道59号,20.001786,海口,,S746004,1,196,31,570216,,H 海南,412
0898-68603399,,海南博众汽车销售有限公司,110.280096,海南省海口市秀英区南海大道237号,20.002527,海口,,S746005,1,196,31,570125		,,H 海南,641
0898-38223366,,三亚长久博众汽车服务有限公司,109.606304,海南省三亚市吉阳镇吉阳大道68号,18.298964,三亚,,S746006,1,358,31,,,H 海南,1007
027-83990888,,武汉东富优诚汽车销售服务有限公司,114.192021,武汉市~口区古田一路32号,30.614355,武汉,,S942036,1,81,11,430000,,H 湖北,32
027-65600559,,武汉康顺集团汽车贸易有限公司,114.288978,武汉市江岸区经济开发区原黄浦科技园特3号,30.637453,武汉,,S942016,1,81,11,430019,,H 湖北,172
027-87384148,,湖北东富汽车工贸有限公司,114.370060,武汉市洪山区雄楚大街420号,30.515144,武汉,,S942017,1,81,11,430074,,H 湖北,173
027-86559288,,武汉富尔汽车销售服务有限公司,114.397498,武汉市洪山区仁和路和平村汽车产业园特5号,30.605446,武汉,,S942032,1,81,11,430000,,H 湖北,632
027-87906888,,武汉恒信众联汽车销售服务有限公司,114.445641,武汉东湖开发区光谷一路205号,30.492690,武汉,,S942034,1,81,11,430079,,H 湖北,773
027-84633666,,武汉恒信一通汽车销售服务有限公司,114.210301,湖北省武汉市汉阳区龙阳大道特8号,30.55357,武汉,,S942040,1,81,11,,,H 湖北,840
0714-5378888,,黄石市大桥汽车服务有限公司,114.991535,湖北省黄石市下陆区发展大道139号,30.218526,黄石,,S942022,1,82,11,435000,,H 湖北,380
0710-3338555,,襄阳华骏汽车销售服务有限公司,112.173991,湖北省襄樊市春园东路43号,32.090863,襄樊,,S942031,1,83,11,441000,,H 湖北,587
0717-6300818,,宜昌德顺汽车销售服务有限公司,111.354175,湖北省宜昌市东山开发区发展大道95号,30.745155,宜昌,,S942023,1,84,11,443000,,H 湖北,455
0717-4645818,,宜昌都顺汽车贸易有限公司,111.471763,宜都市陆城城河大道（头笔社区）（城东）,30.383034,宜昌,,S242001,1,84,11,,,H 湖北,881
0717-6861000,,宜昌恒信众联汽车销售服务有限公司,111.387021,宜昌市伍家岗区东站路189号,30.669835,宜昌,,S942039,1,84,11,,,H 湖北,1021
0716-8490969,,荆州市恒信一路汽车销售服务有限公司,112.227806,荆州市荆沙大道马河渔场,30.361951,荆州,,S942024,1,222,11,434000,,H 湖北,490
0712-2512777-102,,孝感国富汽车销售服务有限公司,113.990797,湖北省孝感市孝武大道178号,30.863598,孝感,,S942026,1,228,11,432020,,H 湖北,506
0719-8782828,,湖北十堰东富汽车销售服务有限公司,110.830331,湖北省十堰市茅箭区丹江路23号,32.590956,十堰,,S942027,1,230,11,442000,,H 湖北,525
0718-8268768 ,,恩施恒信众联汽车销售服务有限公司,109.502907,湖北省恩施市金桂大道耿家坪,30.328838,恩施,,S942025,1,241,11,445000,,H 湖北,581
0715-8828766,,咸宁恒信众联汽车销售服务有限公司,114.320813,咸宁市咸安区京珠联结线张双路旁（官埠镇小泉村）,29.892519,咸宁,,S942028,1,262,11,437000,,H 湖北,588
0724-6903555,,荆门恒信众联汽车销售服务有限公司,112.243462,荆门市月亮湖路76号,31.050555,荆门,,S942029,1,270,11,448000,,H 湖北,615
0713-8396999-8001,,黄冈恒信众联汽车销售服务有限公司,114.925847,黄冈市明珠大道86号,30.461816,黄冈,,S942030,1,273,11,438000,,H 湖北,628
0710-2552222,,襄阳恒信众联汽车销售服务有限公司,112.259775,襄阳市襄州区深圳工业园A39-6地块,32.12106,襄阳,,S942035,1,290,11,441104,,H 湖北,677
0722-3564555,,随州东富汽车销售服务有限公司,113.448291,随州市经济开发区交通大道望城岗7号 ,31.691966,随州,,S942037,1,346,11,,,H 湖北,916
0728-3500222,,潜江恒信众联汽车销售服务有限公司,112.907445,潜江市泰丰办事处紫月路中段园艺村一组 ,30.391706,潜江,,S242002,1,355,11,,,H 湖北,986
0711-3690666,,鄂州锦坤汽车销售服务有限公司,114.879732,鄂州市鄂黄连接线葛山段量兴汽车城,30.355739,鄂州,,S942038,1,364,11,,,H 湖北,1028
0736-7809888,,常德裕安贸易有限公司,111.682485,常德市207国道南坪段新世纪汽车城内,29.076518,常德,,S743010,1,72,10,415000,,H 湖南,180
0736-67266888,,常德澄冬汽车销售有限公司,111.723103,湖南省常德经济技术开发区德山镇五一居委会十一组（五一居委会斜对面）,28.952922,常德,,S243007,1,72,10,,,H 湖南,1061
18973678566,,常德裕安贸易有限公司汉寿分公司,111.96904,汉寿县龙阳镇麻园坝村,28.874042,常德,,S743010M1,2,72,10,,,H 湖南,1069
0731-82870988,,湖南汽车城永通有限公司,113.072473,长沙市星沙经济开发区中南汽车世界经贸西路H08区,28.240693,长沙,,S943001,1,73,10,410100,,H 湖南,177
0731-85048888,,湖南华洋汽车贸易有限公司,113.035815,长沙市雨花区黄谷路308号,28.087926,长沙,,S743009,1,73,10,410014,,H 湖南,179
0731-85226768,,湖南中拓瑞众汽车销售服务有限公司,112.996207,湖南省长沙市芙蓉南路二段123号,28.102038,长沙,,S743016,1,73,10,410000,,H 湖南,518
0731-88389000,,湖南永通汽车销售服务有限公司,112.89819,长沙市望城区大泽湖街道吴家冲路28号,28.320619,长沙,,S743021,1,73,10,410219,,H 湖南,782
0731-88441111,,湖南华洋众广汽车销售服务有限公司,112.865792,长沙市岳麓区高新开发区麓谷汽车城长四路,28.214288,长沙,,S743022,1,73,10,410205,,H 湖南,812
0731-83836888,,浏阳永通汽车销售服务有限公司,113.649718,浏阳关口工业小区（消防大队斜对面）,28.187748,长沙,,S743026,1,73,10,,,H 湖南,888
0731-85919888,,湖南长久博腾汽车销售服务有限公司,112.954975,湖南省长沙市岳麓区岳麓街道五星村99号 ,28.144755,长沙,,S743028,1,73,10,,,H 湖南,982
4000731118,,长沙大汉汽车贸易有限公司,113.090915,长沙市芙蓉区远大路与红旗路交汇处西南角,28.210719,长沙,,S743030,1,73,10,,,H 湖南,1000
0731-87362538,,湖南中拓瑞鑫汽车销售服务有限公司,112.54808,湖南省长沙市宁乡县白马桥乡仁福村（食品工业园）,28.235937,长沙,,S743027,1,73,10,,,H 湖南,1005
0739-5282528,,邵阳市宝庆汽车超市有限公司,111.524103,邵阳市宝庆东路169号,27.254520,邵阳,,S743013,1,74,10,422001,,H 湖南,208
18975908099,,邵阳市宝庆汽车超市有限公司邵东分公司,111.735076,邵东县开发区皮具工贸园皮具大道,27.27231,邵阳,,S743013M1,2,74,10,,,H 湖南,1067
0731-28454848,,株洲蓝马汽车销售服务有限公司,113.161331,株洲市国家汽车城品牌车专卖A区一汽-大众4S店,27.869704,株洲,,S743008,1,76,10,412000,,H 湖南,178
0731-22833777,,株洲市健车行汽车服务有限公司,113.140473,株洲市天元区黄河南路192号,27.816032,株洲,,S743024,1,76,10,412007,,H 湖南,813
0731-22063366,,攸县健车行汽车服务有限公司,113.403554,攸县湘东汽贸城一汽大众4s店,27.020953,株洲,,S243004,1,76,10,,,H 湖南,1046
0731-55188851,,湘潭市健车行汽车服务有限公司,112.527829,湘潭市岳塘区双马镇迅达科技圆东侧,27.752299,湘潭,,S843001,1,77,10,411100,,H 湖南,183
0731-55515888,,湘潭众富汽车销售服务有限公司,112.939921,湘潭市九华示范区湘望路九华汽车大世界8号,27.946793,湘潭,,S743034,1,77,10,411201,,H 湖南,706
0731-56977666,,湘乡湘健汽车服务有限公司,112.525708,湖南省湘乡市红仑大道汽车北站,27.751456,湘潭,,S243003,1,77,10,,,H 湖南,970
0734-8517777,,衡阳市西城汽车经贸有限公司,112.613877,湖南省衡阳市石鼓区107国道望城路口,26.941855,衡阳,,S743011,1,78,10,421005,,H 湖南,181
0734-8121111,,衡阳长久博华汽车销售服务有限公司,112.578764,衡阳市蒸湘区杨柳村二组,26.871878,衡阳,,S743029,1,78,10,,,H 湖南,1015
18692024681,,衡阳市西城汽车经贸有限公司耒阳汽车销售分公司,112.870306,耒阳市蔡子池街道办事处梅桥居委会十二组1栋,26.428561,衡阳,,S743011M1,2,78,10,,,H 湖南,1085
0730-8715498,,湖南邦田汽车服务有限公司,113.180505,湖南省岳阳市巴陵东路382号,29.376283,岳阳,,S743014,1,79,10,414000,,H 湖南,280
0730-6663189,,平江县邦田汽车服务有限公司,113.581361,湖南省平江县城关镇寺前工业小区,28.699651,岳阳,,S243002,1,79,10,,,H 湖南,894
0730-8572288,,岳阳大汉汽贸有限公司,113.180304,"""湖南省岳阳城陵矶临港产业新区联港路 """,29.425897,岳阳,,S743031,1,79,10,,,H 湖南,984
18773055550,,湖南邦田汽车服务有限公司湘阴分公司,112.902639,湘阴县文星镇长岭路与湘阴大道交汇处湘长大厦,28.682154,岳阳,,S743014M1,2,79,10,,,H 湖南,1066
0735-2267888,,郴州永通汽车销售服务有限公司,113.07346,湖南省郴州市苏仙区锁石路东侧,25.788413,郴州,,S743023,1,80,10,423000,,H 湖南,723
0735-3388333,,郴州华运通汽车销售服务有限公司,112.959825,郴州市北湖区保和镇雷大桥村万华汽车城一汽大众4S店,25.751697,郴州,,S743033,1,80,10,,,H 湖南,1051
0738-8813111/0738-8813222,,娄底大汉汽车贸易有限公司,112.018350,湖南省娄底市娄星区大科办事处大新居委会（汽车南站往南800米处）,27.687909,娄底,,S743018,1,225,10,417000,,H 湖南,531
0738-4241222,,涟源市大汉汽车贸易有限公司,111.695783,湖南省涟源市石马山镇张家湾娄新高速联络线收费站出口200米处,27.693878,娄底,,S243006,1,225,10,,,H 湖南,1057
13034831578,,娄底大汉汽车贸易有限公司双峰分公司,112.018187,双峰经济开发区科技工业园（和森路南侧）,27.688112,娄底,,S743018M2,2,225,10,,,H 湖南,1079
15581331777,,娄底大汉汽车贸易有限公司新化分公司,111.34875,新化县桑梓镇青峰村6组,27.743905,娄底,,S743018M1,2,225,10,,,H 湖南,1080
0746-8332377,,湖南省永州市永恒汽车贸易有限公司,111.611061,湖南省永州市长丰工业园长丰大道南侧101号,26.404774,永州,,S743015,1,227,10,425000,,H 湖南,512
0745-2836888,,怀化春茂汽车销售服务有限公司,109.960480,怀化市包茂高速公路出入口一汽大众4S店,27.491097,怀化,,S743019,1,275,10,418000,,H 湖南,633
0745-2333666,,怀化永通汽车销售服务有限公司,110.008552,湖南省怀化市鹤城区南环路（怀化国际汽车城内）,27.523702,怀化,,S743032,1,275,10,,,H 湖南,1036
0737-2234567,,益阳永通汽车销售服务有限公司,112.403038,益阳市高新区益宁城际干道（火车东站旁）,28.513829,益阳,,S743020,1,282,10,413000,,H 湖南,657
0744-8565222,,张家界永通汽车销售服务有限公司,110.564958,张家界市永定区阳湖坪镇经济开发区C区九城汽车大世界（高速收费站旁）,29.139133,张家界,,S243001,1,337,10,,,H 湖南,884
0743-8711777,,湘西永通汽车销售服务有限公司,109.704552,湖南省吉首市湘西经济开发区内（湘西民族职业技术学院对面）,28.268551,吉首,,S743025,1,338,10,,,H 湖南,889
0451-82041234,,哈尔滨一汽森华汽车贸易有限公司,126.762236,哈尔滨市道外区天恒大街5号,45.798329,哈尔滨,,S923002,1,65,9,150059,,H 黑龙江,29
0451-82050588,,黑龙江博远汽车维修有限公司,126.760495,哈尔滨市香坊区公滨路47号,45.731451,哈尔滨,,S723012,1,65,9,150038,,H 黑龙江,33
0451-82424999,,哈尔滨中汽汽贸汽车销售服务有限公司,126.738511,哈尔滨市道外区先锋路30号,45.778378,哈尔滨,,S723019,1,65,9,150056,,H 黑龙江,223
0451-84372888 ,,龙海汽车销售集团股份有限公司,126.583604,哈尔滨市道里区城乡路301号,45.730023,哈尔滨,,S723023,1,65,9,150070,,H 黑龙江,224
0451-82339222,,黑龙江运通俊业汽车销售服务有限公司,126.701871,哈尔滨市南岗区红旗大街222号,45.755831,哈尔滨,,S723009,1,65,9,150090,,H 黑龙江,385
0451-51862666,,哈尔滨诚杰汽车销售有限公司,126.610672,哈尔滨市平房区哈南工业新城松花路37号,45.616254,哈尔滨,,S723024,1,65,9,150060,,H 黑龙江,760
0451―87508056,,哈尔滨运通俊恩汽车销售服务有限公司,126.653419,哈尔滨市南岗区哈平路162号,45.685227,哈尔滨,,S723034,1,65,9,150081,,H 黑龙江,819
0451-53500088,,黑龙江龙海博众汽车销售服务有限公司,127.171164,五常镇亚臣路与文化路交汇处（杏花村）,44.907629,哈尔滨,,S223003,1,65,9,150070,,H 黑龙江,821
0467-2678023,,鸡西市英华进口汽车服务有限公司,131.026498,鸡西市鸡冠区兴国东路39号,45.299805,鸡西,,S723020,1,66,9,158100,,H 黑龙江,2
0454-8583335-1,,佳木斯安诚轿车销售服务有限公司,130.332704,佳木斯市红旗路166号,46.818872,佳木斯,,S723015,1,67,9,154004,,H 黑龙江,35
0454-2645888,,富锦安诚汽车销售服务有限公司,132.077879,黑龙江省富锦市锦绣大街东段与富宏路交叉口,47.253195,佳木斯,,S223001,1,67,9,156100,,H 黑龙江,825
0453-6888880-1,,牡丹江中信汽车销售服务有限责任公司,129.681627,牡丹江市裕民路169号,44.638930,牡丹江,,S723014,1,68,9,157000,,H 黑龙江,225
0452-6105077 ,,齐齐哈尔粤华轿车销售有限公司,123.939244,齐齐哈尔市高新技术产业开发区鹤城路1号,47.312683,齐齐哈尔,,S723021,1,69,9,161005,,H 黑龙江,37
0452-2527336/2527337,,齐齐哈尔华明晟通汽车销售有限公司,124.07279,齐齐哈尔市铁峰区联通大道汽贸城,47.348831,齐齐哈尔,,S723027,1,69,9,,,H 黑龙江,870
0459-6136100 ,,大庆世腾汽车销售有限公司,124.913027,大庆市让胡路区东环路西侧北方汽配城（一中灯岗往东湖方向550米）,46.609392,大庆,,S723016,1,70,9,163458,,H 黑龙江,492
0459-6590000/6591111,,大庆世腾骏兴汽车销售服务有限公司,125.162975,大庆市高新开发区汽车工业园庆新东街,46.569160,大庆,,S723022,1,70,9,163311,,H 黑龙江,609
0459-6303333,,大庆名派汽车销售服务有限公司,125.016551,大庆市萨尔图区世纪大道北侧、大庆长途客运站西侧 ,46.614414,大庆,,S723030,1,70,9,,,H 黑龙江,958
0455-7859000,,黑龙江龙众汽车销售服务有限公司,126.975967,黑龙江省绥化市北林区康庄路西电力名苑南,46.625064,绥化,,S723025,1,292,9,152000,,H 黑龙江,682
0451-3593399,,鹤岗骏达汽车销售有限公司,130.360469,鹤岗市东山区产业园A区,47.335546,鹤岗,,S723026,1,313,9,154100,,H 黑龙江,788
0464-9959333,,七台河市龙海汇众汽车销售服务有限公司,131.001387,七台河市桃山区308省道（桃山立井对面）,45.763291,七台河,,S723032,1,324,9,154600,,H 黑龙江,820
0469-4680468,,双鸭山安诚汽车销售服务有限公司,131.16801,黑龙江省双鸭市集贤县福利镇龙飞公汽运输有限公司3号楼1-1号,46.735407,双鸭山,,S723028,1,325,9,155900,,H 黑龙江,823
0458-3023111,,伊春龙海德众汽车销售有限公司,128.828487,黑龙江省伊春市乌马河区振华街（126-258）林都加油站东侧,47.711344,伊春,,S223002,1,327,9,,,H 黑龙江,832
0457-2736111,,大兴安岭龙海兴众汽车销售服务有限公司,124.090952,大兴安岭加格达奇区春晖变电站东侧,50.439658,大兴安岭地区,,S723029,1,335,9,,,H 黑龙江,871
0456-6865111,,北安市粤华汽车销售有限公司,126.463285,黑龙江省北安市汽车产业园区202国道西侧,48.239585,黑河,,S723031,1,361,9,,,H 黑龙江,1020
0431-87616222,,长春通立汽车商贸有限公司,125.281742,长春市绿园区普阳街3202号,43.878024,长春,,S722030,1,85,12,130011,,J 吉林,23
0431-84671199,,吉林省吉刚汽车贸易有限公司,125.394039,长春市自由大路6308号,43.870699,长春,,S722005,1,85,12,130033,,J 吉林,24
0431-84664688,,长春市华阳汽车贸易有限责任公司,125.378999,长春市东南湖大路1033,43.858121,长春,,S722017,1,85,12,130033,,J 吉林,25
0431-88785111,,长春通立德众汽车服务有限公司,125.435357,长春市净月高新技术产业开发区净月大街2266号,43.836949,长春,,S722044,1,85,12,130000,,J 吉林,65
0431-87988588,,长春汇腾汽车销售服务有限公司,125.250827,长春市汽车产业开发区景阳大路3688号,43.889340,长春,,S722032,1,85,12,130062,,J 吉林,219
0431-85516611,,吉林省华之诚汽车销售服务有限公司,125.240345,吉林省长春市长沈路488号,43.848195,长春,,S722028,1,85,12,130011,,J 吉林,220
0431-87022998,,长春瑞骐汽车销售服务有限公司,125.253842,长春市高新技术开发区蔚山路3823号,43.821960,长春,,S722035,1,85,12,130031,,J 吉林,478
0431-82608222,,长春郁晟汽车销售有限公司,125.221866,长春高新区卓越大街666号,43.781395,长春,,S722064,1,85,12,130103,,J 吉林,599
0431-85908163,,长春一汽实业众捷汽车销售有限公司,125.271041,东风大街669号,43.872619,长春,,S722039,1,85,12,130011,,J 吉林,621
0431-85524666,,吉林省久恒汽车销售服务有限公司,125.224083,长沈路1866号,43.841623,长春,,S722057,1,85,12,130011,,J 吉林,622
0431-88787333,,吉林省华之诚世达汽车销售服务有限公司,125.300122,吉林省长春市宽城区青年路3875号,43.941131,长春,,S722041,1,85,12,130052,,J 吉林,713
0431-85029555,,吉林省驰恒汽车销售服务有限公司,125.336106,长春市宽城区九台北路1633号,43.949390,长春,,S722037,1,85,12,130051,,J 吉林,718
18100499555,,吉林省吉刚汽车贸易有限公司农安分公司,125.192571,吉林省长春市农安县工业集中区吉刚汽贸城1号楼22号,44.467996,长春,,S722005M1,2,85,12,,,J 吉林,1113
0438-6336666,,吉林石油装备汽车销售维修服务有限公司,124.818942,吉林省松原市长宁北街499号,45.198670,松原,,S722027,1,86,12,138000,,J 吉林,28
0438-2088866,,松原汇众汽车销售服务有限公司,124.793534,松原经济技术开发区创业大街2号,45.13763,松原,,S722040,1,86,12,138000,,J 吉林,711
0432-64673333,,吉林市神华大众汽车服务有限责任公司,126.575697,吉林市丰满经济开发区吉桦路188号,43.778159,吉林,,S722002,1,87,12,132013,,J 吉林,221
0432-62269998,,吉林市神洲大众汽车销售服务有限公司,126.527038,吉林省吉林市船营区越山路408-3号,43.871834,吉林,,S722033,1,87,12,132011,,J 吉林,562
0435-3620866,,通化鑫宇汽车销售有限公司,125.955872,新胜北路2355号,41.766311,通化,,S722023,1,88,12,134000,,J 吉林,222
18343552999,,通化鑫宇汽车销售有限公司梅河口市分公司,125.750707,梅河口市北环东路与建国路交汇处,42.288422,通化,,S722023M1,2,88,12,,,J 吉林,1078
0433-2837449,,延吉中诚汽车贸易有限公司,129.544273,延吉市开发区长白路256号,42.900506,延吉,,S722021,1,89,12,133000,,J 吉林,26
0439-3357668,,白山市众合汽车销售维修有限公司,126.439496,吉林省白山市八道江区江北物流中心西侧,41.965077,白山,,S722026,1,90,12,134300,,J 吉林,27
0434-6997788/0434-6997799,,四平汇众汽车销售服务有限公司,124.374188,四平市红嘴开发区兴红路2号,43.200161,四平,,S722036,1,229,12,136000,,J 吉林,520
0434-7316666,,双辽汇众汽车销售服务有限公司,123.461454,吉林省双辽市辽西街吉兴委5组 ,43.519516,四平,,S222002,1,229,12,,,J 吉林,919
0434-5162999,,公主岭汇众汽车销售服务有限公司,124.875305,公主岭岭东工业集中区，新102国道998公里处,43.518166,四平,,S222001,1,229,12,,,J 吉林,1030
13039021155,,四平汇众汽车销售服务有限公司伊通分公司,125.298383,伊通满族自治县伊通镇七星街（二小学北侧）,43.35347,四平,,S722036M1,2,229,12,,,J 吉林,1103
0431-83939825,,吉林省驰久汽车销售服务有限公司,126.546666,吉林省榆树市榆三公路五公里700米处（廉家道口）,44.848704,榆树,,S222003,1,343,12,,,J 吉林,905
0436-3526666,,白城汇众汽车销售服务有限公司,122.839458,白城市洮白公路1008号 ,45.582405,白城,,S722058,1,349,12,,,J 吉林,933
0437-3725111,,辽源市聚鑫汽车销售服务有限公司,125.202665,吉林省辽源市龙山区工农乡苇塘村二组（新车管所隔壁）,42.871345,辽源,,S722059,1,357,12,,,J 吉林,1003
0519-86522888       ,,常州宝达汽车销售服务有限公司,119.965626,常州市武进汽车城A区5号,31.700436,常州,,S732038,1,91,13,213161,,J 江苏,95
0519-85102028,,常州国际汽车城有限公司,119.987493,常州市新北区黄河路98号,31.842504,常州,,S732029,1,91,13,213000,,J 江苏,101
0519-83971888,,常州市上瑞汽车销售服务有限公司,119.891447,常州钟楼经济开发区汽车服务中心A-3号,31.794973,常州,,S732052,1,91,13,213023,,J 江苏,563
0519-87616888,,溧阳宝达汽车销售服务有限公司,119.500439,江苏省溧阳市昆仑转盘西侧（溧阳汽车城）,31.469502,常州,,S732067,1,91,13,213300,,J 江苏,689
0519-82110888,,金坛宝达汽车销售服务有限公司,119.627458,金坛南环二路汽车城6号,31.736468,常州,,S732093,1,91,13,,,J 江苏,872
0519-88066618,,常州外汽东进汽车销售服务有限公司,120.102134,江苏省常州市武进区横山桥镇省庄村横山桥汽车城 ,31.783593,常州,,S732072,1,91,13,,,J 江苏,922
0512-58185000,,张家港市汇众汽车销售有限公司,120.580974,张家港市鹿杨路1号（世纪星汽车城西侧）,31.881112,苏州,,S732041,1,93,13,215600,,J 江苏,94
0512-50338689,,昆山锦隆汽车贸易有限公司,120.979616,江苏省昆山市长江北路588号,31.444868,苏州,,S732019,1,93,13,215314,,J 江苏,96
0512-65766661,,苏州欧亚伟业实业有限公司,120.648318,苏州市相城区华元路99号,31.381349,苏州,,S732023,1,93,13,215131,,J 江苏,98
0512-68157000,,苏州汇凯汽车贸易有限公司,120.611429,苏州南环西路220号,31.283117,苏州,,S732036,1,93,13,215000,,J 江苏,211
0512-68081888,,苏州市国懋汽车销售服务有限公司,120.565600,苏州市高新区塔园路111号,31.289397,苏州,,S932014,1,93,13,215000,,J 江苏,415
0512-63988600,,苏州市德宝车业有限公司,120.681074,江苏省吴江市经济开发区庞北路东侧,31.180895,苏州,,S732054,1,93,13,215200,,J 江苏,534
0512-67685888,,苏州德诚汽车销售服务有限公司,120.679225,苏州市吴中经济开发区尹南路（原兴郭路）399号,31.239132,苏州,,S732080,1,93,13,,,J 江苏,896
0512-86867666,,苏州元通汽车销售服务有限公司,120.557984,苏州高新区塔园路398号 ,31.331759,苏州,,S732085,1,93,13,,,J 江苏,978
15050295772,,苏州市德宝车业有限公司平望分公司,120.656715,苏州市平望镇s227省道东侧新春纺织有限公司一层,30.947431,苏州,,S732054M1,2,93,13,,,J 江苏,1081
0510-87867222,,宜兴市广海元汽车销售服务有限公司,119.840671,宜兴经济开发区锡宜公路东侧江旭集团对面,31.410538,无锡,,S732043,1,94,13,214214,,J 江苏,7
0510-85437771-801,,无锡市新纪元众友汽车销售服务有限公司,120.350146,无锡市崇安区学前东路尤渡里东方汽车二城内,31.588652,无锡,,S732040,1,94,13,214000,,J 江苏,8
0510-85703000              ,,无锡申荣汽车有限公司,120.255867,无锡市梁溪路张巷98号,31.565718,无锡,,S932018,1,94,13,214063,,J 江苏,89
0510-82122563 ,,无锡东方荣昌汽车销售服务有限公司,120.40894,无锡市新区金城东路新的东方汽车城内,31.567853,无锡,,S732007,1,94,13,214000,,J 江苏,252
 0510-86401666,,江阴市全顺海宏汽车销售服务有限公司,120.320679,江苏省江阴市澄扬路59号,31.889564,无锡,,S732045,1,94,13,214400,,J 江苏,449
0510-83219888,,无锡宝达汽车销售服务有限公司,120.236591,无锡市惠山区钱桥街道江海西路南侧江南机械西侧,31.622137,无锡,,S732068,1,94,13,214151,,J 江苏,719
0510-81705555,,宜兴新东方汽车销售服务有限公司,119.792473,江苏省宜兴经济开发区融达汽车城西大门加油站南侧180米,31.393452,无锡,,S732084,1,94,13,,,J 江苏,912
0510-81608181,,江阴市海隆汽车销售服务有限公司,120.20464,江阴市五星路1688号（夏港国际汽车城）,31.904604,无锡,,S732083,1,94,13,,,J 江苏,952
0516-83667788,,徐州金茂汽车贸易有限公司,117.230054,徐州市东三环路广山段公安驾校南侧,34.275149,徐州,,S732033,1,96,13,221000,,J 江苏,90
0516-66660888,,徐州金源汽车服务有限公司,117.216262,徐州市王场（复兴北路东侧）,34.29839,徐州,,S732058,1,96,13,221000,,J 江苏,565
0516-68879888,,徐州金泉汽车贸易有限公司,116.95057,江苏省沛县新城区正阳路东侧，韩信路南侧,34.757943,徐州,,S232001,1,96,13,221600,,J 江苏,786
0516-68065888,,徐州金宇汽车贸易有限公司 ,117.991307,江苏省睢宁县东环岛汽车站西门南侧,33.904714,徐州,,S232002,1,96,13,,,J 江苏,854
0516-86603888,,邳州大中汽车销售服务有限公司,117.995073,江苏省邳州市环城北路汽车城（新城汽车站北侧）一汽-大众4S店,34.382804,徐州,,S732088,1,96,13,,,J 江苏,1044
0516-88780777,,新沂大中汽车贸易有限公司,118.3599,江苏省新沂市唐店镇街口249省道西侧 ,34.296981,徐州,,S232013,1,96,13,,,J 江苏,1063
0513-85616666,,南通新城集团有限公司,120.812225,南通市城港路139号,32.039848,南通,,S732048,1,97,13,226003,,J 江苏,255
0513-85925888,,南通鑫湖汽车贸易服务有限公司,120.955203,江苏省南通市经济技术开发区星湖大道1075号,31.928299,南通,,S732050,1,97,13,226010,,J 江苏,456
0513-87778888,,如皋神州汽车销售服务有限公司,120.554185,如皋市如城镇惠政西路纪庄社区11组（如皋汽车城有限公司内）,32.362262,南通,,S732064,1,97,13,226500,,J 江苏,684
0513-55881188,,南通文峰伟嘉汽车销售服务有限公司,120.884939,南通市工农北路599号,32.070722,南通,,S732062,1,97,13,226000,,J 江苏,729
0513-68508000,,如东德众汽车销售服务有限公司,121.169308,江苏省如东县掘港镇南环路88号,32.298748,南通,,S732081,1,97,13,,,J 江苏,903
0513-83209666,,启东常众文峰汽车销售服务有限公司,121.612643,江苏省启东市汇龙镇人民西路3911号 ,31.832362,南通,,S732077,1,97,13,,,J 江苏,923
0513-81812222,,海安德品汽车有限公司,120.407736,海安县海安镇北川西路7号 ,32.488586,南通,,S732086,1,97,13,,,J 江苏,962
0513-55083888,,南通大生众和汽车销售服务有限公司,120.938014,南通市通富北路999号,32.036553,南通,,S732063,1,97,13,,,J 江苏,1064
13921649633,,南通大生众和汽车销售服务有限公司通州分公司,120.989614,南通市通州区北二环路南侧（金沙镇育才路3号）,31.923294,南通,,7583208A1,4,97,13,226000,,J 江苏,1151
0518-85913666,,连云港康华汽车销售服务有限公司,119.221009,连云港海州开发区瀛州南路50-1号,34.575991,连云港,,S732032,1,98,13,222000,,J 江苏,401
0518-82376999,,连云港康瑞汽车销售服务有限公司,119.310027,连云港市开发区东方大道南,34.718945,连云港,,S732073,1,98,13,222000,,J 江苏,795
0518-88519666/0518-88788061,,连云港康瀛汽车销售有限公司,119.224733,江苏省连云港市灌云县经济开发区境内324省道南侧,34.276928,连云港,,S232008,1,98,13,,,J 江苏,883
0518-87181666,,连云港康泽汽车销售有限公司,119.121372,江苏省连云港市赣榆县青口镇南街社区华中南路西侧 ,34.825748,连云港,,S232011,1,98,13,,,J 江苏,917
0518-87268088,,连云港康锦汽车销售有限公司,118.792125,连云港市东海县奔牛转盘向南4公里（开发区海宁皮革城对面）,34.516576,连云港,,S232010,1,98,13,,,J 江苏,963
0515-88186502,,江苏中联汽车销售服务有限公司,120.137938,盐城市世纪大道２８８号,33.33672,盐城,,S732025,1,101,13,224055,,J 江苏,99
51588537888,,盐城鑫湖贸易有限公司,120.230328,江苏省盐城经济技术开发区新都东路31号,33.382425,盐城,,S732061,1,101,13,224007,,J 江苏,797
0515-89515566,,东台宝达汽车销售服务有限公司,120.424952,东台市城东新区经一南路1号（永宁国际汽车城内）,32.865746,盐城,,S232012,1,101,13,,,J 江苏,864
0515-89222188,,射阳宝达汽车销售服务有限公司,120.222346,江苏省射阳县经济开发区汇通汽贸城西侧（一汽大众4S店）,33.768551,盐城,,S232016,1,101,13,,,J 江苏,932
13814349669,,江苏中联汽车销售服务有限公司阜宁分公司,119.8276,阜宁县开发区大道20号阜宁星辰汽车城内,33.78565,盐城,,S732025M1,2,101,13,,,J 江苏,1086
025-85330666,,南京朗驰集团苏润汽车销售服务有限公司,118.826201,南京市栖霞大道２号,32.122097,南京,,S732021,1,102,13,210028,,J 江苏,97
025-52886622,,江苏华海南众汽车销售有限公司,118.805453,南京市卡子门大街62号,31.992511,南京,,S732066,1,102,13,210012,,J 江苏,253
025-85436861,,江苏苏舜华德汽车销售服务有限公司,118.816271,南京市玄武区红山路56号,32.090113,南京,,S732028,1,102,13,210028,,J 江苏,254
025-68530888/68530999,,南京协众东麒汽车有限公司,118.883391,南京市江宁区东山街道高桥工业集中区东麒路,31.986483,南京,,S732051,1,102,13,210007,,J 江苏,526
025-52602288,,江苏协众晨友汽车有限公司,118.817494,南京秦淮区大明路130号,32.013765,南京,,S732091,1,102,13,,,J 江苏,829
025-52178888,,南京协众瑞东汽车有限公司,119.074372,江苏省南京市江宁区汤山街道汤山大街,32.025035,南京,,S732069,1,102,13,,,J 江苏,836
025-57268888,,南京溧水协众汽车销售服务有限公司,119.019456,南京市溧水区经济开发区团山西路27号 ,31.691819,南京,,S232015,1,102,13,,,J 江苏,936
025-68720011,,南京东连香江汽车销售服务有限公司,118.859002,南京市江宁经济开发区蓝天路238号 ,31.779028,南京,,S732090,1,102,13,,,J 江苏,965
025－52206688,,南京江北协众汽车销售服务有限公司,118.705771,南京市浦口区沿山东路泰山汽车4S园9-5号 ,32.143743,南京,,S732087,1,102,13,,,J 江苏,999
18151659777,,南京协众东麒汽车有限公司高淳分公司,118.870412,江苏省南京市高淳区淳溪镇汶溪路163号-18,31.344957,南京,,S732051M1,2,102,13,,,J 江苏,1112
0514-87955555,,江苏金太阳汽车销售服务有限公司,119.424290,扬州市扬子江中路180号,32.365056,扬州,,S732037,1,103,13,225009,,J 江苏,100
0514-87553333,,扬州金通汽车销售服务有限公司,119.612579,江苏省扬州市江都区汽车城5号地块101号,32.438651,扬州,,S732065,1,103,13,225200,,J 江苏,791
0514-87225555,,扬州金迈汽车销售服务有限公司,119.178749,江苏省仪征市真州镇曹山路19号,32.305551,扬州,,S232007,1,103,13,,,J 江苏,892
0514-87391111,,江苏金太阳瑞众汽车贸易有限公司,119.38467,扬州市邗江区西湖镇金槐村饶庄组 ,32.455633,扬州,,S732078,1,103,13,,,J 江苏,929
0511-85217888,,江苏华跃汽车有限公司,119.476402,江苏省镇江市润州区官塘桥路99号,32.178521,镇江,,S732031,1,104,13,212004,,J 江苏,102
0511-86059999,,江苏德大汽车有限公司,119.608959,江苏省丹阳市开发区黄金塘东路1号,32.045055,镇江,,S732059,1,104,13,212310	,,J 江苏,640
0511-89666666,,镇江德豪汽车有限公司,119.508464,镇江新区丁卯武将路16号,32.188385,镇江,,S732071,1,104,13,212000,,J 江苏,810
15996800522,,江苏华跃汽车有限公司句容分公司,119.160155,江苏省镇江市句容市洪武路三里井,31.968584,镇江,,7583296A1,4,104,13,212000,,J 江苏,1146
0512-52833377,,常熟市众成汽车销售有限公司,120.805133,常熟新厍村汽车市场东100米,31.641364,常熟,,S732015,1,105,13,215500,,J 江苏,93
0512-52020000,,常熟德润汽车销售服务有限公司,120.757045,江苏省常熟市深圳路16号,31.697613,常熟,,S732070,1,105,13,215500,,J 江苏,744
0527-81880777,,宿迁大中汽车服务有限公司,118.240492,宿迁市宿城区双庄镇双庄街南红海路西侧,33.936011,宿迁,,S732046,1,213,13,223800,,J 江苏,464
0527-83776666,,沭阳大中汽车服务有限公司,118.805174,沭阳县沭城镇学院路北侧永康路东侧,34.092818,宿迁,,S232003,1,213,13,,,J 江苏,882
0527-86688588,,宿迁中瑞汽车服务有限公司,118.192087,江苏省宿迁市泗洪县宁徐路西侧（国际汽车城）A区 ,33.415123,宿迁,,S232014,1,213,13,,,J 江苏,937
0517-88557777/88558066,,淮安驰祥汽车销售服务有限公司,118.614029,江苏省淮安市盱眙县维桥国际汽车城（盱马路北侧）,33.012737,淮安,,S232009,1,242,13,211700,,J 江苏,67
0517-80877755,,淮安康润汽车销售服务有限公司,33.620762,江苏省淮安市清河新区水渡口大道123号,33.620762,淮安,,S732055,1,242,13,223001,,J 江苏,564
0523-86999777,,泰州金太阳汽车贸易有限公司,119.906391,江苏省泰州市国际汽车城,32.427690,泰州,,S732057,1,276,13,225300,,J 江苏,635
0523-88985666,,泰州金邦汽车销售服务有限公司,120.119714,泰州市姜堰区梁徐汽车城新328国道与双登大道交汇处 ,32.486548,泰州,,S232005,1,276,13,,,J 江苏,954
0523-87083888,,泰州金翱汽车销售服务有限公司,120.055413,泰兴市振兴路与镇海路交界处北侧（汽贸城5号） ,32.205322,泰州,,S732075,1,276,13,,,J 江苏,990
0523-89187888,,泰州金坤汽车销售服务有限公司,120.234884,江苏省靖江市中洲西路18号（靖江国际汽贸城内） ,32.006033,泰州,,S732076,1,276,13,,,J 江苏,991
0523-83881777,,泰州金浦汽车销售服务有限公司,119.853443,江苏省兴化市临城镇科技工业园兴化大道西侧,32.892778,泰州,,S232004,1,276,13,,,J 江苏,1013
0512-53776600,,太仓市森联汽车销售服务有限公司,121.096715,太仓市经济开发区北京西路11号,31.48212,太仓,,S732060,1,277,13,215400,,J 江苏,636
0514-87757777,,扬州金沪汽车销售服务有限公司,119.474225,江苏省高邮市珠光路888号,32.768081,高邮,,S232006,1,328,13,,,J 江苏,838
0795-3567168,,江西佳辉汽车贸易服务有限公司,114.401235,宜春市宜春大道（汽车北站旁）,27.838771,宜春,,S736008,1,107,14,336000,,J 江西,166
0795-2096999,,高安华宏汽车有限公司,115.407114,江西省高安市320国道858公桩（站前路以东）,28.463444,宜春,,S236002,1,107,14,,,J 江西,1054
13870573999,,江西佳辉汽车贸易服务有限公司丰城市分公司,114.401441,江西丰城市紫去南大道799号（新城区汽车总站旁）,27.83873,宜春,,S736008M1,2,107,14,,,J 江西,1107
0791-86231169,,江西协众汽车发展有限公司,115.912871,江西省南昌市省政府大院北二路102号,28.683834,南昌,,S936005,1,109,14,330046,,J 江西,163
0791-8216666,,南昌欧亚汽车销售有限公司,115.934905,江西省南昌市洪都中大道135号,28.668864,南昌,,S736005,1,109,14,330002,,J 江西,164
0791-8461111,,江西华宏名众汽车有限公司,115.922850,南昌市洪都南大道28号,28.640648,南昌,,S736017,1,109,14,330001,,J 江西,623
0791-88192778,,南昌恒信一路汽车销售服务有限公司,115.960891,南昌市新南大道与昌南大道交界处昌东国际汽车城 ,28.601902,南昌,,S736024,1,109,14,,,J 江西,996
0792-8378918,,九江宏达汽车贸易有限公司,115.953265,江西省九江市开发区九瑞大道120号国际会展中心斜对面,29.709534,九江,,S736007,1,110,14,332000,,J 江西,165
0792-8911888,,九江九源汽车销售服务有限公司,116.077935,江西省九江市庐山区庐山大道中段（候白垄路以南）,29.675577,九江,,S736020,1,110,14,,,J 江西,930
13755290821,,九江宏达汽车贸易有限公司修水分公司,114.526083,江西省九江市修水县良塘区鹏创汽车城4号楼,29.006072,九江,,S736007M1,2,110,14,,,J 江西,1072
15870806558,,九江宏达汽车贸易有限公司瑞昌分公司,115.702647,九江瑞昌市赛湖路西侧杨林湖大街北侧,29.680233,九江,,S736007M2,2,110,14,,,J 江西,1104
0799-6679668,,萍乡市永安昌荣实业有限公司,113.891475,萍乡市安源区十里铺319国道与萍高公路交汇处,27.625055,萍乡,,S736022,1,111,14,,,J 江西,834
0797-8081666,,赣州金涛汽车销售服务有限公司,114.893706,江西省赣州市经济技术开发区金潭大道,25.849797,赣州,,S736013,1,216,14,341400,,J 江西,482
0797-6688222,,江西晨元汽车销售服务有限公司,114.824799,江西省赣州市南康区龙岭镇赣南汽车城内B-02地块,25.74151,赣州,,S236001,1,216,14,,,J 江西,1031
18970139521,,赣州金涛汽车销售服务有限公司兴国分公司,115.371744,兴国县工业园区国兴汽车大市场内6#栋F1013-F1020 F1036-F1044号商铺,26.325078,赣州,,S736013M1,2,216,14,,,J 江西,1096
0796-2196568,,吉安汇成万方汽车销售服务有限公司,115.04 ,江西省监事青原区青原大道南物流汽贸中心5#地块,27.13,吉安,,S736028,1,267,14,343000,,J 江西,1125
0796-8190000,7583628,吉安华宏汽车有限公司,114.991173,江西省吉安市吉州区长塘镇城北汽车站,27.146284,吉安,,s736030,1,267,14,343000,,J 江西,1158
0701-5861966,,鹰潭华宏汽车有限公司,116.985061,江西省鹰潭市余江县中童镇乘龙村（手拉手国际汽车城内）,28.303264,鹰潭,,S736021,1,342,14,,,J 江西,904
0790-6850002,,新余邦田汽车服务有限公司,114.869398,江西省新余市仙女湖中心物流园区管理局,27.801922,新余,,S736029,1,373,14,338000,,J 江西,1134
0417-2951111-1,,营口红运汇众汽车销售服务有限公司,122.288627,辽宁省营口市渤海大街东段97号,40.673617,营口,,S721027,1,1,1,115000,,L 辽宁,1
0417-5543333,,营口红运顺众汽车销售服务有限公司,122.128266,辽宁省营口市鲅鱼圈区熊岳高速路口南红运汽车城内,40.232569,营口,,S221006,1,1,1,115007,,L 辽宁,818
0411-85570928          ,,瓦房店市顺发物资商贸有限公司,121.947891,辽宁省瓦房店市西长春路西段23号,39.642005,瓦房店,,S721018,1,2,1,116300,,L 辽宁,20
024-56590990,,抚顺和昆汽车销售服务有限公司,123.770203,辽宁省抚顺市望花区丹东路西段29号（新钢北门对面）,41.855971,抚顺,,S721035,1,3,1,113001,,L 辽宁,522
13470585627,,抚顺和昆汽车销售服务有限公司清原分公司,124.946065,清原县莱河路与白云街交汇处,42.100505,抚顺,,S721035M1,2,3,1,,,L 辽宁,1120
024-74012222,,铁岭市顺峰（集团）汽车销售服务有限公司,123.846871,铁岭市银州区柴河街南段35号,42.281829,铁岭,,S721028,1,4,1,112000,,L 辽宁,383
024-72236688,,铁岭和成汽车销售服务有限公司,123.771863,铁岭经济开发区机动车交易市场园区长江东路9号,42.222768,铁岭,,S721034,1,4,1,112000,,L 辽宁,567
13700104231,,铁岭和成汽车销售服务有限公司昌图分公司,124.109006,昌图县迎宾路翰林院小区6#楼16、17、18、19号商业网点,42.776386,铁岭,,S721034M1,2,4,1,,,L 辽宁,1087
0427-8266755,,盘锦隆达汽车产品销售服务有限公司,122.056656,辽宁省盘锦市经济开发区辽河路,41.158571,盘锦,,S721030,1,5,1,124000,,L 辽宁,281
0427-8590000,,盘锦伯骏汽车销售服务有限公司,122.079558,辽宁省盘锦市兴隆台区兴油街与芳草路交汇处（油田供应岗）,41.164548,盘锦,,S721049,1,5,1,,,L 辽宁,1050
024-25835555,,沈阳合众汽车服务有限公司,123.301769,辽宁省沈阳市于洪区巢湖街2号,41.802798,沈阳,,S721025,1,6,1,110141,,L 辽宁,17
024-88442688 ,,辽宁惠华汽车集团有限公司,123.512214,辽宁省沈阳市大东区东陵西路12号,41.820488,沈阳,,S721024,1,6,1,110043,,L 辽宁,212
024-62138888 ,,辽宁和兴大众汽车销售服务有限公司,123.370896,沈阳市铁西区北二中路18-1号,41.819091,沈阳,,S921003,1,6,1,110025,,L 辽宁,214
024-83504555,,沈阳和昊汽车销售服务有限公司,123.394926,沈阳市和平区胜利南街74号,41.79057,沈阳,,S721031,1,6,1,110001,,L 辽宁,448
024-25283333,,沈阳市庞大一众汽车销售有限公司,123.247742,沈阳市经济技术开发区沈辽西路115号,41.746823,沈阳,,S721037,1,6,1,110142,,L 辽宁,585
024-87108111,,沈阳惠华新业汽车销售服务有限公司,123.411493,辽宁法库经济开发区,42.498830,沈阳,,S221001,1,6,1,110400,,L 辽宁,696
024-27851116,,辽宁惠华新业集团新民汽车销售服务有限公司,104.201912,新民市外环路188号,35.867568,沈阳,,S221002,1,6,1,110300,,L 辽宁,778
024-62913333/62913888,,辽宁惠华新业集团辽中汽车销售服务有限公司,122.847883,辽宁省沈阳近海经济区近海南大街5号 ,41.515619,沈阳,,S221003,1,6,1,,,L 辽宁,950
00000000000,,沈阳合众汽车服务有限公司,123.487166,辽宁省沈阳市沈河区万柳塘路12号6门，7门,41.793941,沈阳,,S721025S1,3,6,1,110000,,L 辽宁,1155
0416-2667099                  ,,锦州通用汽车销售服务有限公司,121.143457,锦州市高新区南广路216号,41.087315,锦州,,S721019,1,7,1,121000,,L 辽宁,21
0416-2667155,,锦州川达汽车销售有限公司,121.142743,辽宁省锦州市太和区锦南路85-1号,41.086854,锦州,,S221007,1,7,1,121000,,L 辽宁,1129
0429-3183605,,葫芦岛市维立达汽车服务有限公司,120.863424,葫芦岛市龙港区龙湾大街60号,40.731270,葫芦岛,,S721013,1,8,1,125000,,L 辽宁,18
0418-2280488,,阜新永生工贸发展有限公司,121.774867,阜新市太平区新南环路39号,42.017338,阜新,,S721007,1,9,1,123000,,L 辽宁,203
0418-2162888,,阜新和利汽车销售服务有限公司,121.621736,阜新市经济开发区高新技术园区D路东三路北,42.009126,阜新,,S721036,1,9,1,123000,,L 辽宁,566
18241819955,,阜新和利汽车销售服务有限公司彰武分公司,122.525716,彰武县新兴路与G101交汇处,42.377177,阜新,,S721036M1,2,9,1,,,L 辽宁,1077
0415-2251768,,丹东曙光新天地汽车销售服务有限公司,124.352735,丹东市振兴区花园路51-18号,40.129657,丹东,,S721044,1,10,1,,,L 辽宁,826
0411-87844026,,大连汽贸集团汽车销售服务有限公司,121.707594,大连市金州区胜利路111号,39.100072,大连,,S921002,1,11,1,116100,,L 辽宁,215
0411-88010000-802,,大连通孚祥汽车贸易有限公司,121.846433,大连保税区中港北一路9号,39.047284,大连,,S721029,1,11,1,116033,,L 辽宁,452
0411-39011777,,大连禾众汽车销售服务有限公司,121.442528,大连市高新园区浩川园1号,38.852183,大连,,S721040,1,11,1,116000,,L 辽宁,743
0411-86602135,,大连弘鼎汽车销售服务有限公司,121.595032,大连市甘井子区华东路45号,38.978721,大连,,S721041,1,11,1,116031,,L 辽宁,774
0411-39621111,,大连中升汇众汽车销售服务有限公司,121.529207,辽宁省大连市甘井子区虹港路560号,38.967398,大连,,S721048,1,11,1,116039,,L 辽宁,816
0472-6198899,,大连中联伟业汽车销售有限公司,122.954051,辽宁省庄河市一环路一段999号,39.719661,大连,,S721043,1,11,1,116400,,L 辽宁,817
0412-8240088,,鞍山市中田汽车贸易有限公司,122.949261,辽宁省鞍山市铁西区西解放路195号,41.114269,鞍山,,S921017,1,12,1,114014,,L 辽宁,217
0412-7105111,,鞍山谛赢汽车销售服务有限公司,122.954019,鞍山市干山区西解放路东（达道湾镇吴三台子村）,41.150866,鞍山,,S721032,1,12,1,114014,,L 辽宁,509
0414-5995999/0414-5993888,,辽宁惠华集团本溪汽车销售服务有限公司,123.735109,辽宁省本溪市溪湖区彩北鲍家街,41.316382,本溪,,S721039,1,266,1,117000,,L 辽宁,608
0421-7191333,,辽宁惠华集团朝阳汽车销售服务有限公司,120.432061,朝阳市龙城区长江路6段558号,41.614095,朝阳,,S721038,1,272,1,122000,,L 辽宁,627
0421-7169555,,朝阳川达捷胜汽车销售服务有限公司,120.445044,辽宁省朝阳县柳城镇腰而营子村,41.511939,朝阳,,S721047,1,272,1,,,L 辽宁,1042
0419-3611111,,辽阳凯众汽车销售服务有限公司,123.220540,辽阳市宏伟区南环街二段,41.246104,辽阳,,S721033,1,308,1,111003,,L 辽宁,517
0419-8671111,,灯塔凯祥汽车销售服务有限公司,123.355,辽宁省灯塔市沈营公路外环西段南侧灯塔凯祥4s店,41.436637,辽阳,,S221004,1,308,1,,,L 辽宁,877
0476-4669807,,赤峰隆瑞商贸有限公司,118.969159,赤峰市敖汉旗新惠镇物流园区,42.299158,赤峰,,S215003,1,189,29,024300,,N 内蒙古,50
0476-8672188,,赤峰凯富达汽车服务有限公司,119.000434,内蒙古赤峰市红山区东郊村三组（新双拥杯东走三百米路北）,42.286176,赤峰,,S715011,1,189,29,024000,,N 内蒙古,298
0476-8280123,,赤峰坤驰汽车销售服务有限公司,118.921598,内蒙古赤峰市红山区桥北物流园区玉龙汽贸路001号,42.33526,赤峰,,S715032,1,189,29,024000,,N 内蒙古,771
0477-3995511,,鄂尔多斯市鑫安基业汽车销售有限责任公司,109.979560,鄂尔多斯市东胜区铁西新桥洞后第一家,39.827128,鄂尔多斯,,S715015,1,190,29,017000,,N 内蒙古,347
0477-3993222-1,,鄂尔多斯市鑫安汽车贸易服务有限责任公司,110.111106,鄂尔多斯鑫市东胜区铜川镇汽车博览园一汽大众4S店,39.796374,鄂尔多斯,,S715017,1,190,29,017000,,N 内蒙古,607
0477-3807899,,乌审旗鑫安亿恒汽车销售有限责任公司,108.805418,鄂尔多斯乌审旗嘎鲁图镇北汽配物流园区（一汽大众店）,38.576372,鄂尔多斯,,S215001,1,190,29,017000,,N 内蒙古,750
0471-3604177,,内蒙古亿阳汇众汽车销售有限公司,111.559587,内蒙古呼和浩特市金川开发区汇金道2号,40.805571,呼和浩特,,S715014,1,191,29,010080,,N 内蒙古,344
0471-3310968,,内蒙古利丰泰宇汽车服务有限公司,111.616423,内蒙古呼和浩特市回民区海拉尔西路利丰汽车文化广场,40.826625,呼和浩特,,S715021,1,191,29,010050,,N 内蒙古,453
0471--5272711,,内蒙古众和汽车销售服务有限公司,111.699164,呼和浩特市新城区兴安北路与北二环交汇处,40.870422,呼和浩特,,S715023,1,191,29,010050,,N 内蒙古,499
0471-5163888,,呼和浩特市庞大一众汽车销售服务有限公司,111.632980,呼和浩特市玉泉区南二环与云中路西南角,40.779332,呼和浩特,,S715027,1,191,29,010060,,N 内蒙古,674
0472-5100308,,包头德众汽车服务有限公司,109.872765,包头市稀土高新开发区幸福南路58号,40.637946,包头,,S715009,1,192,29,014030,,N 内蒙古,348
0472-2983366,,包头市惠众汽车服务有限公司,109.865215,内蒙古包头市青山区民族东路立交桥东100M路北,40.708748,包头,,S715033,1,192,29,014030,,N 内蒙古,631
0472-6198899,,包头庞大一众汽车销售服务有限公司,109.952362,包头市九原区210国道东哈屯高勒路南500米（铜厂院内）,40.600398,包头,,S715025,1,192,29,14060,,N 内蒙古,668
0470-8131777,,呼伦贝尔市华通汽车销售有限公司,119.80865,内蒙古呼伦贝尔市海拉尔区牙克石路,49.266744,呼伦贝尔,,S715016,1,193,29,021008,,N 内蒙古,45
0475-6337778,,通辽庞大一众汽车销售服务有限公司,122.229501,通辽经济技术开发区创业大道与阿古拉大街交汇处东南角,43.655211,通辽,,S715029,1,209,29,28000,,N 内蒙古,586
0475-6380922,,通辽市利丰泰宇汽车销售服务有限公司,122.321932,内蒙古通辽市科尔沁区霍林河大街东段利丰园区内,43.644201,通辽,,S715034,1,209,29,028000,,N 内蒙古,620
0478-8758888,,巴彦淖尔市航海汽车销售服务有限公司,107.458443,巴彦淖尔市临河区新华东街石化加油站旁边,40.77493,巴彦淖尔,,S715020,1,224,29,015000,,N 内蒙古,500
0473-6105601,,乌海市鑫安众诚汽贸有限公司,106.844412,内蒙古乌海市海勃湾区沃野路与林荫大道交汇处,39.707522,乌海,,S715022,1,243,29,16000,,N 内蒙古,568
0482-8263000,,兴安盟利丰泰宇汽车销售有限公司,122.022423,兴安盟乌兰浩特市盟都物流园区利丰园区,46.104197,乌兰浩特,,S715030,1,251,29,137400,,N 内蒙古,603
0474-4868888/0474-4868666,,乌兰察布市捷通众达汽车销售服务有限公司,113.157179,乌兰察布市察右前旗察哈尔工业园区达尔登大道东,40.949847,乌兰察布,,S715026,1,252,29,012000,,N 内蒙古,600
0479-8877789,,锡林浩特庞大一众汽车销售服务有限公司,116.044552,锡林浩特市经济开发区207国道西火车站南,43.919144,锡林浩特,,S715028,1,254,29,26000,,N 内蒙古,584
0951-8988839,,宁夏润众汽车销售服务有限公司,106.324829,银川市德胜工业园区109国道西侧10号,38.542031,银川,,S764001,1,195,30,750200,,N 宁夏,158
0951-8078555,,宁夏润之星汽车销售服务有限公司,106.316226,银川市兴庆区109国道西侧兴水路北侧,38.517194,银川,,S764003,1,195,30,750200,,N 宁夏,707
0951-8873111,,宁夏润之杰汽车销售服务有限责任公司,106.344826,银川贺兰县109国道以西，通山路以北,38.579015,银川,,S764002,1,195,30,750200,,N 宁夏,708
0952-2815777,,石嘴山市朗宁汽车销售服务有限责任公司,106.308222,大武口区大汝路西，自强路南,38.976888,石嘴山,,S764004,1,303,30,753000,,N 宁夏,756
0953-3950222,,吴忠市润众汽车销售服务有限公司,106.225970,吴忠市利通区利华街以东、世纪大道以北,38.010100,吴忠,,S264001,1,312,30,751100,,N 宁夏,787
0971-4123456,,青海海通汽车贸易有限公司,101.747592,青海省西宁市城北区生物科技产业园海湖大道28号,36.693074,西宁,,S763001,1,119,18,810001,,Q 青海,157
0971-4124888,,青海通瑞汽车贸易有限公司,101.882732,青海省西宁市八一东路15号,36.573038,西宁,,S763002,1,119,18,810007,,Q 青海,634
0979-8488898,,格尔木宝瑞通汽车贸易有限公司,94.957409,青海省海西蒙古族藏族自治州格尔木市昆仑经济技术开发区,36.392080,格尔木,,S263001,1,319,18,816000,,Q 青海,809
0972-8665577,,青海祥瑞通汽车贸易有限公司,102.162367,青海省海东市平安区平安镇大路村,36.497101,海东,,S263002,1,371,18,,,Q 青海,1052
021-69161222,,上海嘉安汽车销售有限公司,121.207680,上海市嘉定区嘉安公路2688号,31.348257,上海,,S931005,1,126,21,201821,,S 上海,87
021-56123308-108,,上海宝乐汽车销售服务有限公司,121.479591,上海市宝杨路1929号,31.399069,上海,,S931011,1,126,21,201900,,S 上海,88
021-52270233,,上海一汽汽车服务有限公司,121.329654,上海市闵行区华翔路69号,31.178287,上海,,S931002,1,126,21,201105,,S 上海,248
021-58216789,,上海永达汽车浦东贸易有限公司,121.568580,上海市浦东新区张杨路2761号,31.251117,上海,,S931007,1,126,21,200136,,S 上海,249
021-34312278,,上海开隆汽车服务有限公司,121.433413,上海市闵行区虹梅南路1528弄5号,31.124777,上海,,S931008,1,126,21,201103,,S 上海,250
021-63637698,,上海华星众捷汽车销售有限公司,121.395636,上海市普陀区真南路589号,31.274505,上海,,S931012,1,126,21,200331,,S 上海,251
021-61909008,,上海金旋汽车服务有限公司,121.450839,上海市奉贤区沪杭公路1068号,30.963648,上海,,S732053,1,126,21,201400,,S 上海,528
021-58516789,,上海永达豪捷汽车销售服务有限公司,121.565618,浦东新区御桥路1391号,31.162506,上海,,S732056,1,126,21,201204,,S 上海,529
021-66185868,,上海锦腾汽车销售服务有限公司,121.472530,上海市宝山区江杨南路1706号南区,31.343860,上海,,S931015,1,126,21,200439,,S 上海,594
021-60938800,,上海慕森汽车销售服务有限公司,121.652163,上海市浦东新区新场镇新坦瓦公路358号,31.071016,上海,,S931014,1,126,21,201314,,S 上海,601
021-64081020,7583182,上海交运起申汽车销售服务有限公司徐汇店,121.450633,上海市徐汇区龙吴路918号,31.150648,上海,,S931016,3,126,21,200030,,S 上海,1685
021-57770999,,上海东联北松汽车销售服务有限公司,121.283626,上海市松江区车墩镇北松公路6280号,31.00846,上海,,S931017,1,126,21,201611,,S 上海,804
021-69226789,,上海永达众鑫汽车销售服务有限公司,121.132836,上海市青浦区北青公路9568号,31.19319,上海,,S931018,1,126,21,,,S 上海,851
021-66075777,,上海华星鸿捷汽车销售服务有限公司,121.371914,上海市普陀区真南路2156号,31.288658,上海,,S931020,1,126,21,,,S 上海,902
021-58366789,,上海永达鑫悦汽车销售服务有限公司,121.62904,上海市浦东新区俱进路962号,31.305419,上海,,S931019,1,126,21,,,S 上海,1018
13761625855,,上海金旋汽车服务有限公司奉城分公司,121.643145,上海市奉贤区南奉公路98号,30.917933,上海,,7583178A1,4,126,21,200000,,S 上海,1142
028-85656888,,成都汇和汽车销售有限公司,103.943926,四川省成都市双流县商都路618号,30.602373,成都,,S751040,1,127,22,610000,,S 四川,82
028-87509919,,四川一汽贸易有限责任公司,103.996228,成都市金牛区蜀汉西路159号,30.719900,成都,,S951001,1,127,22,610091,,S 四川,107
028-85867333,,成都曙光汽车销售服务有限公司,104.033070,成都航空港开发区大荆路1号,30.576679,成都,,S951005,1,127,22,610211,,S 四川,108
028-66879988,,四川长征汽车贸易有限公司,104.152263,成都市三环路大观立交外侧89号,30.62143,成都,,S751006,1,127,22,610110,,S 四川,111
028-87617000,,成都市强生实业有限责任公司,104.045759,成都市交大路223号,30.714938,成都,,S751010,1,127,22,610018,,S 四川,113
028-85188880,,成都启新汽车服务有限责任公司,104.040554,成都高新区科园南一路2号,30.616076,成都,,S751021,1,127,22,610041,,S 四川,114
028-84493333,,四川华星大众汽车销售服务有限公司,104.180294,成都市东三环路二段成致路36号（龙潭工业园内）,30.688915,成都,,S751016,1,127,22,610052,,S 四川,116
028-85950192,,四川精典吉众汽车销售服务有限公司,104.0949,成都市三环路南三段锦江工业园区,30.600833,成都,,S751022,1,127,22,610063,,S 四川,256
028-85177332,,东创建国汽车集团成都天弘车业有限公司,104.032388,成都市火车南站西路1949号,30.591699,成都,,S751025,1,127,22,610000,,S 四川,459
028-85370688,,四川申蓉和浩汽车销售服务有限公司,103.983094,成都市武侯大道南延线武兴路,30.626919,成都,,S751026,1,127,22,610000,,S 四川,519
028-83983988,,成都启阳远航汽车销售服务有限公司,104.091884,成都市新都区大丰街道高家社区6组,30.763602,成都,,S751034,1,127,22,610504,,S 四川,650
028-61358777,,成都宏羽众信汽车销售服务有限公司,103.950512,成都市青羊区文家大道1号青羊工业园区益友园区（一汽大众4S店）,30.703137,成都,,S751036,1,127,22,610019,,S 四川,686
028-85023333,,成都运通博恩汽车销售有限公司,104.018011,成都市武侯区星狮路600号,30.630088,成都,,S751033,1,127,22,610043,,S 四川,738
028-82226555,,崇州瑞龙汽车销售服务有限公司,103.697195,四川省崇州市滨河路南二段（崇州看守所旁）,30.592182,成都,,S751037,1,127,22,611230,,S 四川,781
028-69390000,,成都广汇申蓉汇通汽车销售服务有限公司,104.417025,成都市金堂县赵镇迎宾大道二段13号,30.845834,成都,,S251004,1,127,22,,,S 四川,845
028-69929666,,成都汇腾汽车销售服务有限公司,103.538469,成都市蒲江县鹤山镇工业集中发展区工业南路8号,30.209279,成都,,S251003,1,127,22,,,S 四川,846
028-87297888,,都江堰阔龙汽车销售服务有限公司,103.663858,成都市四川都江堰经济开发区上阳街496号,31.028874,成都,,S751043,1,127,22,,,S 四川,858
028-68965588,,四川申蓉雅泰汽车销售服务有限公司,104.088067,成都市新都区斑竹园镇701号申蓉汽车园,30.821221,成都,,S751042,1,127,22,,,S 四川,875
028-63165588,,成都浩龙汽车销售服务有限公司,104.296622,成都市龙泉驿区聚和村五组,30.585106,成都,,S751041,1,127,22,,,S 四川,910
028-68930666,,成都市泰鸿宇汽车贸易有限责任公司,104.258627,成都市龙泉驿区星光中路97号 ,30.559569,成都,,S751044,1,127,22,,,S 四川,993
028-69516888,,四川金信华远汽车销售有限公司,103.940406,成都市郫县红光镇高店路西段358号,30.786171,成都,,S751047,1,127,22,,,S 四川,1011
028-82590888,,四川虹润汽车贸易有限公司,103.85346,四川省新津县花桥镇龚巷村5组,30.436873,成都,,S251007,1,127,22,,,S 四川,1032
028-88804636,,邛崃恒信汽车销售有限公司,103.48927,成都市邛崃市临邛镇双石街1号,30.408204,成都,,S751052,1,127,22,,,S 四川,1034
028-83833831,,彭州瑞龙汽车销售服务有限公司,103.956152,成都市彭州市天彭大道666号（致和加油站对面）,30.966237,成都,,S251006,1,127,22,,,S 四川,1037
0833-2600666,,乐山市华茂车业有限责任公司,103.743103,四川省乐山市中区通江镇王河园天牛汽车城,29.617852,乐山,,S751051,1,128,22,614000,,S 四川,475
18784553935,,乐山市华茂车业有限责任公司,123.487166,峨眉山市红星中路工业园区99号,41.793941,乐山,,S751051M1,2,128,22,614000,,S 四川,1156
0817-3513777,,南充明云惠民车业有限公司,106.175225,四川南充市高坪区机场大道东顺路68号,30.77658,南充,,S751039,1,129,22,637000,,S 四川,728
0817-8699388,,南充明云运行车业有限公司,106.054107,南充市顺庆区潆溪镇川东北汽贸中心,30.887963,南充,,S751045,1,129,22,,,S 四川,955
15885086826,,南充明云惠民车业有限公司阆中分公司,106.175225,阆中市七里办事处工业园区变电站南路,30.77658,南充,,S751039M1,2,129,22,,,S 四川,1116
0816-6339888,7585153,绵阳路易汽车销售服务有限公司,104.6887682025,四川省绵阳市科创园区创业大道242号,31.4885726490,绵阳,,S751057,3,130,22,621000,,S 四川,2030
0838-2600417,,四川德阳川西汽车销售服务有限公司,104.392586,德阳市八角工业园区川西汽车城,31.080438,德阳,,S751017,1,131,22,618000,,S 四川,117
0838-2226767,,德阳万路众悦汽车销售服务有限公司,104.389320,四川省德阳市岷江西路2段79号,31.131285,德阳,,S751028,1,131,22,618000,,S 四川,574
0838-5288688,,四川广汉恒达汽车销售有限公司,104.312108,广汉市北外乡云盘村3社 ,31.001531,德阳,,S251002,1,131,22,,,S 四川,927
0812-2321488,,攀枝花市力行工贸有限责任公司,101.708086,四川攀枝花市仁和区南山经济发展区橄榄坪园区,26.53091,攀枝花,,S951012,1,132,22,617000,,S 四川,110
0830-2597888,,泸州松明汽贸有限公司,105.43563,泸州市江阳区未来大道江南轻工业集中发展区,28.848145,泸州,,S751019,1,133,22,646000,,S 四川,119
028-38266888,,四川省眉山市建国汽车有限公司,103.831868,四川省眉山市东坡区三苏大道128号,30.063827,眉山,,S751024,1,221,22,620010,,S 四川,488
028-37706666,,四川仁寿恒信汽车销售有限公司,104.157753,四川眉山市仁寿县仁寿大道,30.005690,眉山,,S251001,1,221,22,620500,,S 四川,802
0813-7220099,7585185,自贡市和众汽车销售服务有限公司富顺分公司,104.963950601,"富顺县釜江大道西段(客运中心出口,绿科加气站旁)",29.17965549,自贡,,S751027,2,260,22,643200,,S 四川,2031
0818-2518888/0818-2350136/0818-2350131,,达州市新世纪汽车销售服务有限公司,107.475135,达州市天然气能源化工产业园区长田隧道出口右侧,31.179523,达州,,S751029,1,268,22,635000,,S 四川,612
0818-3139999,,达州市天汇汽车销售服务有限公司,107.511983,四川省达州市达川区南外二号干道天马汽车城,31.177211,达州,,S751054,1,268,22,,,S 四川,1055
0839-3356001,7582152,广元锦润弘达汽车销售服务有限公司,105.777972,广元经济技术开发区下西王家营业工业园区,32.422488,广元,,s751058,1,271,22,628000,,S 四川,1159
0825-2327000,,遂宁市瑞胜汽车销售有限公司,105.573536,四川省遂宁市船山区中国西部现代物流港,30.463166,遂宁,,S751035,1,306,22,629000,,S 四川,759
0832-8736666,,内江瑞龙汽车销售服务有限公司,105.036124,内江市市中区汉渝大道259号,29.590711,内江,,S751038,1,332,22,,,S 四川,859
028-26573888,,资阳清巍茂源汽车销售服务有限公司,104.698264,四川省资阳市雁江区城东新区迎宾大道中段2号 ,30.090298,资阳,,S751046,1,353,22,,,S 四川,967
0831-2201555,,宜宾申蓉致鑫汽车销售服务有限公司,104.67175,宜宾市临港经济开发区飞云路北段72号,28.798849,宜宾,,S751048,1,362,22,,,S 四川,1024
0826-8182888,,广安联众恒信汽车销售服务有限公司,106.708231,广安市前锋区护安镇汽博城,30.511412,广安,,S751049,1,363,22,,,S 四川,1025
0827-7705555,,巴中瑞龙汽车销售服务有限公司,106.794852,巴中市巴州区后河桥浅水湾上行600米,31.862233,巴中,,S751053,1,367,22,,,S 四川,1038
0835-2618666,,雅安市和佳汽车销售服务有限公司,102.96,四川省雅安市多营镇茶马大道78号,29.99,雅安,,S751055,1,372,22,625000,,S 四川,1126
0534-2360111,,德州汇众汽车销售技术服务有限公司,116.315221,德州市大学路金车汽贸广场,37.476808,德州,,S737030,1,144,24,253000,,S 山东,54
0534-2660705,,德州华运汽贸销售服务有限公司,116.328159,德州市德城区东风中路265号,37.448702,德州,,S737048,1,144,24,253009,,S 山东,69
0534-3526789,,夏津汇达汽车销售有限公司,116.028571,山东省德州市夏津县北城街道办事处苦水村,37.004302,德州,,S237012,1,144,24,,,S 山东,862
18905340661,,德州华运汽贸销售服务有限公司禹城分公司,116.607104,禹城市十里望镇省道101路西天主教堂南200米,36.933008,德州,,S737048M1,2,144,24,,,S 山东,1098
13605349599,,德州汇众汽车销售技术服务有限公司陵县分公司,116.60007,山东省德州市陵县南外环东首陵城汽贸城,37.329124,德州,,S737030M1,2,144,24,,,S 山东,1099
0535-8529558,,山东龙口富龙汽车有限公司,120.520561,山东省龙口市黄城环城北路485号（公安检测线西邻）,37.664608,龙口,,S737017,1,145,24,265701,,S 山东,47
0531-87299926       ,,山东润捷汽车销售服务有限公司,116.846896,济南市槐荫区段店镇古城村西（一汽大众）,36.644193,济南,,S737050,1,146,24,250001,,S 山东,46
0531-88727588,,山东银座汽车贸易有限公司,117.189014,山东省济南市经十东路临港南区银座国际汽车广场,36.676477,济南,,S637009,1,146,24,250102,,S 山东,49
0531-86167777,,山东首佳汽车销售服务有限公司,117.047418,济南市历城区华山镇姬家庄大桥路127号,36.736758,济南,,S737061,1,146,24,250108,,S 山东,480
0531-67872777,,山东金宝利汽车销售服务有限公司,117.110001,济南市历下区工业南路60-6号,36.684432,济南,,S737071,1,146,24,250014,,S 山东,527
0531-83662777,,章丘百盛汽车销售服务有限公司,117.495298,章丘市明水经济开发区创业路,36.686975,济南,,S737096,1,146,24,,,S 山东,1026
0530-5135889,,菏泽交通集团有限公司,115.562783,菏泽市开发区黄河东路699号东邻,35.270958,荷泽,,S737085,1,147,24,274000,,S 山东,51
0530-7389999,,菏泽金江车业有限公司,115.429662,菏泽高新技术产业开发区昆明路与长城路交叉口东北角,35.288417,荷泽,,S737086,1,147,24,274000,,S 山东,780
0536-8380600,,潍坊市鑫达汽车贸易有限公司,119.086779,潍坊市潍城区安顺路45号,36.720823,潍坊,,S737036,1,148,24,261021,,S 山东,58
0536-8800372 ,,潍坊广潍发达商贸有限公司,119.137936,潍坊市奎文区潍州路369号,36.649165,潍坊,,S737039,1,148,24,261051,,S 山东,61
0536-2191111 ,,临朐广潍顺达汽车销售服务有限公司,118.580685,临朐县东城街道东虹路以西，竹寺路以北,36.469465,潍坊,,S737078,1,148,24,262600,,S 山东,703
0536-7736666,,昌邑广潍金达汽车销售服务有限公司,119.378122,昌邑市烟汕路与石化路交汇处 ,36.841578,潍坊,,S737089,1,148,24,,,S 山东,943
 0536-4829999,,安丘广利汽车贸易有限公司,119.229922,安丘市双丰大道与永安路交叉口东行1000米 ,36.409012,潍坊,,S737095,1,148,24,,,S 山东,988
0535-8263999,,招远市天城汽车维修有限公司,120.403020,招远市金城路568号,37.399139,招远,,S737042,1,149,24,265400,,S 山东,63
0533-3173000              ,,淄博众信汽车销售服务有限公司,118.075689,淄博市张店区中心路176-8号,36.835110,淄博,,S737040,1,151,24,255000,,S 山东,62
0533-2710600,,淄博市久期汽车销售有限公司,118.048660,山东省淄博市张店区山泉路75号,36.780686,淄博,,S737015,1,151,24,255067,,S 山东,358
0533-5499999,,淄博唯达长齐汽车销售有限公司,118.00803,淄博市淄川区双杨镇淄川建材城南邻,36.713547,淄博,,S737069,1,151,24,255100,,S 山东,571
0533-7682999,,淄博骏泰汽车销售服务有限公司,118.22272,山东省淄博市临淄区临淄大道1277号,36.824798,淄博,,S737079,1,151,24,255430,,S 山东,704
0533-7978999,,淄博捷通汽车销售服务有限公司,118.074431,淄博市桓台县柳泉北路与果周路交汇处天齐汽车园 ,36.910898,淄博,,S237021,1,151,24,,,S 山东,998
0538-8568666,,泰安中租汽车贸易有限公司,117.041286,泰安市岱岳区泰东路2880号,36.15809,泰安,,S737035,1,152,24,271000,,S 山东,235
0538-8860888,,泰安仁博汽车销售有限公司,117.208446,泰安市泰前大街与科技中路交汇处,36.21212,泰安,,S737080,1,152,24,271000,,S 山东,734
0538-3222999,,肥城市创伟汽车服务有限公司,116.767131,肥城市桃园街中段0118号,36.197117,泰安,,S237016,1,152,24,,,S 山东,878
13954821111,,新泰市创新汽车服务有限公司宁阳分公司,117.728837,山东省宁阳县华阳大街中段（金明热电厂对过）,35.88998,泰安,,S737057M1,2,152,24,,,S 山东,1115
0535-6021677,,烟台市大成汽车销售有限公司,121.370784,烟台市芝罘区机场路168号,37.493437,烟台,,S737018,1,154,24,264000,,S 山东,48
0535-6388199,,烟台东联汽车销售有限公司,121.285409,烟台开发区金沙江路5号,37.558223,烟台,,S737016,1,154,24,264006,,S 山东,282
0535-3108688,,海阳市瑞富春汽车销售服务有限公司,121.191696,山东省烟台市海阳市工业园区烟台街38号,36.744466,烟台,,S237009,1,154,24,265200,,S 山东,730
0535-3378866,,栖霞市祥群汽车销售有限公司,120.825467,山东省烟台市栖霞市府路南侧亨泰大酒店西,37.312662,烟台,,S737101,1,154,24,265300,,S 山东,1133
0543-3225293,,山东滨州宝捷汽车销售服务有限公司,118.035435,山东省滨州市渤海五路533号,37.385381,滨州,,S737051,1,155,24,256600,,S 山东,5
0543-3086111,,滨州腾翔汽车销售服务有限公司,117.930180,滨州市渤海24路433号,37.361570,滨州,,S737072,1,155,24,256600,,S 山东,590
0543-6255111,,山东无棣腾翔汽车销售服务有限公司,117.617842,山东省无棣县205国道北侧（汽车北站院内）,37.763905,滨州,,S237002,1,155,24,251900,,S 山东,763
0543-5054777,,滨州泰通汽车销售服务有限公司,117.544123,滨州市惠民县鲁北大街以西丰驰汽车广场7号展厅,37.503121,滨州,,S237017,1,155,24,,,S 山东,890
0543-4369388,,邹平县金鼎汽车销售服务有限公司,117.749558,山东省滨州市邹平县黛溪三路新汽车站北1000米路东,36.869179,滨州,,S737100,1,155,24,,,S 山东,1043
0546-7766777/7765111,,东营锐众汽车销售服务有限公司,118.765409,东营市经济开发区东八路与府前街交叉路口以南,37.437116,东营,,S737115,1,156,24,257091,,S 山东,491
0546-6070777,,山东广饶腾翔汽车销售服务有限公司,118.438533,广饶汇通机车市场（潍高路960号） ,37.034281,东营,,S737093,1,156,24,,,S 山东,987
0546-7735777,,东营合众汽车销售服务有限公司,118.42682,东营垦利县郝家镇北二路大务村136号,37.486197,东营,,S737099,1,156,24,,,S 山东,1058
13625465877,,东营华锐汽车销售有限公司河口分公司,118.545001,山东省东营市河口区海盛路以东,37.854191,东营,,S737062M1,2,156,24,,,S 山东,1114
0536-2869899,,高密市经贸汽车销售有限公司,119.7879,高密市平日路43公里处路东侧,36.430343,高密,,S737028,1,157,24,261505,,S 山东,52
0537-3716668,,济宁市长济汽车贸易有限公司,116.709711,济宁市高新区车管所东临327国道路南,35.460714,济宁,,S737031,1,158,24,272014,,S 山东,283
0537-2881726,,济宁众诚汽车销售服务有限公司,116.600081,济宁市车站西路18号,35.396997,济宁,,S737058,1,158,24,272100,,S 山东,463
0537-5158866,,济宁世盛汽车销售服务有限公司,116.653556,济宁市高新区哺河东，327国道北（圣达汽车博览中心院内）,35.450283,济宁,,S737076,1,158,24,272000,,S 山东,720
0537-5518099,,济宁交运怡丰汽车销售服务有限公司,116.982886,山东省邹城市国宏大道6369号鲁南汽车城内（原北外环）,35.447912,济宁,,S737087,1,158,24,,,S 山东,867
0634-5600777             ,,莱芜泰通汽车销售服务有限公司,117.735817,莱芜市高新区汇源大街68号,36.202263,莱芜,,S737037,1,159,24,271100,,S 山东,59
0535-2296836-1,,莱州市鸿富汽车经销有限公司,119.947445,莱州市城港南路1437号,37.220484,莱州,,S737006,1,160,24,261400,,S 山东,4
0635-5035555,,聊城交运集团汽车销售服务有限责任公司,116.033303,山东省聊城市东昌府区光岳路北段,36.48447,聊城,,S737038,1,161,24,252000,,S 山东,60
0635-5091111,,聊城北斗泰众汽车销售有限公司,116.073491,聊城开发区东昌东路东首239,36.465265,聊城,,S737075,1,161,24,252000,,S 山东,637
0635-7107555,,茌平德众汽车销售服务有限公司,116.274207,山东省茌平县朝阳街南段路东（李效堂村）,36.564205,聊城,,S737088,1,161,24,,,S 山东,857
13969510015,,聊城交运集团汽车销售服务有限责任公司东阿分公司,116.390251,东阿县工业园阳光路东首路南,36.466597,聊城,,S737038M1,2,161,24,,,S 山东,1073
0539-3602666,,沂南大华汽车销售服务有限公司,118.442465,临沂市沂南县张南路东侧、圣良庄村南,35.515235,临沂,,S237008,1,162,24,276300,,S 山东,12
0539-2517217,,沂水大华汽车销售服务有限公司,118.65682,沂水县工业园腾飞路东段（新汽车站东1000米）路南,35.757804,临沂,,S237011,1,162,24,276400,,S 山东,13
0539-2652777,,平邑大华汽车销售服务有限公司,117.632663,临沂市平邑县开发区327国道路北（广电局西邻）,35.485204,临沂,,S237010,1,162,24,273300,,S 山东,41
0539-8213358,,临沂佳轮汽车销售服务有限公司,118.318547,临沂市蒙山大道121号,35.061966,临沂,,S737029,1,162,24,276000,,S 山东,53
0539-8465908,,临沂大华汽车销售服务有限公司,118.302131,临沂市沂河路与湖东二路交汇处（临沂汽车超市）,35.022229,临沂,,S737064,1,162,24,276000,,S 山东,234
0539-7678910,,临沂东华汽车销售服务有限公司,118.435963,临沂市河东区金桥街与温泉路交汇处,35.104024,临沂,,S737067,1,162,24,276000,,S 山东,569
0539-8562917,,临沂久华汽车销售服务有限公司,118.266539,山东省临沂市兰山区双岭路与京沪高速交汇处向东200米路北,35.139848,临沂,,S737081,1,162,24,276000,,S 山东,690
0539-2138908,,临沭东华汽车销售服务有限公司,118.657585,山东省临沂市临沭县苍山路与327国道交汇处,34.918189,临沂,,S237005,1,162,24,276700,,S 山东,698
0539-5932986,,费县大华汽车销售服务有限公司,118.035725,山东省临沂市费县东外环新一中对过费县远通院内,35.251029,临沂,,S237003,1,162,24,273400,,S 山东,699
0539-6126667,,郯城大华汽车销售服务有限公司,118.362229,山东省临沂市郯城县南外环路东段路南郯城远通院内,34.600582,临沂,,S237004,1,162,24,276100,,S 山东,764
0539-5263518,,兰陵大华汽车销售服务有限公司,118.047394,山东省临沂市苍山县206国道与泉山路交汇处向西200路南苍山远通院内大华一汽-大众店 ,34.879766,临沂,,S237022,1,162,24,,,S 山东,975
13853945955,,临沂大华汽车销售服务有限公司蒙阴分公司,118.302131,山东省临沂市蒙阴县西环城路中段路西蒙阴远通院内,35.022229,临沂,,S737064M1,2,162,24,,,S 山东,1111
0532-68061888,,青岛华世通实业发展有限公司,120.41228,青岛市市南区宁夏路218号,36.085827,青岛,,S737059,1,163,24,266071,,S 山东,6
0532-85037111，85037222，85037333,,青岛大栏汽车销售有限公司,120.395863,青岛市四方区重庆南路163号,36.129724,青岛,,S737032,1,163,24,266000,,S 山东,55
0532-84876777,,青岛迪生源汽车销售服务有限公司,120.371821,青岛市四方区四流南路4号乙,36.129862,青岛,,S737054,1,163,24,266031,,S 山东,204
0532-86821333,,青岛庞大一众汽车销售有限公司,120.116426,青岛市黄岛区黄河西路287号,36.021829,青岛,,S737083,1,163,24,266555,,S 山东,334
0532-89066688/89066677,,青岛亨通汽车销售服务有限公司,120.503759,即墨经济开发区204国道196号,36.380127,青岛,,S737053,1,163,24,266200,,S 山东,416
0532-83468777,,青岛莱西市瑞富春汽车销售服务有限公司,120.497576,青岛市莱西市804省道北，珠海路东,36.899123,青岛,,S237007,1,163,24,266000,,S 山东,768
0532-88322666,,青岛亨联汽车销售有限公司,120.014561,山东省平度市经济开发区平古路13号 ,36.774739,青岛,,S737090,1,163,24,,,S 山东,935
0532-87168888,,青岛瑞辰汽车销售服务有限公司,119.949018,青岛市黄岛区（原胶南市）东岳西路1188号,35.894343,青岛,,S737094,1,163,24,,,S 山东,1001
53266012999,,青岛同鑫汽车销售服务有限公司,120.432202,青岛市城阳区夏塔路573号,36.264098,青岛,,S737091,1,163,24,,,S 山东,1006
0633-8307969,,日照市众达汽车销售服务有限公司,119.509303,日照市海曲东路63号,35.420629,日照,,S737073,1,164,24,276800,,S 山东,66
0633-3320000,,莒县众合汽车销售服务有限公司,118.824921,山东省日照市莒县山东北路130号,35.617399,日照,,S237014,1,164,24,,,S 山东,133
0633-8077377,,日照市腾达众晟汽车销售服务有限公司,119.444201,日照经济开发区汽车商贸城南昌路东侧,35.397015,日照,,S737082,1,164,24,276800,,S 山东,685
15863369369,,日照市众达汽车销售服务有限公司五莲分公司,119.220785,五莲县222省道与罗山路交汇处,35.765664,日照,,S737073M1,2,164,24,,,S 山东,1068
0631-7512277,,荣成市众奥达汽车销售服务有限公司,122.407088,荣成市崂山街道办事处小迟家村,37.116353,威海,,S737077,1,165,24,264300,,S 山东,691
0631-3599666,,乳山中升汇众汽车销售服务有限公司,121.540073,乳山市经济开发区广州路南,36.890472,威海,,S237015,1,165,24,,,S 山东,891
0631-5624888/5624999,,威海中升汇众汽车销售服务有限公司,122.045511,威海市文化西路275-1号 ,37.527722,威海,,S737098,1,165,24,,,S 山东,971
0536-3596999,,青州宝悦汽车销售服务有限公司,118.479002,青州市驼山北路688号,36.731377,青州 ,,S737065,1,210,24,262500,,S 山东,457
0538-7778006,,新泰市创新汽车服务有限公司,117.728837,山东省新泰市迎宾路,35.88998,新泰,,S737057,1,214,24,271200,,S 山东,465
0536-5782222,,寿光富泓汽车销售服务有限公司,118.698089,寿光市城西潍高路以南，文昌路以西,36.896913,寿光,,S737068,1,244,24,262700,,S 山东,570
13573612802,,寿光富泓汽车销售服务有限公司羊口分公司,117.425193,寿光市羊口镇渤海大道5201号（寿光市职业教育中心学校院内）,39.999522,寿光,,7583724A1,4,244,24,262700,,S 山东,1150
0535-7292588,,烟台瑞源汽车销售有限公司,120.670657,莱阳市龙门西路中段131号,36.963504,莱阳,,S737043,1,257,24,265200,,S 山东,64
0632-8631666,,枣庄永明汽车销售服务有限公司,117.292889,山东省枣庄市高新区光明西路455号 ,34.814071,枣庄,,S737097,1,258,24,,,S 山东,959
0632-5806988,,山东永正集团东联汽车城有限公司,117.199148,山东省滕州市龙泉北路1331号,35.120236,滕州,,S737070,1,259,24,277500,,S 山东,591
0534-5801666/ 5672618,,齐河华腾汽车销售有限公司,116.737501,山东省齐河经济开发区国道308与省道101交汇处东北角,36.812274,齐河,,S237001,1,315,24,251100,,S 山东,800
0534-8125777,,乐陵市鑫众汽车销售服务有限公司,117.192211,山东省乐陵市开元西路,37.743164,乐陵,,S237013,1,330,24,,,S 山东,977
0530-6850888,,郓城德众汽车销售服务有限公司,115.978407,山东省菏泽市郓城县郓城工业园 ,35.585423,菏泽,,S237019,1,352,24,,,S 山东,957
0352-5024412/5025777,,大同市谷氏车城汽车连锁销售有限公司,113.296464,大同市魏都大道66号,40.057663,大同,,S714014,1,134,23,37000,,S 山西,329
0352-5093222,,庞大大同南郊一众汽车销售有限公司,113.259334,大同市南郊区南环路西延伸段十里河东侧（庞大汽车文化园内）,40.048986,大同,,S714025,1,134,23,37001,,S 山西,658
0349-2166698,,朔州市双良汽车有限公司,112.457486,山西省朔州市民福东街(高速立交桥西150米）,39.347777,朔州,,S714017,1,136,23,036000,,S 山西,326
0359-8715777,,山西诺维兰集团运城瑞众汽车销售服务有限公司,110.960880,运城盐湖工业园区南风大道三号,35.114429,运城,,S714028,1,137,23,044000,,S 山西,230
0359-2583222,,运城市通达汽车销售服务有限公司,111.032402,运城市经济技术开发区大运路北诺维兰汽车公园,35.070180,运城,,S714021,1,137,23,044000,,S 山西,328
0359-5796111,,山西诺维兰集团河津市瑞腾汽车销售服务有限公司,110.695233,河津市永兴西路南,35.579005,运城,,S214003,1,137,23,,,S 山西,895
0359-8674222,,山西诺维兰集团临猗瑞捷汽车销售服务有限公司,110.784257,临猗市猗氏镇贵戚坊村（209国道以东）,35.155273,运城,,S214002,1,137,23,,,S 山西,931
13700594928,,运城市通达汽车销售服务有限公司闻喜分公司,111.227571,闻喜县大运路（S235）北,35.357601,运城,,S714021M1,2,137,23,,,S 山西,1074
15235666646,,运城市通达汽车销售服务有限公司永济分公司,110.450301,山西省运城市永济舜都大道北段（新汽车站对面）,34.894559,运城,,S714021M2,2,137,23,,,S 山西,1109
0355-2078928,,山西省长治市飞路汽车贸易有限公司,113.108134,山西省长治市高新区太行北路158号,36.228092,长治,,S714013,1,138,23,046011,,S 山西,330
0355-6082266,,长治市中天汽车销售服务有限公司,113.079700,长治市西二环路2号,36.218021,长治,,S714023,1,138,23,46000,,S 山西,589
0355-2251666,,长治市金伯乐众成汽车销售服务有限公司,113.15,山西省长治市北外环路汽贸汽配城内,36.23,长治,,S714034,1,138,23,046000,,S 山西,1124
0357-3999996,,临汾天健国风汽车销售服务有限公司,111.551245,临汾市尧都区屯里镇贾村北侧天健汽车园一汽大众4s店,36.134388,临汾,,S714030,1,139,23,,,S 山西,885
0357-3989333,,临汾天健思源汽车销售服务有限公司,111.490053,临汾市尧都区尧庙镇霍侯一级公路东侧大韩村口,36.039844,临汾,,S714032,1,139,23,,,S 山西,1059
0354-2442870,,晋中航成轿车销售服务有限公司,112.696895,晋中市汇通路387号,37.730586,晋中,,S714027,1,140,23,030600,,S 山西,331
0351-6072666,,山西中汽贸联汽车销售有限公司,112.536718,太原市新晋祠路二段108号,37.831223,太原,,S714016,1,141,23,030021,,S 山西,327
0351-6329269,,山西志国星赛车发展有限公司,112.534167,山西省太原市新晋祠路488号（万国汽贸园内）,37.801014,太原,,S714009,1,141,23,30021,,S 山西,333
0351-8786588 ,,山西大昌轿车销售服务有限公司,112.552356,山西省太原市学府西街9号（山姆士超市东100米）,37.814446,太原,,S714019,1,141,23,030031,,S 山西,335
0351-7998898,,山西大昌通源汽车销售服务有限公司,112.559031,山西省太原市平原南路88号J号,37.783399,太原,,S714026,1,141,23,030032,,S 山西,701
0356-2060111,,晋城市英纳威汽贸有限公司,112.886984,山西省晋城市开发区兰花路1383号,35.505397,晋城,,S714033,1,142,23,,,S 山西,841
0530-3131333,,忻州大昌汽车贸易有限公司,112.735805,山西省忻州市开发区汽贸园一汽大众4s店,38.472182,忻州,,S714031,1,143,23,,,S 山西,1045
0353-4357000,,盂县鑫众汽车销售有限公司,113.474788,山西省阳泉市盂县孙家庄镇乌玉村内,38.073155,阳泉,,S214001,1,246,23,,,S 山西,115
0353-2910002,,阳泉市庞大一众汽车销售有限公司,113.577994,阳泉市郊区黄砂岩村,37.920244,阳泉,,S714022,1,246,23,45000,,S 山西,573
0358-8357908,,山西吕梁大昌众达汽车服务有限公司,111.103054,山西省吕梁市离市区交口镇乔家塔村（山西大昌汽车城）,37.505706,吕梁,,S714024,1,265,23,033000,,S 山西,606
0358-7818278,,孝义市德众汽贸有限公司,111.754854,孝义市府前街西延段高阳镇现代农业园区（三佳汽贸城）,37.148208,孝义,,S214004,1,347,23,,,S 山西,920
029-88889698 ,,陕西东明汽车商行有限公司,108.869954,西安市高新区新区锦业二路63号,34.188920,西安,,S761013,1,123,20,710077,,S 陕西,152
029-84533100    ,,陕西鹰之杰汽车贸易有限公司,108.832502,西安市三桥镇疏导路中段33号,34.277231,西安,,S761009,1,123,20,710086,,S 陕西,153
029-83203511-1,,西安秦川唐都机电汽车配件销售有限公司,109.022895,西安市东郊幸福中路123号,34.268676,西安,,S761007,1,123,20,710043,,S 陕西,269
029-89693500,,陕西百佳汽车贸易有限公司,108.997083,西安市东长安街以南，规划路以北，西榨高速路口以西，航天东路以东,34.242905,西安,,S761003,1,123,20,710054,,S 陕西,406
029-86538718,,陕西天一汽车销售服务有限责任公司,108.943627,西安市文景路22号,34.330161,西安,,S761014,1,123,20,710021,,S 陕西,458
029-83338800,,西安新白云汽车销售服务有限公司,109.057822,西安市哄鄙态区汽车主题公园30号地,34.311302,西安,,S761020,1,123,20,710024,,S 陕西,671
029-89106916,,陕西尊荣致诚汽车贸易有限公司,108.853265,陕西西安未央区六村堡工业园9号 ,34.335133,西安,,S761024,1,123,20,,,S 陕西,994
029-84580808,,西安恒丰四站汽车销售有限公司,108.899093,西安市莲湖区丰登南路四号,34.257646,西安,,S761023,1,123,20,,,S 陕西,1017
029-63601188,,陕西新丰泰骏美汽车销售服务有限公司,109.0438400000,西安市灞桥区东三环与南三环交汇处灞桥东城高端汽车主题公园,34.2938300000,西安,,S761026,1,123,20,710038,,S 陕西,2029
0911-8264008,,延安市宝塔区黄泰有限责任公司,109.440123,延安市枣园路中段,36.630873,延安,,S761010,1,124,20,716000,,S 陕西,154
0912-8752119/8812520,,府谷县恒捷汽贸有限公司,111.039633,府谷县府谷镇沙后河村,39.085656,榆林,,S261004,1,125,20,,,S 陕西,131
0912-3898620,,榆林市恒丰汽贸有限公司,109.741837,榆林市经济开发区210国道经济开发区汽贸区,38.246457,榆林,,S761005,1,125,20,719000,,S 陕西,151
0912-6088800,,榆林市恒源汽贸有限公司,109.737236,陕西省榆林市草海则村,38.225228,榆林,,S761015,1,125,20,719000,,S 陕西,511
0912-2373880,,神木县恒捷汽贸有限公司,110.442182,榆林市神木县第二新村汽车城,38.873029,榆林,,S761022,1,125,20,719300,,S 陕西,735
0912-4628766,,靖边县恒博汽贸有限公司,108.775186,靖边县张家畔镇寨山307国道南,37.578804,榆林,,S261003,1,125,20,718500,,S 陕西,807
0915-3325151,,安康市庞大一众汽车销售有限公司,108.996908,安康市江北工业园区钻石西路6号,32.721929,安康,,S761017,1,245,20,725000,,S 陕西,572
0917-3151111,,宝鸡市宝众汽车销售服务有限公司,107.149673,宝鸡市渭滨区高新十二路东,34.421961,宝鸡,,S761016,1,261,20,721013,,S 陕西,592
0916-2605688,,汉中博通汽车销售服务有限公司,107.111635,陕西省汉中市汉台区108国道新民寺段,33.087778,汉中,,S761019,1,288,20,723000,,S 陕西,667
029-33123500,,咸阳恒丰汽贸有限公司,108.715130,陕西省咸阳市北上召汽车产业园一汽大众恒丰4S店,34.336235,咸阳,,S761021,1,299,20,712000,,S 陕西,752
029-33558333,,咸阳恒源汽贸有限公司,108.691061,陕西省咸阳市秦都区玉泉路以北西段,34.345782,咸阳,,S761025,1,299,20,,,S 陕西,1019
0913-5333336,,韩城市众瑞汽车销售有限责任公司,110.457611,韩城市新城区黄河大街北段（韩城职中隔壁）,35.510211,韩城,,S261001,1,307,20,715400,,S 陕西,769
0913-8189988,,渭南佳燕汽车贸易有限公司,109.446221,渭南市乐天大街西段与新盛路十字向西300米路南,34.524713,渭南,,S761018,1,311,20,714000,,S 陕西,11
0919-3150003,,铜川新区黄泰汽车销售服务有限责任公司,108.962023,铜川新区长丰南路,34.905818,铜川,,S261002,1,329,20,,,S 陕西,842
022-60977900,,天津市捷茂通汽车销售有限公司,117.10968,天津市武清区下朱庄街富民路8号,39.366432,天津,,S712012,1,166,25,301700,,T 天津,74
022-84909088,,天津浩众汽车贸易服务有限公司,117.380419,天津空港物流加工区汽车园中路29号,39.165849,天津,,S712004,1,166,25,300308,,T 天津,200
022-23017888,,天津捷通汽车销售有限公司,117.202066,天津市西青区卫津南路王兰庄家电城南,39.052123,天津,,S912003,1,166,25,300381,,T 天津,201
022-88243915/88243029,,天津捷拓汽车销售服务有限公司,117.328714,天津市津南区津港公路八里台示范镇北方汽车园,38.958724,天津,,S712015,1,166,25,300221,,T 天津,202
022-26725008,,天津市捷世通汽车贸易有限公司,117.206940,天津市北辰区新宜白大道万达新城旁,39.204251,天津,,S712003,1,166,25,300400,,T 天津,279
022-25387888,,天津市捷兴汽车商贸有限公司,117.659996,天津市塘沽区河南路1638号,38.998942,天津,,S712005,1,166,25,300455,,T 天津,450
022-68608880,,天津捷众汽车销售有限公司,117.008039,天津市静海经济技术开发区金海道与静文路交口,38.953675,天津,,S712006,1,166,25,301600,,T 天津,532
022-27726100,,天津诚信通汽车销售有限公司,117.118715,天津市西青区西青道231号,39.158690,天津,,S712007,1,166,25,300112,,T 天津,597
022-86907000,,天津庞大一众汽车销售服务有限公司,117.124743,天津市北辰区双街镇京津公路引河桥北庞大汽贸园,39.257910,天津,,S712008,1,166,25,300400,,T 天津,630
022-59786288,,天津捷锐汽车销售有限公司,117.48115,天津市滨海新区大港经济开发区万象路与昌合街交口,38.865226,天津,,S712010,1,166,25,300270,,T 天津,732
022-59781166,,天津海联力通汽车销售服务有限公司,117.394558,天津市津南区咸水沽镇津岐公路73号一汽-大众,38.974668,天津,,S712009,1,166,25,300350,,T 天津,790
022-26800666/022-26800888,,天津市澎众汽车贸易服务有限公司,117.184297,天津市北辰区北辰道2号,39.251534,天津,,S712013,1,166,25,300000,,T 天津,792
022-87921888,,天津华泰通汽车销售有限公司,117.278464,天津市西青经济开发区大寺高新技术产业园储源道15-1号,38.998874,天津,,S712011,1,166,25,300385,,T 天津,805
022-27909777,,天津博兴亚泰汽车销售服务有限公司,117.084468,天津市西青区中北镇卉康道15号,39.122016,天津,,S712014,1,166,25,,,T 天津,849
022-60977088,,天津华世通汽车销售有限公司,117.782493,天津市宁河县津芦南线9号禄鑫工业园内,39.314085,天津,,S253001,1,166,25,,,T 天津,914
15522857260,,天津诚信通汽车销售有限公司宝坻分公司,117.346322,天津市宝坻区南环东路南侧（机动车交易市场西区）,39.715832,天津,,7581210A1,4,166,25,300000,,T 天津,1147
18622231917,,天津市捷兴汽车商贸有限公司开发区分公司,117.70035,天津市经济技术开发区黄海路133号,39.051465,天津,,7581208A1,4,166,25,300000,,T 天津,1148
18920160663,,天津市捷世通汽车贸易有限公司蓟县分公司,117.425193,天津市蓟县别山镇管城村中昌南路东侧,39.999522,天津,,7581219A1,4,166,25,300000,,T 天津,1149
18602266772,,天津浩众汽车贸易服务有限公司长江道店,117.155495,天津市南开区长江道94号,39.13617,天津,,7581202A1,4,166,25,300000,,T 天津,1152
0991-2657555-1,,乌鲁木齐庞大腾众汽车销售有限公司,87.652052,乌鲁木齐市天山区大湾北路东十一巷29号,43.780811,乌鲁木齐,,S765016,1,120,19,,,X 新疆,130
0991-3329766,,新疆天汇华宇汽车销售服务有限责任公司,87.631234,新疆乌鲁木齐市米东区永顺街,43.953607,乌鲁木齐,,S765008,1,120,19,830011,,X 新疆,159
0991-6656956,,新疆汇捷汽车销售服务有限责任公司,87.550609,乌鲁木齐市北京北路248号,43.903567,乌鲁木齐,,S765007,1,120,19,830013,,X 新疆,160
0991-4657929,,新疆庞大一众汽车销售服务有限公司,87.612334,新疆乌鲁木齐市南湖北路830号,43.860979,乌鲁木齐,,S765009,1,120,19,830018,,X 新疆,424
0997-2580001,,阿克苏振宇汽车销售有限责任公司,80.282574,阿克苏市英阿瓦提路29号,41.187549,阿克苏,,S765005,1,121,19,843000,,X 新疆,162
0990-6369555,,克拉玛依庞大一众汽车销售服务有限公司,84.902087,克拉玛依市西环路12号（九公里汽车城）,45.564156,克拉玛依,,S765015,1,122,19,834000,,X 新疆,614
0902-2588970,,哈密庞大一众汽车销售服务有限公司,93.576439,哈密北出口303省道西侧,42.874267,哈密,,S765012,1,217,19,839000,,X 新疆,483
0998-6869111,,喀什庞大一众汽车销售服务有限公司,76.034779,新疆喀什市世纪大道21号,39.474627,喀什,,S765011,1,218,19,844000,,X 新疆,484
0996-2157555,,库尔勒庞大一众汽车销售服务有限公司,86.221417,库尔勒市石化大道74号神州汽车城,41.722334,库尔勒,,S765010,1,219,19,841000,,X 新疆,487
0994-2209666,,昌吉市庞大一众汽车销售服务有限公司,87.260958,昌吉市乌伊西路九家沟机动车交易市场庞大汽车城,44.033669,昌吉,,S765014,1,269,19,831100,,X 新疆,613
0993-2702266,,石河子市大得汽车销售服务有限公司,86.058897,新疆石河子市36小区军垦机电园186-1号 ,44.287604,石河子,,S265001,1,354,19,,,X 新疆,968
0999-8055111,,新疆天汇华博汽车销售服务有限公司,81.371807,新疆伊犁州伊宁市南环路二号,43.89314,伊宁,,S765018,1,370,19,,,X 新疆,1048
0891-6865910,,拉萨康达汽贸有限责任公司,91.01821,拉萨市拉贡路3号,29.645073,拉萨,,S954001,1,167,26,850030,,X 西藏,149
0872-2312032,,大理阿鹏有限责任公司,100.251104,云南省大理市经济开发区宾川路202号,25.603089,大理,,S753011,1,184,28,671000,,Y 云南,123
0871-8172539,,云南一汽工贸汽车销售服务有限公司,102.639415,云南省昆明市西山区南过境干道石咀宏业路213号,25.019154,昆明,,S753019,1,185,28,650100,,Y 云南,10
0871-8339111,,云南云汽汽车销售服务有限公司,102.810263,云南省昆明市经济技术开发区6号路与10号路交叉口东南角,24.965231,昆明,,S753022,1,185,28,650106,,Y 云南,122
0871-63529461,,云南金鼎汽车贸易有限公司,102.668955,昆明市高新区海源中路1028号,25.063274,昆明,,S753021,1,185,28,650200,,Y 云南,258
0871-68113999,,昆明谊众汽车销售有限公司,102.757994,昆明市白龙路508号,25.073223,昆明,,S753016,1,185,28,650224,,Y 云南,286
0871-66039018/66039016,,昆明捷通达汽车销售有限公司,103.040443,昆明市嵩明县嵩阳镇环城西路,25.3325,昆明,,S212003,1,185,28,651700,,Y 云南,808
0871-65919888,,昆明涌鑫之众贸易有限公司,102.843465,云南省昆明市呈贡区聚贤街与彩云南路交叉口 ,24.85978,昆明,,S753032,1,185,28,,,Y 云南,985
87163639959,,云南宇泰汽车销售服务有限公司,102.648886,云南省昆明市五华区西北三环海源寺向北一公里处,25.097156,昆明,,S753035,1,185,28,650000,,Y 云南,1130
13888003011,,昆明谊众汽车销售有限公司世博分公司,102.756557,昆明市盘龙区白龙路415-417号,25.068495,昆明,,7585314A1,4,185,28,650000,,Y 云南,1141
0874-3510588,,云南曲靖云鑫工贸有限公司,103.815562,曲靖市环城东路北段,25.545054,曲靖,,S753015,1,186,28,655000,,Y 云南,285
0874-3210666,,曲靖宝捷汽车销售有限公司,103.743332,曲靖开发区西城工业园区人民工社二社一层,25.51977,曲靖,,S753027,1,186,28,655000,,Y 云南,721
0874-7171111,,宣威市添福源汽车贸易有限公司,103.743332,宣威市虹桥街道振兴南路延长线 ,25.51977,曲靖,,S212005,1,186,28,,,Y 云南,921
15877826588,,云南曲靖云鑫工贸有限公司陆良分公司,103.644877,陆良县同乐大道三鑫宏业汽车工贸场地内,25.010694,曲靖,,S753015M1,2,186,28,,,Y 云南,1084
0871-68716199,,安宁谊众汽车销售有限公司,102.449186,云南省安宁市职教基地文丰路文景路交汇处,24.90061,安宁,,S212004,1,187,28,,,Y 云南,837
0875-2206599,,保山联通汽车销售维修有限责任公司,99.200507,保山市隆阳区惠通路,25.139235,保山,,S753013,1,188,28,678000,,Y 云南,124
13988509625,,保山联通汽车销售维修有限责任公司腾冲分公司,98.499243,保山市腾冲县观音塘社区旁（S233道上）,25.04485,保山,,S753013M1,2,188,28,,,Y 云南,1082
0877-2158888,,玉溪驰瑞汽车销售服务有限公司,102.53058,玉溪市高新区腾霄路3号,24.329639,玉溪,,S753023,1,249,28,653100,,Y 云南,583
0619-2716555,,西双版纳捷成通达汽车销售有限公司,100.757565,西双版纳景洪工业园区（嘎栋片区）南溪大道6号,22.015688,西双版纳自治州,,S753026,1,300,28,666100,,Y 云南,753
0870-3155555,,昭通市恒升汽车服务有限公司,103.787511,昭通市昭阳区太平办事处石喳河社区,27.394318,昭通,,S753025,1,305,28,657000,,Y 云南,758
0692-2103636,,德宏龙泰通达汽车销售有限公司,98.591419,云南省德宏州芒市芒市大街4号,24.460525,德宏州,,S212002,1,310,28,678400,,Y 云南,779
0876-2828866,,文山捷惠汽车销售服务有限公司,104.284007,云南省文山州文山市城南片区国际汽车城4SA-04（一汽大众4S店）,23.326744,文山,,S753030,1,318,28,663000,,Y 云南,91
0878-3249399/3249188,,楚雄易通汽车销售服务有限公司,101.551418,云南省楚雄市滇中大商汇二期110号,25.054628,楚雄,,S753029,1,320,28,675000,,Y 云南,814
0888-5340688,,丽江恒盛通达汽车销售有限公司,100.258835,云南省丽江市玉龙县黄山镇南口工业园区,26.82637,丽江,,S212001,1,334,28,,,Y 云南,869
0873-8866288,,红河州捷鸿汽车经贸有限公司,103.343606,红河州红河工业园区生物资源加工区（红河大道个旧团山加油站旁） ,23.38287,红河,,S753031,1,351,28,,,Y 云南,956
0883-2610888,,临沧市添福源汽车贸易有限公司,100.112354,临沧市临翔区缅宁大道214过境线交叉口南亚汽车主题园01号,23.928096,临沧,,S753033,1,359,28,,,Y 云南,1008
0879-2192015,,普洱捷顺通达汽车销售服务有限公司,100.983858,云南省普洱市思茅区振兴北路延长线与20号路交叉口普洱二中旁,22.829597,普洱,,S753028,1,365,28,,,Y 云南,1029
0574-62598800,,余姚宇顺汽车销售服务有限公司,121.135139,浙江省余姚市谭家岭西路688号,30.026579,余姚,,S733038,1,169,27,315408,,Z 浙江,79
0579-83517888,,金华金奥汽车销售服务有限公司,119.695436,浙江省金华市汽车城,29.145886,金华,,S933007,1,170,27,321000,,Z 浙江,241
0579-82175858,,金华宝通汽车有限公司,119.702267,浙江省金华市金东区环城东路167号,29.093474,金华,,S733057,1,170,27,321000,,Z 浙江,660
0579-87139008,,永康市华奥汽车销售服务有限公司,120.077914,浙江省永康市经济技术开发区科源路,28.918142,金华,,S733054,1,170,27,321300,,Z 浙江,731
0577-65176666,,瑞安市国荣汽车维修服务有限公司,120.695968,瑞安市莘塍镇董五村104国道边,27.801117,瑞安,,S733014,1,171,27,325206,,Z 浙江,73
0578-2355022,,丽水市恒昌汽车有限公司,119.946483,丽水市九里湾圳下330国道旁,28.468374,丽水,,S733027,1,172,27,323000,,Z 浙江,78
18767811699,,丽水市恒昌汽车有限公司缙云分公司,119.946483,缙云县330国道,28.468374,丽水,,S733027M1,2,172,27,,,Z 浙江,1090
0575-87105555,,诸暨元通汽车有限公司,120.215853,诸暨市环城西路167号,29.723001,诸暨,,S733075,1,173,27,,,Z 浙江,828
0571-88019000,,浙江一汽汽车销售服务有限公司,120.132004,浙江省杭州市余杭区金昌路2000号,30.353482,杭州,,S733003,1,174,27,311112,,Z 浙江,70
0571-85022985,,浙江省直汽车销售服务有限公司,120.108043,杭州市天目山路321号,30.270969,杭州,,S733034,1,174,27,310013,,Z 浙江,83
0571-57117991,,杭州百年汽车销售服务有限公司,120.314870,杭州市萧山区金城路2717号,30.185537,杭州,,S733039,1,174,27,311217,,Z 浙江,467
0571-58110808,,杭州百瑞汽车有限公司,120.160152,杭州市大关路291号,30.316707,杭州,,S733048,1,174,27,310015,,Z 浙江,576
0571-61118800,,临安元通宝通汽车有限公司,119.694015,杭州市临安市玲珑山路739号,30.209670,杭州,,S733061,1,174,27,311300,,Z 浙江,694
0571-69808886,,桐庐元通汽车有限公司,119.758672,杭州市桐庐县凤川经济开发区凤川大道1号110-118,29.836697,杭州,,S233001,1,174,27,311500,,Z 浙江,806
0571-85381188   ,,浙江元通宝通汽车有限公司,120.180165,杭州市东新路730号,30.32562,杭州,,S733077,1,174,27,,,Z 浙江,839
0571-86959922,,杭州元通宝通汽车有限公司,120.312918,杭州市经济技术开发区下沙路551号,30.303709,杭州,,S733076,1,174,27,,,Z 浙江,907
0571-58123456,,浙江百腾汽车有限公司,120.228016,杭州市滨江区滨康路105号 ,30.186428,杭州,,S733071,1,174,27,,,Z 浙江,983
0571-63167788,,杭州富阳腾远汽车有限公司,119.938031,富阳市银湖街道金桥北路971号 ,30.094648,杭州,,S733088,1,174,27,,,Z 浙江,992
0571-64701006,,杭州康桥新之众汽车有限公司,120.312918,浙江省杭州市建德市新安江街道新衢路100号,30.303709,杭州,,S233006,1,174,27,,,Z 浙江,1014
13989494657,,浙江元通宝通汽车有限公司杭州复兴南街分公司,120.166164,浙江省杭州市复兴南街315、317、319号,30.211342,杭州,,7583308A1,4,174,27,310008,,Z 浙江,1144
0579-85681000,,义乌市恒通汽车销售服务有限公司,120.054188,浙江省义乌市后宅镇汽车城,29.36921,义乌,,S733019,1,175,27,322008,,Z 浙江,75
0577-88731333,,温州市瓯海荣新汽车修配有限公司,120.639593,温州市将军工业区15幢A座,28.010956,温州,,S733010,1,177,27,325000,,Z 浙江,71
0577-86521111,,温州华科欧龙汽车销售服务有限公司,120.746759,温州市龙湾经济技术开发区温州大道268号,27.980035,温州,,S733018,1,177,27,325011,,Z 浙江,240
0577-27779999,,乐清亿荣汽车销售服务有限公司,120.920033,浙江省乐清市柳市镇柳乐路246号,28.066236,温州,,S733024,1,177,27,325604,,Z 浙江,381
0577-59866666,,苍南轿辰康发汽车销售服务有限公司,120.42994,苍南县灵溪镇示范工业园区（华正塑料集团有限公司厂房第13、15幢，一汽大众4S店）,27.535204,温州,,S733085,1,177,27,555800,,Z 浙江,712
0577-21888555,,温州国瑞汽车销售服务有限公司,120.654899,浙江省温州市永嘉县江北街道塘头工业区104国道龙威边,28.056375,温州,,S733060,1,177,27,325102,,Z 浙江,783
0577-55581666,,温州欧龙汽车有限公司,120.675038,温州市瓯海区梧田街道温州汽车城综合展示摊位G2号 ,27.967191,温州,,S733069,1,177,27,,,Z 浙江,934
13857760416,,温州市瓯海荣新汽车修配有限公司泰顺分公司,119.738832,泰顺县泰分路696号,27.55498,温州,,S733010M1,2,177,27,,,Z 浙江,1075
0576-88523999,,台州金桥汽车销售服务有限公司,121.427752,台州市椒江经济开发区白云山南路,28.650975,台州,,S733040,1,178,27,318000,,Z 浙江,76
0576-89228888,,台州市汇腾汽车销售服务有限公司,121.383997,台州市路桥区公园路7号,28.571757,台州,,S733052,1,178,27,318050,,Z 浙江,579
0576-85178555,,台州轿辰康发汽车销售服务有限公司,121.141431,浙江省临海市江南大道595号,28.829049,台州,,S733055,1,178,27,317000,,Z 浙江,656
0576-89509888,,台州康桥众致汽车有限公司,121.045475,浙江省台州市天台县莪园村天台山东路末端,29.121857,台州,,S233004,1,178,27,,,Z 浙江,911
0576-87469999,,玉环协众汽车有限公司,121.238051,浙江省台州市玉环县玉环经济开发区银湖大道汽车城内A9,28.217477,台州,,S733073,1,178,27,,,Z 浙江,1035
18957699668,,台州金桥汽车销售服务有限公司仙居分公司,120.73947,仙居县南峰街道响石山路182号,28.845235,台州,,S733040M1,2,178,27,,,Z 浙江,1091
13357617528,,台州金桥汽车销售服务有限公司台州经济开发区分公司,121.439111,浙江省台州市开发区经一路199号,28.652924,台州,,7583304A1,4,178,27,318000,,Z 浙江,1140
0575-86315555,,新昌县越达汽车有限公司,120.857783,新昌县新嵊汽车城内,29.527675,绍兴,,S233002,1,179,27,312500,,Z 浙江,22
0575-88360018,,绍兴清风汽车销售服务有限公司,120.603905,绍兴市会稽路505号,29.974199,绍兴,,S733028,1,179,27,312000,,Z 浙江,243
0575-88938888,,绍兴市汇丰汽车销售服务有限公司,120.613458,绍兴市袍江新区中兴大道与329国道交叉口,30.094272,绍兴,,S733041,1,179,27,312000,,Z 浙江,486
0575-83790888,,嵊州市龙骏汽车销售服务有限公司,120.844295,嵊州市三江街道四海路2665号,29.586612,绍兴,,S733062,1,179,27,312400,,Z 浙江,746
0575-82050888,,绍兴上虞清风汽车销售服务有限公司,120.829023,上虞市人民西路1761号,30.026279,绍兴,,S733087,1,179,27,,,Z 浙江,844
0574-87650000,,宁波联合汽车销售服务有限公司,121.581097,宁波市江北区大庆北路513号,29.901797,宁波,,S733011,1,180,27,315020,,Z 浙江,72
0574-87892111,,宁波市康发汽车销售服务有限公司,121.580196,宁波市江东兴宁路170号,29.858322,宁波,,S733042,1,180,27,315040,,Z 浙江,238
0574-87506888,,宁波中基甬耀汽车销售服务有限公司,121.520211,宁宁波市鄞州区新城区鄞县大道西段217号,29.822505,宁波,,S733047,1,180,27,315153	    ,,Z 浙江,497
0574-25571666,,宁波明众汽车销售服务有限公司,121.449281,宁波市宁海县梅林街道梅深路20号,29.383282,宁波,,S733059,1,180,27,315609,,Z 浙江,737
0574-88685922/0574-88685923,,奉化轿辰康发汽车销售服务有限公司,121.460554,浙江省宁波市奉化市江口街道四明东路与东环路交叉口,29.712067,宁波,,S733067,1,180,27,,,Z 浙江,873
0574-58966999,,慈溪市锦星汽车销售服务有限公司,121.218627,浙江省慈溪市宗汉街道北三环西路1618号,30.212518,宁波,,S733064,1,180,27,,,Z 浙江,886
0574-87450001,,宁波元通宝通汽车有限公司,121.599365,宁波市鄞州区下应北路700号,29.820987,宁波,,S733079,1,180,27,,,Z 浙江,908
0574-83068880,,宁波轿辰康嘉汽车销售服务有限公司,121.579848,宁波市江北区庄桥街道马径汽车园内 ,29.938846,宁波,,S733065,1,180,27,,,Z 浙江,924
0574-26911666,,宁波恒众汽车销售服务有限公司,121.800464,宁波市北仑区甬江路2号,29.919082,宁波,,S733082,1,180,27,,,Z 浙江,1022
0573-82670888,,嘉兴市北方汽车贸易有限公司,120.813144,嘉兴市中环南路999号汽车商贸园品牌区专卖区2号,30.741844,嘉兴,,S733008,1,181,27,314000,,Z 浙江,242
0573-85076688,,平湖市爱众汽车销售服务有限公司,121.04,浙江省平湖市当湖街道长胜路1250号,30.69,嘉兴,,S233007,1,181,27,314200,,Z 浙江,1123
0572-2189209,,湖州长运汽车销售服务有限公司,120.113759,湖州市环城南路47号,30.861624,湖州,,S733031,1,182,27,313000,,Z 浙江,81
0572-2557000,,湖州众腾汽车销售服务有限公司,120.069870,湖州市创业大道188号4幢-6,30.881667,湖州,,S733044,1,182,27,313000,,Z 浙江,577
0572-6062999,,长兴元通汽车有限公司,119.945302,湖州市长兴县太湖街道县前东街1059-1号,31.015603,湖州,,S733068,1,182,27,,,Z 浙江,897
0513－82199922,,海门常和大众汽车销售服务有限公司,121.132873,海门市人民西路1688号,31.891711,海门,,S732049,1,208,27,226100,,Z 浙江,447
0576-86191999,,温岭市金桥汽车销售服务有限公司,121.393053,台州市温岭经济开发区九龙大道,28.409312,温岭,,S733036,1,212,27,317500,,Z 浙江,462
0573-89806666,,桐乡博众汽车销售有限公司,120.55861,桐乡市梧桐街道庆丰南路800号,30.610979,桐乡,,S733046,1,232,27,314500,,Z 浙江,580
0570-8076666,,衢州祥龙汽车有限公司,118.900384,衢州市浙西大道109号13区,28.938205,衢州,,S733043,1,247,27,324000,,Z 浙江,578
0570-4042888/0570-4042999,,江山祥宇汽车有限公司,118.681567,江山市双塔街道塔东村百廿秤自然村110号 ,28.772541,衢州,,S233003,1,247,27,,,Z 浙江,926
0573-87272888-800,,海宁市群英汽车销售服务有限公司,120.686872,海宁市经济开发区文苑路485号,30.549823,海宁,,S733049,1,250,27,314400,,Z 浙江,602
0579-86222666,,东阳市众富汽车销售服务有限公司,120.210573,浙江省东阳市世贸大道5号（国际建材城斜对面）,29.290791,东阳,,S733053,1,287,27,322100,,Z 浙江,666
