id,title,functions,contacts,contact,address,lal
2,沈阳皓伦汽车销售有限公司,,240701,88422888,沈阳市沈河区东陵路46-3号,"123.541891,41.820936"
3,吉林省双程汽车销售服务有限公司,,431802,88668686,吉林省长春市经济开发区洋浦大道875号,"125.391698,43.864822"
4,哈尔滨华品吉沃汽车销售服务有限公司,,451702,88888001,哈尔滨市道外区先锋路9号,"126.754741,45.78084"
5,黑龙江成越汽车贸易有限公司,,451005,83369777,黑龙江省哈尔滨市道里区国际汽车城B1B2栋,451005
6,北京中汽双会汽车销售有限责任公司,,100701,010-65730317,北京市朝阳区管庄重兴寺村,"116.62272,39.911676"
7,天津中远汽车贸易有限公司,,220008,86907711,天津市北辰区普济河东道1号院内,"117.222047,39.214414"
8,河北荣神汽车销售服务有限公司,,311002,85666990,石家庄市东开发区307国道与机场路交叉口,"114.804451,38.031388"
9,邯郸市金太阳汽车科技有限公司,,310005,5513222  5102331,东环路与丛台路交叉口北200米路东,"114.544583,36.624102"
10,邢台京宾汽车贸易有限公司,,319006,3927888,河北省邢台市桥东区龙岗大街与旭阳路交叉口路南汽车城内,"114.561212,37.124045"
12,太原市老兵经贸有限公司,,351008,7021166,太原市小店区太榆路36号,"112.601536,37.807413"
13,山西吉豪汽车销售服务有限公司,,351702,2206668,太原市万柏林区新晋祠路110号汇众汽车家园内,"112.540405,37.82923"
14,陕西德丰汽车贸易有限公司,,290010,82378882,西安市三桥经济疏导线58号,"108.822638,34.300496"
15,宝鸡市星海工贸有限责任公司,,917001,3531333,宝鸡市高新区高新十二路,"107.29401,34.34734"
16,延安路通汽车维修有限责任公司,,911801,3330888,延安市宝塔区柳林镇二十里铺村,"109.477559,36.527865"
17,山东省滨州市方正出租汽车有限责任公司,,543002,0543-3354123,山东省滨州市渤海五路828号,"118.025126,37.426057"
18,德州陆鼎商贸有限公司,,534003,2755466,德州经济开发区晶华路2285号,"116.381456,37.459323"
19,聊城鲁翔吉豪汽车销售有限公司,,635002,8316600,聊城市建设路东首一号,"115.97113,36.478127"
20,烟台富金汽车销售服务有限公司,,535701,6377188,山东烟台市经济技术开发区北京南路2-10,"121.36986,37.49528"
21,山东省吉利汽车超市有限公司,,531701,69927000,济南经十路31210号,"116.892257,36.654075"
22,临沂春华汽车销售服务有限公司,,539005,7678583,临沂市兰山区双岭路于与西外环交汇远通汽车大世界,"118.275707,35.021138"
24,张掖市鑫诚商贸有限责任公司,,936001,8686909,张掖市滨河新区现代化物流园区发展大道南侧,"100.486714,38.944326"
25,安徽世钰汽车销售服务有限公司,,551701,64842333,合肥市包河区包河工业园天津路5号,"117.355498,31.805386"
26,江西帝豪汽车销售服务有限公司,,791701,88228669,江西省南昌市洪都南大道388号,"115.930252,28.656831"
28,上海晋熙汽车销售服务有限公司,,210701,68041618,上海市浦东新区沪南公路4789弄258号,"121.594105,31.077443"
29,南京钧生汽车销售服务有限公司,,250003,81031078,南京市江宁区汽车4S园区临麒路,"118.883697,31.988337"
30,无锡市吉美汽车销售有限公司,,510002,82133000,无锡市新区锡义路76号,"120.409607,31.563312"
31,苏州市汽车工业贸易有限公司,,512011,65131100,苏州市高新区御风路2号,"120.635138,31.29931"
32,郑州鑫河汽车销售有限公司,,371012,66660800,郑州市郑东新区物流大道与康庄路交叉口庞大汽车城,"113.858823,34.763606"
33,濮阳市恒通汽车销售有限公司,,393001,8708168,濮阳市苏北路东段路北,"115.127533,35.78487"
35,杭州远景汽车服务有限公司,,571011,88175777,杭州市拱墅区石祥路295号,"120.158055,30.338022"
36,杭州豪帝汽车销售服务有限公司,,571701,28181188,浙江省杭州市余杭区莫干山路1415号,"120.122968,30.332767"
37,宁波帝豪汽车销售服务有限公司,,574701,87638282,宁波市江北区环城北路东段247号,"121.585465,29.908016"
38,台州豪情汽车销售服务有限公司,,576701,82866666,台州市路桥区新迎宾大道,"121.340892,28.573155"
39,厦门宏源发商贸发展有限公司,,592003,5785888,厦门市湖里区坊湖路751号-1,"118.156336,24.520433"
40,泉州市帝豪汽车服务有限公司,,595701,85931333,福建省晋江市紫帽镇湖盘村中远高尔夫球场对面,"118.536192,24.869824"
41,广西开心汽车服务有限公司,,771703,5596999,南宁市江南区白沙大道107号,"108.288191,22.782093"
42,广州市铭智汽车贸易有限公司,,200011,89009898,广州市海珠区广州大道南1601-1603号华南汽贸广场内A区69号,"113.321221,23.081451"
44,东莞市新华利汽车贸易有限公司,,769701,81112228,东莞市寮步镇莞樟大道塘唇段49号,"113.864152,23.022514"
45,海南开心汽车销售服务有限公司,,891702,31901888,海口市南海大道228号A幢1号海南汽车大世界,"110.298141,20.027276"
46,成都西物汽车有限公司,,280701,85312678,成都市高新区新园南二路1号,"103.986763,30.63635"
47,南充明云铃丰车业有限公司,,817701,6811111,南充市高坪区机场大道东顺路68号,"106.178745,30.775538"
49,贵州海翔汽车贸易服务有限公司,,851007,84355068,贵州省贵阳市白云区白云南路457号A栋,"106.665112,26.671254"
50,贵州建邦常发汽车贸易有限公司,,851005,88425100,贵阳市清镇市青龙街道办事处偏坡村,"106.689733,26.538846"
51,衡阳运成汽车销售服务有限公司,,734005,2820666,湖南衡阳市蒸湘区杨柳汽贸园,"112.579548,26.877985"
52,湖南帝豪汽车销售服务有限责任公司,,731701,84081788,长沙县星沙镇博展路56号（中南汽车世界大展厅正对面）,"113.06967,28.238138"
54,内蒙古广通汽车销售有限责任公司,,471003,3673300,呼市草原明珠汽车展厅东1号,"111.613803,40.82682"
55,武汉市东瑞汽车销售服务有限公司,,270010,027-88716811,武汉市洪山区白沙洲大道9号,"114.265195,30.430871"
57,深圳市深意汽车销售服务有限公司,,755701,26565566,深圳市福田区北环大道北侧7028号B座（与下梅林一街交汇处）,"113.914127,22.538853"
58,浙江友华汽车有限公司,,570701,8068888,浙江省衢州市浙西大道109号2区,"118.902053,28.938544"
60,嘉兴市东江汽车销售服务有限公司,,573701,82670580,嘉兴市中环南路999号汽车商贸园5号,"120.814941,30.741347"
61,金华吉生汽车销售服务有限公司,,579701,82087171,金华市金东区东孝街道赤松路239号1楼西侧,"119.69863,29.148277"
62,厦门合升汽车销售有限公司,,592701,5373108,厦门市湖里区鳌山路473号,"118.149578,24.708079"
63,龙岩龙豪汽车贸易有限公司,,597701,3225858,龙岩市新罗区龙门镇物流大道338-1号,"116.956661,25.107527"
65,恩施市加宝汽车贸易有限责任公司,,718701,8025866,恩施市金桂大道花果山汽车商贸城1号,"109.487589,30.313584"
66,荆门铭丰汽车销售有限公司,,724004,2217222,荆门市掇刀区月亮湖路（国际汽车城内）,"112.21067,31.012094"
67,怀化豪沃汽车销售有限公司,,745701,2778758,怀化市红星南路汽贸市场211号二楼,"109.980169,27.533979"
69,汕头市腾达汽车销售服务有限公司,,754702,88222738,汕头市金凤路北侧下岐报本路南侧,"116.687026,23.390908"
71,广西吉星汽车销售服务有限公司,,755704,4788666,贵港市金港大道东段606号,"114.047487,22.701188"
72,中山市星时代汽车服务有限公司,,760002,88888691,中山市东区白沙湾长江北路320号,"113.417004,22.552352"
73,抚州铭豪汽车发展有限公司,,794701,8255060,江西省抚州市迎宾大道东（南昌大学对面）,"116.39415,27.964262"
74,赣州坤盛汽车销售服务有限公司,,797703,7373888,南康市龙岭工业西路,"114.824501,25.731688"
75,武威市德丰汽车销售服务有限公司,,935001,2560066,武威市凉州区天马大道北侧武威汽车城,"107.631517,35.752389"
76,新疆华创汽车销售服务有限公司,,991802,6681299,乌市鲤鱼山北路1号赛博特国际汽车城D5-1-02,"87.599652,43.883065"
77,北京京诚跃汽车销售服务有限公司,,100017,61249001,北京市大兴区黄村镇海鑫北路9号,"116.367152,39.770509"
78,重庆市佳运汽车销售有限公司,,230704,58810111,重庆市万州区沙龙路三段3878号（双河口赛德学校路口对面）,"108.393374,30.783319"
80,西咸新区德丰汽车贸易有限公司,,290703,33128399,咸阳市秦都区双照镇咸阳汽车产业园,"108.679677,34.375902"
81,菏泽市吉豪汽车销售服务有限公司,,530701,5700700,菏泽市黄河东路1666号,"115.546128,35.264984"
82,镇江顺达汽车销售服务有限公司,,511801,88899222,镇江市丁卯桥路298号,"119.524052,32.185761"
83,朔州市海联力通物资有限公司,,349701,2266399,朔州市车管所对面,"112.465675,39.35338"
85,晋城市宏达亚飞汽车销售有限公司,,356001,2052005,山西省晋城市中原街661号,"112.869891,35.482743"
86,安阳市一帆汽车销售有限公司,,372803,3762918,安阳市文峰区光明路南段路西（豫北汽车市场院内）,"114.340522,36.088905"
87,朝阳元宏汽车销售服务有限公司,,421001,2922333/2927799,辽宁省朝阳市双塔区龙山街四段820-3号,"120.435025,41.54629"
88,葫芦岛仕万通贸易有限公司,,429701,3366005,葫芦岛市打渔山开发区,"120.869165,40.747582"
89,松原市广瑞汽车贸易有限责任公司,,438802,6913999,松原市宁江区铁西街333号,"124.781613,45.109007"
90,齐齐哈尔市宏昌汽车贸易有限责任公司,,452702,2111598,黑龙江省齐齐哈尔市联通大道汽贸城-13号对面,"126.754741,45.78084"
91,牡丹江吉沃汽车销售服务有限公司,,453701,6592555,牡丹江市爱民区西海林街12号,"129.606813,44.595262"
92,四川鑫众和汽车销售有限公司,,280014,86668806,成都市青羊区文家场青羊工业园2区16号,"103.948109,30.696851"
93,张家口市恒瑞汽车销售有限公司,,313004,4081666,河北省张家口市高新区火石窑南行500米,"114.923268,40.731263"
94,沧州天玉汽车销售服务有限公司,,317002,3092029,沧州市开发区石港路1号,"116.919986,38.289908"
95,洛阳车一路汽车销售服务有限公司,,379804,69928999,洛阳市洛龙区开元大道杜预街口,"112.412137,34.605805"
96,漯河市佳美汽车销售有限公司,,395001,2111577,河南省漯河市漯舞路口西500米加油站路口北,"114.000478,33.556462"
97,大连长沣汽车贸易有限公司,,411703,86590808,大连市甘井子区华东路45#,"121.596008,38.978528"
98,乌兰察布市森润汽车销售有限责任公司,,474801,15947579229,乌兰察布市察哈尔汽贸城众森汽配城南,"113.1283,40.968995"
99,江阴市同元汽贸有限公司,,510001,80601000,江阴市澄杨路66号,"120.317874,31.889377"
100,昆山永通华阳汽车销售有限公司,,512702,50322333,昆山市玉山镇宝益路9号2号房,"120.984453,31.371237"
101,河南华泽汽车服务有限公司,,371016,55092555,郑州市郑东新区黄河路与经北六路向东800米路北（郑州电缆厂对,"113.765993,34.739659"
103,潍坊福链汽车销售有限公司,,536702,8811766,潍坊市奎文区潍州路399号金宝汽车城,"119.136357,36.662187"
104,济宁北辰汽车销售有限公司,,537011,3150001,济宁市高新区新327国道（光府河东杨桥新区）,"116.619231,35.435824"
105,绍兴市君诚汽车销售服务有限公司,,575006,0575-88378877,绍兴市二环北路59号,"120.565445,30.033494"
106,梧州市瑞安汽车贸易有限公司,,744701,2028555,梧州市长洲区三龙大道茅山路段,"111.247993,23.475343"
107,惠州市旺华汽车贸易有限公司,,752004,2850335,惠州市惠博沿江路金山汽车城2号展场,"114.402083,23.137206"
108,深圳市凯捷通实业有限公司,,755801,89730331,深圳市龙岗区横岗深惠路（横岗段）1118号信义汽车城9号展位,"114.228982,22.674294"
109,桂林市宝路通商贸有限责任公司,,773001,2262266,桂林市秀峰区甲山乡村委会熊家村925号一层展示维修中心,"110.313053,25.235959"
110,桂林丰驰汽车贸易有限公司,,773701,2638828,桂林市灵川县八里街永业汽车城第4栋1-6号门面,"108.305075,22.869728"
111,九江市联科汽车销售服务有限公司,,792701,8360800,九江市开发区九瑞路179号,"115.973483,29.710017"
112,汉中市嘉力汽车贸易有限公司,,916802,2650011,陕西省汉中市铺镇关爷庙村,"107.116284,33.090267"
113,平凉市金奥来汽车销售有限责任公司,,933002,8712766,平凉市崆峒区金江茗苑10号楼1层吉利汽车,"106.663977,35.557477"
114,库尔勒辉环汽车销售有限公司,,996802,2163000,新城区石化大道74号小区（神州国际汽车城院内C区）,"86.221305,41.725665"
115,云南港鑫实业有限公司,,871701,68260666,昆明市二环西路668号烟草兴云汽车城,"102.673392,25.07441"
116,保定市保跃汽车销售有限公司,,312011,7919999,保定市长城南大街,"115.514868,38.835531"
117,唐山万汇汽车销售服务有限公司,,315801,2890556,唐山市路南区岳各庄（汽车文化展示园）,"118.200995,39.600804"
118,信阳豫通汽车销售服务有限公司,,376701,3709666,河南省信阳市京珠高速入口东50米,"114.217147, 32.13496"
119,通辽市九赢车辆销售有限责任公司,,475801,6385919,科尔沁区科尔沁大街东段1434号,"122.29169,43.617916"
120,赤峰传奇汽车销售有限公司,,476802,8283311,内蒙古赤峰市红山区桥北物流园区,"118.936639,42.327657"
121,南通东昊汽车贸易有限公司,,513006,82033820,南通市城港路99号（南通市永兴路31号）,"120.830457,32.035082"
122,江苏东泉汽车销售有限公司,,518701,0518-85772333,连云港市解放东路318号振兴汽车城,"119.035021,33.650772"
123,山东世中实业有限公司,,531007,88674567,济南市历城区工业北路172号,"117.104387,36.722622"
124,桐乡市嘉伦汽车销售服务有限公司,,573803,0573-81883188,桐乡市振东新区中华东路与杏南路交叉口,"120.587054,30.623608"
125,温州铭豪汽车销售服务有限公司,,577702,85606666,温州市温州大道829号,"120.680263,27.969821"
126,佛山市顺德区泓图汽车贸易有限公司,,757001,22276168,佛山市顺德大良区105国道金榜汽车市场,"113.239554,22.86089"
127,新余市安瑞实业有限公司,,790701,6311888,新余市九鼎汽车市场4栋,"114.952686,27.845137"
128,宁夏众豪汽车销售服务有限公司,,951701,5686111,宁夏银川市兴庆区清河北街1039号通和汽车城C区20号楼7-10号,"106.305754,38.496132"
129,重庆国鑫汽车销售有限责任公司,,230804,62768181,重庆市南岸区六公里重庆旧车交易市场门口,"106.580435,29.501896"
130,承德吉沃汽车销售有限公司,,314801,5897888,承德市双桥区大石庙镇太平庄汽车城,"117.964636,40.93308"
131,衡水新纪元商贸有限责任公司,,318003,2632001,衡水市开发区昌明大街569号,"115.644703,37.745591"
134,开封市万宝汽车贸易有限公司,,378701,23877388,开封市金明区宋城路西段,"114.302502,34.792298"
135,三门峡市鼎鑫帝豪汽车销售服务有限公司,,398701,2365555,三门峡市湖滨区交口乡野鹿村（腾飞汽车城）,"111.177449,34.801576"
137,包头市天星汽车贸易有限公司,,472801,5111177,包头市稀土高新区稀土路南恒通金安公司院内（恒通汽车城）,"109.893061,40.636402"
138,徐州市全成汽车销售有限公司,,516702,85827777,徐州东三环路18号金三环汽配市场E2#,"117.230501,34.240719"
139,滁州科通汽车销售服务有限公司,,550701,2153666,滁州市金陵北路89号,"118.351052,32.272709"
141,岳阳帝豪汽车销售服务有限公司,,730701,8250788,岳阳市巴陵东路463号,"113.179903,29.375468"
143,清远市标竣汽车销售服务有限公司,,763002,6988777,清远市清远大道新城B33号区之一,"113.064854,23.665049"
144,柳州市鹏帆物资贸易有限公司,,772701,3728288,柳州市广汽路12号（广西汽车贸易园内）,"109.368598,24.314336"
145,高安市益源实业有限公司,,795002,5288981,江西省高安市高安大道,"115.412025,28.441174"
146,吉安市俊泽汽车贸易有限公司,,796701,2182818,吉安市青原区汽车文化产业园,"114.933491,27.034816"
147,安顺海常盛汽车贸易有限公司,,853006,33517699,贵州省安顺市汽车城,"105.947184,26.231012"
148,毕节海翔汽车贸易服务有限公司,,857002,8882999,毕节市贵毕大道汽车城,"105.386335,27.270364"
149,榆林市吉瑞通汽车销售服务有限公司,,912002,6664889,榆林市经济技术开发区草海则村生产路东,"109.738101,38.227422"
150,庆阳志源汽车销售服务有限公司,,934005,8229666,甘肃省庆阳市西峰区庆化大道北段汽车城对面,"107.629531,35.771059"
151,漯河市宏远汽车销售有限公司,,395002,2163339,漯河市湘江西路与嵩山路交叉口,"114.021262,33.561794"
152,河南博润汽车销售有限公司,,371807,60113339,郑州市花园北路河南汽车贸易中心(4S),"113.683459,34.871536"
153,洛阳车一路汽车销售服务有限公司,,379804,69928999,洛阳市洛龙区开元大道杜预街口,"112.412137,34.605805"
154,诸暨豪创汽车销售服务有限公司,,575701,87051000,诸暨市陶朱街道西二环路267号,"120.201846,29.734863"
155,绍兴和通汽车销售服务有限公司,,575001,88730700,浙江省绍兴市越城区陶堰镇东方汽车城吉利汽车4S店,"120.730029,30.024556"
156,青岛自由风汽车销售有限公司,,532702,87699666,李沧区黑龙江中路桃园段,"120.438252,36.208958"
174,临汾经济技术开发区绿岳汽车销售服务有限公司,,357802,2881666,临汾市城北汽车站往北（洪洞方向）2公里路西,"111.569294,36.139729"
178,运城市吉瑞豪汽车销售有限公司,,359006,2186266,山西省运城市黄河大道中段203号,"110.983245,35.070351"
181,运城市金泉汽车销售有限公司,,359701,6369577,运城市盐湖区十里长街中段凤英医院南,"110.984887,35.066776"
185,商丘华威汽车销售有限公司,,370003,2582222,商丘市民主西路与金桥路交叉口西50米路南,"115.60044,34.446261"
187,永城市汇龙汽车销售有限公司,,370801,5430111,永城市东城区芒山路南段与建材路交汇处,"116.42916,33.919912"
188,河南省华星汽车贸易有限公司,,371005,63788966,河南省郑州市文化路与北环路交叉口西南角,"113.670453,34.815537"
191,濮阳市豫保汽车销售服务有限公司,,371701,8928888,濮阳市京开大道622号,"115.057953,35.789234"
193,河南华驰汽车销售有限公司,,371703,60381666,郑州市金水区中州大道与连霍高速交叉口南500米,"113.700555,34.843586"
198,新乡市新通汽车销售服务有限公司,,373002,3522000,新乡市新飞大道与南环路交叉口南环汽车广场,"113.906397,35.266679"
201,新乡市广益汽车销售服务有限公司,,373701,5053777,新乡市新飞大道南段南环汽车广场A区1号,"113.906359,35.267466"
202,许昌永生汽车销售服务有限公司,,374002,3373999,许昌市魏都产业集聚区万通汽贸城北区,"113.812528,34.009742"
204,禹州市亿通汽车贸易有限公司,,374801,8275000,禹州市车站路中段,"113.466655,34.144193"
211,南阳华美汽车销售有限公司,,377803,83988111,南阳市信臣路与与新312国道交叉口向西100米路北,"112.504854,33.010978"
212,开封圆方汽车销售有限公司,,378001,0371-23700888,开封市金明区宋城大道21号,"114.294653,34.792528"
213,洛阳市宇豪贸易有限公司,,379001,65522566,河南省洛阳市九都路与启明南路交叉口南100米,"112.477881,34.64239"
214,洛阳裕得汽车贸易有限公司,,379701,65523111,洛阳市洛龙区林安汽车城,"112.47635,34.646511"
217,洛阳久富贸易有限公司,,379803,63601877,洛阳市九都东路名车苑汽车广场,"112.512893,34.684031"
220,焦作市中宇汽车销售有限公司,,391701,3565111,焦作市新区迎宾路沙河桥南300米路东,"113.270437,35.157138"
227,漯河广信汽车销售服务有限公司,,395701,3282999,漯河市汇源区107国道桂江路交叉口西200米路北,"114.001182,33.55849"
228,三门峡三圣汽车销售服务有限公司,,396002,0398-2189897,河南省三门峡市开发区机动车交易市场西南区,"111.174949,34.80184"
230,驻马店市有道汽车销售服务有限公司,,396701,2128989,驻马店市文明路与洪河大道交叉口（科三考场向北300米东）,"114.019943, 33.035875"
237,大连立成达商贸有限公司,,411005,39573458,大连市迎金路193号,"121.589887,39.008668"
238,大连弘光经贸有限公司,,411201,86541777,大连市甘井子区华北路170号,"121.593889,38.953027"
241,鞍山市众成汽车贸易有限公司,,412701,8403666,鞍山市千山区宁远镇南地号村,"122.931209,41.113513"
247,丹东市东泰汽车贸易服务有限公司,,415001,2155830,丹东市东港市汤池镇集贤村,"124.35719,40.127441"
252,营口葆丰汽车销售服务有限公司,,417701,7182666,辽宁营口市鲅鱼圈区青龙山大街中段（新客运站南200米）,"122.16586,40.259979"
256,阜新奉天汽车贸易有限公司,,418701,6282888,阜新市经济技术开发区海清路49号,"121.612161,41.99663"
260,盘锦融圣汽车销售有限责任公司,,427701,3205555,盘锦经济开发区中兴商贸园（辽河路）,"122.056759,41.193004"
263,吉林省世通汽车销售服务有限公司,,431003,88535056,长春市正阳街3928号,"125.278544,43.874108"
270,延吉嘉航汽车销售服务有限公司,,433701,8189999,吉林省延吉市人民路东段南侧,"129.536628,42.90136"
272,四平市鹏达汽车贸易有限公司,,434011,3203328,吉林省四平市经济开发区大路3999号,"124.45679,43.14389"
273,四平市华荣汽车销售服务有限公司,,434802,3336333,四平市经济开发区开发大路4117号,"124.45679,43.143747"
278,辽源市隆腾汽车销售有限公司,,437001,3521888,辽源市福镇街辽河半岛小区东大门旁,"125.170725,42.90784"
281,白城市巡航汽车贸易有限公司,,438801,5068111,吉林省白城市洮白一级公路888号,"122.838581,45.611103"
286,齐齐哈尔市成功汽车销售有限责任公司,,452001,2228988,齐齐哈尔市龙沙区永安南大街165号,"123.938425,47.311303"
293,佳木斯新世纪汽车销售有限公司,,454001,5177077,佳木斯市郊区友谊路沿江乡宝马4S店南500米吉利汽车4S店,"130.338546,46.815627"
298,嫩江县元亨汽车销售维修有限责任公司,,456002,7514000,嫩江县新建街四委四十组,"125.233726,49.158824"
306,黑龙江省鹏鹰汽车销售服务有限公司,,467001,2666000,黑龙江省鸡西市城子河区佳和路31号,"131.003301,45.324201"
311,呼伦贝尔市蒙盛汽车销售有限公司,,470002,8223843,海拉尔区建设办牙克石路（中俄蒙汽车江苏金龙4S店1号）,"119.784009,49.224152"
312,内蒙古威风汽车销售有限公司,,471002,2330666,呼和浩特市新城区兴安北路5303工厂北500米路东,"111.700001,40.869752"
316,内蒙古森威汽车贸易有限责任公司,,471801,3606185,呼和浩特市回民区金海路草原明珠小区综合楼8号,"111.611987,40.825996"
318,包头市虹桥汽车销售有限责任公司,,472006,7151852,包头市建设路中段,"109.939574,40.632312"
319,包头市吉亨汽贸有限公司,,472007,5135399,包头市稀土高新区稀土路4号恒通汽车城一排,"110.068789,40.5778"
320,包头市吉好汽车销售服务有限公司,,472008,2256123,包头市青山区110国道731公里处（民族东路与110国道交叉口西）,"109.868926,40.707053"
324,乌海市普鑫商贸有限责任公司,,473801,2085896,海渤湾区海达街三金汽贸大厦12号展厅,"106.814369,39.658836"
331,赤峰泰通贸易有限责任公司,,476005,8773036,内蒙古赤峰市红山区桥北镇红山物流园区2号路北段,"118.942345,42.327523"
336,鄂尔多斯市蒙凯通达汽车销售有限公司,,477701,8101368,鄂尔多斯市东胜区铜川镇工业园区,"110.112005,39.789265"
340,巴彦淖尔市龙呈商贸有限公司,,478702,8219338,巴彦淖尔市临五路东段路南,"107.436993,40.787757"
344,成都吉利汽车超市连锁有限公司,,280016,85038999,成都市武侯区武科西三路2号,"104.009358,30.711373"
348,资阳市弘毅汽贸有限公司,,280703,26668999,资阳市雁江区大千路C段8号,"104.629895,30.110827"
354,西安国利汽车服务有限公司,,290007,82378040,西安市三桥西部国际车城内,"108.827514,34.29371"
360,西咸新区新天路汽车销售服务有限公司,,290807,029-33627999,陕西省咸阳市秦都区汽车产业园,"108.681749,34.375051"
361,陕西万顺汽车贸易有限公司,,298010,88699090,陕西省西安市未央区天台路13号,"108.9209,34.27684"
366,河北众意汽车销售服务有限公司,,311007,85662811,河北省石家庄市北二环东路68号,"114.554733,38.077234"
373,保定市元通汽车贸易有限公司,,312004,5067099,保定市长城南大街1655号,"115.512908,38.832435"
374,高碑店市白沟众合通汽车贸易有限公司,,312006,2866677,高碑店市白沟新城兴胜大街与友谊东路交叉口,"116.047612,39.133783"
379,定州市长安汽车维修服务有限公司,,312802,2684567,河北省定州市清风北路,"114.968807,38.538889"
382,张家口利豪汽车销售有限公司,,313804,5908111,张家口市高新区张宣公路远大二手车交易市场院内,"114.919859,40.75019"
384,承德市永胜汽车销售有限公司,,314001,2260666,承德市开发区西区6号 ,"117.962647,40.930451"
386,承德庞大豪庭汽车销售有限公司,,314701,2100899,承德市双桥区大石庙镇太平庄二化厂南,"117.991658,40.893644"
390,唐山庞大豪盛汽车销售服务有限公司,,315703,3390688,唐山市开平区工业园区,"118.266676,39.634757"
392,河北汇竣汽车贸易有限公司,,316004,5903321,廊坊市解放道180号,"116.742623,39.524457"
393,廊坊市凯通汽车销售服务有限公司,,316012,2021000,廊坊市安次工业园区安铭路66号,"116.395453,39.138004"
394,固安县亚润汽车销售有限公司,,316703,5208111,河北省廊坊市固安县柳泉镇金海汽车交易市场,"116.748761,39.519786"
396,河间市谢氏汽车销售服务有限公司,,317004,7675888,河间市瀛州国际酒店西1000米路北,"116.096321,38.457942"
398,河北泰丽汽车贸易有限公司,,317011,2763444,河北省任丘市西环路西侧雁翎路南侧,"116.896505,38.287724"
399,沧州市润丰汽车销售有限公司,,317701,3088666,沧州市新华区解放东路芦家园村南,"116.892643,38.286479"
401,沧州泰丽汽车销售服务有限公司,,317803,3523399,河北省沧州市解放东路芦家园村南,"116.896505,38.287724"
405,衡水庞大豪庭汽车销售服务有限公司,,318701,5263030,衡水武邑县南郭庄村北（冀衡工业园威武大街西040省道北）,"115.643446,37.74133"
409,邢台天佑达汽车服务有限公司,,319009,3226668,邢台县豫让桥办事处长信村南,"114.533364,37.113075"
410,邢台京深汽车贸易有限公司,,319701,3927888,邢台市郭守敬大道789号,"114.543101,37.111588"
412,秦皇岛庞大信远汽车销售服务有限公司,,335701,3302333,河北省秦皇岛市经济技术开发区西环北路165号,"119.557196,39.951511"
413,秦皇岛万泽汽车销售有限公司,,335801,3600305,秦皇岛市海港区京沈高速公路北出口瑞通汽车园,"119.555727,39.977419"
415,朔州市恒煜汽车销售有限责任公司,,349801,2167518,朔州市朔城区北邢家河村（张辽路中段路面）,"112.426812,39.358861"
418,忻州市来福汽车贸易有限公司,,350801,3121877,忻州市和平西街大运路转盘南30米,"112.704349,38.431016"
419,山西盛隆汽车销售服务有限公司,,351007,2207999,太原市新晋祠路110号汇众汽车家园内,"112.538527,37.829188"
425,聊城鲁翔吉豪汽车销售有限公司,,635701,8529996,聊城市建设东路机动车交易市场内,"115.97113,36.478127"
429,茂名市本锐汽车有限公司,,668701,0668-2995299,茂名市茂名大道与茂南大道交汇处粤信汽车城,"110.9578,21.638958"
430,茂名市车博士汽车服务有限公司,,668801,2733003,茂名市茂港区羊角镇金煲村（茂名市油城九路转盘）,"110.954858,21.671048"
431,景洪南春经贸有限责任公司,,691701,2139990,景洪市勐腊路18号南春车市,"100.790094,22.001422"
435,襄阳英达尔汽车销售服务有限公司,,710701,2357888,襄阳市富康大道68号（富康大道与316国道交叉口））,"112.173502,32.090095"
438,湖北华恒汽车销售服务有限责任公司,,712001,0712-2518666,孝感市孝南经济开发区状路358号,"113.977135,30.911804"
440,湖北吉之星汽车销售有限公司,,714002,6383999,湖北省黄石市黄金山工业新区大棋路汽车市场,"114.902803,29.942118"
442,湖北永大汽车销售服务有限公司,,714702,02784611576,湖北武汉市汉阳区汉阳大道998号,"114.184419,30.570526"
443,湖北楚越汽车销售有限公司,,714801,0714-3860808,鄂州市鄂城区鄂城大道花湖开发区鄂东国际汽车城,"115.048432,30.269435"
444,荆州市华超汽车贸易有限公司,,716001,0716-8810666,湖北省荆州市竹叶山汽车世界C10幢103号,"112.215108,30.363576"
445,荆州市宏顺汽车销售服务有限公司,,716802,8423666,荆州市荆监一级公路收费处,"112.218872,30.362717"
447,宜昌市鑫宁汽车销售服务有限公司,,717701,0717-6399196,宜昌市V亭区先锋路,"111.321198,30.685181"
448,宜昌市东伦汽车销售服务有限责任公司,,717802,6458000/6518000,宜昌市伍家岗区伍临路58号三峡鑫物汽车城,"111.349468,30.741993"
453,十堰市合瑞工贸有限公司,,719801,8889778,湖北省十堰市茅箭区重庆路99号,"110.774851,32.616586"
455,随州市豪沃汽车销售服务有限公司,,722701,3333222,湖北省随州市经济开发区交通大道K007号,"113.406211,31.70272"
458,荆门市庆丰汽车销售有限公司,,724801,2236222,荆门市月亮湖路国际汽车城78号-1,"112.225427,31.053535"
464,岳阳市兴燕贸易有限公司,,730002,8799728,岳阳市巴陵东路八字门通海路口,"113.175216,29.376478"
468,湖南天吉汽车销售有限公司,,731003,0731-88292298/88292268,长沙市高新区麓谷汽车世界D-03区,"112.867928,28.209191"
469,长沙华丰汽车贸易有限公司,,731009,84078788,湖南省长沙市中南汽车大世界F04栋,"113.075635,28.240239"
470,长沙合致汽车销售服务有限公司,,731702,84091018,长沙市星沙开发区中南汽车大世界金茂西路F05栋,"113.075635,28.240239"
474,湖南涨亿贸易有限公司,,733801,22969988,株洲市天元区株洲大道体育中心室外足球场旁,"113.159532,27.869942"
475,衡阳一鸣汽车贸易有限公司,,734002,8808185,衡阳市蒸湘区杨柳村第三组（杨柳汽车城内）,"112.590565,26.918919"
481,常德锦江汽车销售有限公司,,736002,7809111,常德市龙港北路湘西北汽车城对面,"111.682065,29.075613"
482,常德帝豪汽车销售服务有限公司,,736701,7704288,湖南省常德市武陵区新世纪汽车城内,"111.726065,29.060086"
487,益阳川普汽车销售服务有限公司,,737701,4448111,湖南省益阳市桃花仑东路1210号,"112.386977,28.569805"
488,益阳中宇汽车贸易有限公司,,737802,4212999,益阳市鹿角园路鸿基汽车广场,"112.353534,28.553223"
492,邵阳市帝豪汽车销售有限公司,,739001,5355999,邵阳市双清区宝庆工业集中区邵阳大道建龙路口,"111.524541,27.254957"
499,江门市新会鑫源汽车贸易有限公司,,750004,6168111,江门市新会区冈州大道东52号东(大都会酒楼侧),"113.068106,22.542919"
502,韶关市丰日汽车贸易有限公司,,751002,8288899,韶关市韶南大道五公里,"113.591836,24.761891"
506,韶关市昌盛汽车销售服务有限公司,,751804,0751-8813666,韶关市浈江区韶南大道中13号原长乐村委1号铺至8号铺,"113.591428,24.759423"
507,惠州市冠通汽车贸易有限公司,,752701,2528787,惠州市河南岸演达一路汽车大市场36号,"114.422333,23.067688"
508,惠州市鼎顺汽车贸易有限公司,,752801,2825536,惠城区惠博沿江路金山汽车城,"114.402906,23.136837"
509,梅州市顺达汽车销售服务有限公司,,753002,2133222,梅州市环市西路（城西职业中学侧）,"116.096622,24.303792"
510,梅州市吉沃汽车销售服务有限公司,,753701,2521139,梅州市宪梓大道扶外路新城汽车城,"116.10291,24.300178"
511,梅州市龙源汽车贸易有限公司,,753801,2208870,梅州市梅江区环市西路车管所侧旁,"116.095265,24.307921"
513,深圳市振意汽车销售有限公司,,755012,26897755,深圳市罗湖区宝安北路华南汽车交易广场A05号,"113.854956,22.762804"
516,珠海合利汽车贸易有限公司,,756002,5115678,广东省珠海市斗门区百蕉大道37西部车城6号综合楼,"113.518267,22.280847"
517,珠海合越汽车销售服务有限公司,,756701,3345678,珠海市上冲国际名车城华威路126号,"114.148712,22.550887"
518,珠海志远贸易有限公司,,756802,8501528,珠海市香洲区梅华西路911号中立信汽车城2栋,"113.528416,22.281979"
520,佛山市鹏威汽车销售服务有限公司,,757702,82786999,佛山市佛山大道83号佛山（国际）车城南区7座18-23号,"113.106543,23.01116"
522,佛山市顺德区华日英联汽车销售服务有限公司,,757802,29311166,佛山市顺德区容边天河北路3号南宏汽车城,"113.240932,22.85912"
526,锡林郭勒盟草原天佑汽贸有限公司,,479801,8809999,锡林浩特市民禾物流园区内,"116.01854,43.943625"
539,南通恒源汽车销售有限公司,,513007,87501800,江苏省如皋市益寿北路90号,"120.552896,32.415237"
540,南通赛路丰汽车销售服务有限公司,,513701,89020988,南通市长江北路299-8号,"120.786654,32.042773"
545,盐城市阜绅汽车销售服务有限公司,,515701,68665555,江苏省盐城市盐都区永宁汽车城开创路2号-3B,"120.189415,33.371426"
546,盐城市捷弘汽车销售有限公司,,515801,81779333,盐城市宝才工业园区中联路1号,"120.140875,33.332955"
549,徐州市翔胜汽车贸易有限公司,,516701,81919998,徐州市三环东路30号广山段,"117.239887,34.287193"
552,淮安市克江商贸有限公司,,517001,84924666,淮安市淮阴区钱江路78号,"119.035021,33.650772"
553,淮安翔盛博润汽车销售有限公司,,517701,80262222,淮安市淮海南路和雨田路交叉口3号（新车管所南三公里）,"119.034996,33.597832"
555,常州吉运汽车销售有限公司,,519005,86905761,常州市新北区黄河东路95号,"119.962583,31.756881"
557,常州市中诚汽车销售服务有限公司,,519801,88888928,常州市新北区通江中路688-1幢-1、2号,"119.985435,31.839909"
559,泰州杰诚汽车销售服务有限公司,,523001,86550088,泰州市龙翔路159号,"119.868859,32.496085"
566,菏泽安泰汽车销售服务有限公司,,530005,6204888,菏泽市黄河东路399号,"115.56775,35.2719"
570,山东帝豪汽车有限公司,,531702,88986666,山东省济南市历下区工业南路32号,"117.158877,36.701659"
573,青岛豪德汽车销售服务有限公司,,532003,84356686,山东青岛平度市南外环与广州路交叉路口北,"120.004414,36.76073"
584,德州红鼎汽车俱乐部有限公司,,534001,0534-2421110,德州市经济开发区晶华路与太湖路交叉口处,"116.289015,37.448821"
585,庆云万盛隆汽车销售有限公司,,534005,3866388,庆云县商城大街（机车市场）,"117.403244,37.799075"
589,莱州市增信汽车销售服务有限公司,,535003,2092978,莱州市南苑路851号,"119.922199,37.179142"
595,潍坊泽宇汽车销售有限公司,,536004,8803701,潍坊市奎文区潍州路金宝汽车城金宝宾馆南邻路西,"119.135772,36.658282"
598,潍坊弘博汽车销售服务有限公司,,536701,2200888,潍坊市寒亭区海龙路408号,"119.191472,36.762666"
601,青州市欧凯越汽车销售服务有限公司,,536803,3291489,青州市王桑路口南500米路西（东方北路666号）,"118.523395,36.723211"
607,济宁交通汽车销售服务有限公司,,537001,3152299,济宁市车站西路18号,"116.601584,35.397322"
616,临沂市兴华汽车销售服务有限公司,,539002,8027866,山东省临沂市兰山区临西五路鲁南汽车城20号,"118.316472,35.105228"
618,临沂茂华汽车销售服务有限公司,,539701,7678886,山东省临沂市罗庄区沂河路西段远通汽车广场内,"118.275851,35.021146"
620,邹平县金田汽车贸易有限公司,,543005,4343089,邹平县马庄桥南100米路西,"117.740173,36.91249"
627,东营胜华汽车销售有限公司,,546004,8290777,东营市东营区南二路1118号,"118.467721,37.413861"
633,合肥名邦车业有限公司,,551005,64381222,合肥新站区新海大道北,"117.362665,31.898907"
634,安徽汇英行汽车销售服务有限公司,,551702,65303962,合肥市蜀山区长江西路名车广场,"117.182486,31.859162"
643,安庆睿景汽车销售有限公司,,556001,5228596,安徽省安庆市宜秀区安庆英德利国际汽车城一期17幢17-19室,"117.064459,30.571934"
647,宿州富源汽车贸易有限公司,,557001,3805555,宿州市东十里循环经济园区汽车城,"116.995174,33.618989"
649,阜阳市润龙汽车销售服务有限公司,,558002,2211555,阜阳市开发区汽贸物流园向东500米,"115.871123,32.86664"
653,黄山市凯兴汽车贸易有限公司,,559003,7815588,黄山休宁县万安镇新河村,"118.339773,29.727351"
654,淮北景森汽车销售服务有限公司,,561001,3057222,淮北市寇湾汽车城西大门对面,"116.800198,33.931267"
655,宣城市新世纪汽车贸易有限公司,,563701,3028566,安徽省宣城经济技术开发区林海路与玉荷路交叉口,"118.744845,30.953772"
663,杭州骏业汽车销售有限公司,,571702,28181188,000杭州市余杭区良渚镇金家渡南路一号,"120.104574,30.344798"
664,杭州鼎伦汽车有限公司,,571803,81606005,杭州市秋涛北路226号,"120.206072,30.286995"
665,湖州吉旭汽车贸易有限公司,,572001,2606866,湖州市创业大道188号,"120.071295,30.882476"
666,嘉兴市东菱汽车销售服务有限公司,,573002,82222388,嘉兴市昌盛路与嘉杭路交叉口北侧,"120.727719,30.733989"
670,宁波东方红龙汽车销售服务有限公司,,574801,28858588,浙江省宁波市鄞州区嵩江西路（原店嵩江中路1008号往西500米）,"121.544642,29.839559"
671,绍兴市英吉汽车销售服务有限公司,,575801,88376699,绍兴市柯桥区齐贤阳嘉龙村（钱陶公路399号）102室-3,"120.603499,29.968654"
675,瑞安市柯隆汽车销售有限公司,,577010,65353777,浙江省瑞安市塘下镇陈宅旺村,"120.683787,27.827125"
679,丽水市吉通汽车销售服务有限公司,,578002,2153999,丽水市莲都区水阁工业园区绿谷大道329号,"119.95318,28.475455"
680,丽水市豪帝汽车销售服务有限公司,,578702,2527333,丽水市莲都区人民路777号,"119.942783,28.474011"
682,义乌市信凯汽车贸易有限公司,,579006,85435778,义乌市经发大道358号,"120.047587,29.304131"
683,义乌市康大汽车贸易有限公司,,579007,85238777,义乌市稠江街道贝村路102号,"120.068023,29.306759"
686,福州赛马贸易有限公司,,591103,88897777,福州市仓山区城门镇黄山村观音亭一层,"119.354033,26.019252"
691,厦门惠胜置业有限公司,,592702,5799977,厦门市湖里区枋湖北二路828号,"118.154038,24.522095"
693,宁德市远辉汽车贸易有限公司,,593004,2788777,宁川路古溪路口南侧1号（城南中心小学旁）,"119.550519,26.646813"
695,莆田市志强汽车贸易有限公司,,594001,7511888,福建省莆田市荔城区西天尾镇洞湖口,"119.055398,25.477277"
696,福建省步峰汽车贸易有限公司,,594701,3118888,莆田市涵江区白塘镇埭里工业区,"119.086556,25.476271"
698,泉州市鲤中汽车贸易有限公司,,595002,22352557,泉州市鲤中区清蒙迎宾大道鸿盛汽车城,"118.561283,24.88228"
700,泉州鲤城劲达汽车贸易有限公司,,595801,24697888,泉州市鲤城区南环路元宏路1号,"118.544726,24.9126"
701,漳州豪福汽车配件贸易有限公司,,596701,7095599,漳州市迎宾大道吉马国际汽车城B1-02栋,"117.744232,24.50115"
702,龙海市鸿伟汽车销售服务有限公司,,596801,6380666,漳州台商投资区角美镇洪岱村,"117.886516,24.529362"
710,南平市汇福贸易有限公司,,599802,6121388,福建省邵武市316国道旁汽贸城,"117.511785,27.334339"
715,威海祥瑞汽车销售有限公司,,631801,5995456,威海市温泉镇冶口村金蚂蚁汽车广场7号展厅7号展厅,"122.143723,37.375755"
716,滕州市鸿阳汽车销售服务有限公司,,632006,0632-5237222,000滕州市平行南路生态家园对过,"117.163118,35.04686"
720,日照辉煌汽车服务有限公司,,633701,2191688,日照开发区南昌路奎山汽车城,"119.441739,35.401725"
722,日照百成汇汽车销售服务有限公司,,633802,8561777,山东省日照市经济开发区奎山汽车城204国道西侧包头路南侧,"119.439006,35.401158"
723,莱芜鑫泰汽车销售服务有限公司,,634003,6784666,莱城工业区（口镇南山阳村西）,"117.659309,36.290859"
726,天津市佳辉汽车销售有限公司,,220004,58189189,天津市西青区卫津南路王兰庄汽车城,"117.202723,39.055393"
727,天津骏宜达汽车销售有限公司,,220009,25291287,天津开发区第四大街59号,"117.699989,39.05047"
730,天津森之源汽车销售有限公司,,220015,022-82687588,天津市宝坻区南环东路南侧机动车交易市场汽车园,"117.34985,39.717286"
738,重庆市万州区汽车贸易有限公司,,230012,02358965506,万州区沙龙路3段1336号,"108.405298,30.775436"
742,重庆轩辚汽车销售服务有限公司,,230802,89181118,重庆市九龙坡区袁家岗奥体车市A区2-2,"106.515741,29.530558"
746,沈阳中驰汽车贸易有限公司,,240801,86906666,沈阳市皇姑区鸭绿江街32甲,"123.463255,41.851598"
752,武汉昌利源经贸有限公司,,270007,65695315,武汉市黄浦科技园石桥一路4号,"114.286985,30.6332"
759,北京腾远兴顺汽车服务有限公司,,100016,85575471,北京市朝阳区平房西口甲130号,"116.535313,39.945375"
760,北京利豪广厦汽车销售有限公司,,100020,83826866,北京市丰台区张仪村甲7号,"116.238078,39.878167"
765,北京庞大豪庭汽车销售服务有限公司,,100703,67295888,北京朝阳区王四营乡道口村村西,"116.552527,39.87963"
776,湛江市湛豪汽车销售有限公司,,759701,3301316,湛江市麻章区金康路8号,"110.327383,21.281444"
780,河源市志佳汽车销售有限公司,,762701,0762-3128333,河源市区鸿达开发区桂山旅游大道南面河浦大道西边,"114.696631,23.706676"
781,清远市圆泰汽车销售服务有限公司,,763701,3829999,清远市清城区横荷街道泰洋湖工业区北区,"113.026144,23.648881"
784,潮州市长威贸易有限公司,,768801,0768-2979336,广东省潮州市潮汕公路东侧如意路口斜对面,"116.610121,23.627854"
785,东莞市兴隆汽车贸易有限公司,,769004,81251199,东莞市寮步镇国际汽车城2号路,"113.855228,23.014496"
787,吉安吉通汽车销售服务有限公司,,769802,8111388,吉安市青原区汽车文化展示园1号地,"115.024419,27.117091"
788,南宁开河汽车销售服务有限公司,,771003,5858777,南宁市安吉大道36-11号汽车市场斜对面,"108.307039,22.871968"
792,南宁市运泽汽车销售有限责任公司,,771801,4870001,南宁市江南区南站大道29号内C号,"108.264807,22.780802"
797,柳州市骏驭汽车销售有限公司,,772801,8803168,柳州市燎原路27号（方盛汽贸园内）,"109.3704,24.313112"
807,河池市汽车服务有限责任公司,,778001,2271939,河池市南环路（中段金宜二级路旁),"108.050917,24.689086"
811,江西恒茂汽车销售服务有限公司,,791003,83895866,南昌市庐山南大道昌北国际汽车城A3馆,"115.855647,28.730013"
812,江西省和众汽车销售服务有限公司,,791004,83721806,南昌市经开区玉屏东大道（环球公园旁）,"115.846948,28.732193"
815,九江展新汽车贸易有限公司,,792001,6731166,九江市港口汽车城,"115.893639,29.618084"
817,九江浩通汽车销售有限公司,,792801,8366266,九江市濂溪大道89号,"115.986062,29.678843"
819,上饶市呈祥汽车销售服务有限公司,,793003,8459218,上饶市三清山西大道2号,"117.927318,28.46164"
820,上饶市英豪汽车销售服务有限公司,,793702,6091333,上饶市三清山西大道国际家居城A4栋7号,"117.913495,28.462971"
822,抚州市四海汽车销售有限公司,,794002,8219918,抚州市临川大道清华锦园3-5号店,"116.377967,27.98889"
826,丰城市瑞利汽车销售服务有限公司,,795702,6281001,宜春市丰城市剑南路82号,"115.813075,28.184089"
827,高安市瑞利汽车销售服务有限公司,,795802,5608888,江西省高安市西郊（高安市源盛检测站旁，吉尼斯陶瓷往石脑方向2公里）,"115.402623,28.443426"
830,赣州市赣通汽车贸易有限公司,,797701,0797-8081668,赣州市客家大道国际汽车城2号钢棚区第11-15号,"114.922087,25.839368"
833,景德镇市隆鑫贸易有限公司,,798001,2814688,江西省景德镇市洪源工业园区,"117.158416,29.326643"
834,江西加西亚迪隆汽车有限公司,,798701,8275000,江西省景德镇市珠山区昌江大道佳怡商住楼108号,"117.216055,29.315548"
840,攀枝花市华驰车业有限责任公司,,812702,3558888,攀枝花市渡仁西线迤沙拉大道307号,"101.712501,26.542829"
841,自贡市正道汽车销售服务有限公司,,813004,0813-2626550,自贡市贡井区南环路附3号,"104.730343,29.335141"
844,绵阳西物商贸有限公司,,816006,2543888,绵阳市高新区永兴镇永昌路,"104.636486,31.460867"
853,达州吉越汽车销售服务有限公司,,818001,8192666,达州市达川区商贸物流园区正通路3号,"107.468181,31.20858"
855,遂宁市万兴隆汽车销售有限公司,,825001,8100999,遂宁市船山区西部现代物流港汽车城内临（四维环保对面）,"105.56358,30.53436"
857,广安振兴车业有限公司,,826701,2679088,四川省广安经济技术开发区护安汽博城,"106.678537,30.494445"
860,泸州捷成汽车贸易有限公司,,830002,3592888,泸州市纳溪区二级路浙江产业园汽车城内,"105.418621,28.840061"
861,泸州富豪汽车销售有限公司,,830701,6668777,泸州市江阳区蓝田兰安路二段川南国际汽车公园内,"105.447934,28.920508"
873,雅安市合利西物汽车贸易有限公司,,835001,6213999,四川省雅安市多营汽车中心(市交通局旁）,"102.963715,29.997693"
877,成都吉利汽车超市连锁有限公司德阳分公司,,838701,2601599,德阳市金沙江西路672号,"104.393359,31.080721"
880,广元市红亮汽车销售有限公司,,839701,3660658,广元市下西滨江大道帝豪汽车4S店,"105.87265,32.436382"
881,广元旭光汽车贸易服务有限公司,,839801,3660029,广元市上西则天路北段川港汽车城,"105.894188,32.432746"
884,遵义市凯欣致利贸易服务有限公司,,851008,28427818,贵州省遵义市汇川区董公寺经济开发区汽车商贸城,"106.954646,27.720169"
885,贵州远卓汽车贸易服务有限公司,,851011,83716122,贵阳市花溪区孟关国际汽车贸易城,"106.754428,26.406559"
888,贵州兴龙盛汽车贸易有限公司,,851801,0851-88573823,贵州省贵阳市牛郎关改毛村（富源南路）,"106.753249,26.454273"
889,贵州浩峰汽车贸易服务有限公司,,851802,84355098,贵州省贵阳市白云区白云南路457号B栋,"106.665112,26.671254"
890,遵义吉欣盛汽车销售服务有限公司,,852003,27676700,遵义市红花岗区海尔大道九园商住楼A栋2-6号,"106.902727,27.655634"
891,贵州航天实业有限公司汽车服务分公司,,852701,28618061,遵义市重庆路与汇川大道交汇处,"106.95754,27.72214"
892,遵义市凯泉商贸有限责任公司,,852802,28627550,遵义市汇川区长沙路汽车城A区三层,"106.955581,27.721031"
893,凯里市圣浩汽车维修有限公司,,855701,8511188,凯里市（开发区）经纬国际汽车城金源西大道6号,"107.983056,26.598276"
894,贵州赛路丰汽车有限公司,,856001,5629888,贵州省铜仁市碧江区梵净山大道77号（金域蓝山门面）,"109.192111,27.703821"
895,铜仁市宜星贸易服务有限公司,,856801,5255999,铜仁市梵净山大道东太副产品批发市场二楼,"109.193282,27.69892"
897,六盘水永吉汽车销售服务有限公司,,858002,08586239680,贵州省六盘水市钟山经济开发区（红桥新区）经六路 ,"104.820992,26.609479"
901,兴义市吉达汽贸有限公司,,859801,3814488,贵州省兴义市坪东大道（坪东西路33号）,"104.882431,25.10144"
903,昆明中机金鼎汽车技术服务中心有限公司,,871005,68329749,昆明市高新开发区新区M2-2地块,"102.663403,25.081221"
908,大理金吉汽车销售服务有限责任公司,,872002,2324939,大理市经济开发区滇源路泛亚汽车城,"100.271326,25.602975"
910,大理港鑫帝豪贸易有限公司,,872701,3105566,大理经济开发区宝源路泛亚汽车城F楼1-4号,"100.271715,25.602563"
911,曲靖港鑫汽车贸易有限公司,,874003,3418188,云南省曲靖市花柯路68号,"103.808373,25.484941"
915,文山胜峰汽车有限责任公司,,876001,0876-2125888,云南省文山市新平坝社区城南片区（国际车城）4SA-21号,"104.240777,23.384635"
917,玉溪一捷经贸有限公司,,877701,2293700,玉溪市高新区腾宵路14号,"102.534111,24.326734"
918,楚雄鸣扬鸿文汽车销售服务有限公司,,878001,3367489,云南省楚雄开发区滇中汽车城2号展厅,"101.531863,25.046914"
919,楚雄亿亚通汽车销售服务有限公司,,878801,3367111,楚雄开发区程家坝（滇中汽车城）,"101.577976,25.059589"
922,拉萨市兴虹汽车销售有限公司,,891701,6816304,西藏自治区拉萨市罗布林卡路21号,"91.106798,29.655411"
923,西藏钧天贸易有限公司,,891801,6912227,拉萨市城关区金珠西路与农科路交汇处展厅1号,"91.069491,29.667614"
924,海南瑞达通贸易有限公司,,898003,68667866,海口市椰海大道苍西村西北边导桥村口,"110.309933,20.001655"
931,延安新元丰汽车销售服务有限公司,,911002,2321688,延安市北郊陵园路,"109.456284,36.640638"
938,榆林市博润汽车销售有限公司,,912701,6665888,陕西省榆林市高新技术产业园区草海则村电厂路东 ,"109.735353,38.231331"
940,陕西渭南佳润汽车销售服务有限公司,,913002,2159001,渭南市高新区东兴街与恒通东路十字东南角32号,"109.512158,34.516863"
943,渭南神州汽车贸易有限公司,,913802,2681222,渭南市临渭区民生街北段（渭蒲桥南300米路东）,"109.528869,34.522367"
944,商洛国利汽车销售服务有限公司,,914701,2255565,商洛市商州区杨峪河镇赵湾村口,"109.532469,34.523194"
948,安康市宝瑞达汽车销售有限公司,,915801,3325366,安康市高新区创业西路东侧,"109.008908,32.716383"
949,汉中润峰汽车贸易有限公司,,916001,8123888,汉中市汉台区东迎宾大道（金富豪汽车城）,"107.050131,33.09073"
958,甘肃星威汽车销售服务有限公司,,931802,4682999,甘肃省兰州市城关区段家滩路20号,"103.903279,36.051787"
962,甘肃国林汽车销售服务有限公司,,932801,6696333,定西市陇西县文峰镇长安路中药材园区,"104.685696,34.972547"
966,庆阳之星汽车销售服务有限公司,,934701,8890555,庆阳市西环路北段安宁大厦,"102.64257,37.914967"
967,庆阳市协合汽贸有限公司,,934802, 5550008  8615557  ,庆阳市西峰区西环路北段安宁大厦正对面,"107.631378,35.753842"
969,武威昶利汽车销售有限公司,,935801,6268666,武威市凉州区南关中路,"102.642876,37.919669"
973,酒泉市润达汽车商贸有限公司,,937002,2609393,酒泉市西郊工业园区玮一路口,"98.431622,39.766204"
974,酒泉市大长江豪爵商贸有限公司,,937801,2800288,甘肃省酒泉市肃州区西郊工业园区纬一路八一钢厂对面,"98.429807,39.768375"
975,天水吉瑞达汽车贸易有限公司,,938001,8380665,天水市东十里工业园区春城锅炉厂东侧全球鹰4S店,"105.793312,34.576194"
976,天水国臻汽车销售服务有限公司,,938802,8372505,天水市秦州区东十里银通汽贸,"105.787579,34.578467"
979,白银驰辰汽车销售服务有限公司,,943701,8308888,甘肃省白银市白银区王岘西路炮团路口,"104.182838,36.538875"
982,银川茂泉汽车贸易有限公司,,951804,6727148,宁夏银川市兴庆区丽景北街国际汽车城东大门C区19号,"106.303561,38.496198"
983,宁夏润通汽车贸易有限公司,,951805,8956559,银川市德胜工业园区德成东路2号,"106.321833,38.528171"
985,固原经济开发区润通汽车贸易有限公司,,954802,7285202,固原市经济开发区建业街,"106.259104,36.011339"
987,青农集团青海青农汽车销售有限公司,,971006,8814843,西宁市经济技术开发区民和路39号（嘉荣华小区旁）,"101.832789,36.585482"
995,新疆莲盛汽车销售服务有限公司,,991805,6638833,乌鲁木齐市鲤鱼山北路赛博汽车城B02-1-01,"87.601009,43.883829"
996,巴州腾昊汽车销售有限公司,,996002,2708229,库尔勒市石化大道74号神州国际汽车城,"86.223663,41.721692"
1001,广安平安汽车销售服务有限公司,,826001,0826-2888505,广安市广安经济技术开发区护安汽博城,"106.652115,30.482855"
1115,大庆同方通用汽车销售服务有限公司,,459701,5152945,黑龙江省大庆市让胡路区南一路401号-1,"124.919418,46.595161"
1116,大同市友瑞商贸有限公司,,352801,03522084111,山西省大同市南郊区庞大汽车文化园林广场34号,"113.296136,40.083742"
1117,临汾利通驰汽车销售服务有限公司,,357701,2510222,山西省临汾市尧都区机场路车管所对面交易市场,"111.518608,36.061643"
1118,重庆勇成汽车销售有限公司,,230017,68668228,重庆市九龙坡区杨家坪直港大道滨江路8号,"106.518124,29.526206"
1119,武汉市创力汽车贸易有限责任公司,,270805,82295676,武汉市中环商贸城C13号展厅,"114.308825,30.668189"
1120,上海华庭汽车销售服务有限公司,,210011,400-0210770,上海市闵行区华翔路3660号,"121.308192,31.22635"
1122,甘肃驰辰汽车销售服务有限公司,,943001,2565555,甘肃省兰州市七里河区南滨河西路188号,"103.698345,36.09186"
1123,伊犁宏建商贸有限责任公司,,999802,8136766,伊犁州解放路310号,"81.300582,43.946186"
1124,巴州环驰汽车销售有限责任公司,,996701,2688251,新疆维吾尔族自治区库尔勒市新城辖区石化大道北侧神州汽车城院内1楼9号展厅,"86.152337,41.790943"
1125,阿克苏宏泰汽车销售服务有限公司,,997701,2637888,阿克苏金土地汽车城二期20号展厅,"80.307524,41.15472"
1126,周口鹏峰汽车贸易有限公司,,394802,8888111,周口市太清路与大庆路交叉口,"114.682603,33.656604"
1128,晋中市世通汽贸有限责任公司,,354005,2442229,山西晋中市榆次区汇通路张村段汽车园区,"113.586414,37.901023"
1129,高密市鸿发汽车销售有限公司,,536809,2860166,高密市夷安大道东侧曙光路南,"119.782539,36.408093"
1131,义乌吉生汽车销售服务有限公司,,579702,81585111,义乌市稠江街道经发大道207号,"120.065562,29.293001"
1132,巴彦淖尔市捷泰汽车贸易有限责任公司,,478802,8233535,巴彦淖尔市临河区临五路与建设路十字路口东100米路南,"107.4265,40.781934"
1135,忻州伸通汽贸有限公司,,350701,3122869,忻州市忻府二十里铺职业技术学院路口北60米,"112.733651,38.471833"
1136,平顶山市源升汽车销售服务有限公司,,375701,6171118,平顶山市卫东区建设路东段宜东汽车城东加油站院内,"113.457405,33.736431"
1137,绥化吉顺合汽车销售服务有限公司,,455701,7863111,绥化市经济开发区六马架加油站南150米处,"126.994935,46.593453"
1138,淮北中兴汽车工业贸易有限责任公司,,561701,6899998,淮北市濉溪县202省道西侧八里村郭楼,"116.775741,33.93621"
1139,咸宁市宏达商贸有限公司,,715002,8339066,咸宁市银泉大道99号,"114.33652,29.851499"
1140,娄底亚马逊汽车贸易有限公司,,738005,8877000,湖南省娄底市娄星区韦三路与潭邵连接线交叉口,"112.035168,27.739881"
1141,红河港鑫汽车贸易有限公司,,873701,3723266,红河州蒙自市天马路延长线州车管所路口,"103.289938,23.709442"
1143,武威亚威汽车贸易有限责任公司,,935701,2985888,武威市南关中路,"102.64257,37.914967"
1144,鹤壁淇兴汽车销售服务有限公司,,392701,3621111,鹤壁市淇滨区黎阳路东头路南,"114.301124,35.749708"
1147,山东泰汽电动车辆有限公司,,531999,,山东省寿光市东城工业园泰丰高新技术产业园,
1148,鞍山浩友汽车销售服务有限公司,,412005,7269888,辽宁省鞍山市千山区建设大道616号,"122.953916,41.156964"
1149,巴中市泓达汽车销售服务有限公司,,827702,5182999,巴中市经济开发区时新街道办事处长石街16号,"106.752385,31.872555"
1151,青岛利驰汽车销售服务有限公司,,532010,85565999,青岛市即墨烟青路17号,"120.440373,36.34699"
1152,金华利捷汽车销售有限公司,,579008,82089977,金华市汽车城中心广场东侧,"119.698448,29.150501"
1154,定西市汇丰农机有限责任公司,,932701,8316181,甘肃省定西市安定区交通路444号,"104.620613,35.60986"
1155,张北弘宇汽车销售有限公司,,313806,2734998,张家口市张北县顺达汽配城6号楼,"115.246652,37.970521"
1156,辽阳盛翔汽车销售服务有限公司,,419001,2295888,辽阳市太子河区东宁乡蔡庄村,"121.623225,42.010083"
1157,邹城北辰汽车销售有限公司,,537702,5341777,邹城市国宏大道6396号,"116.675563,35.427513"
1158,邵阳赛路丰汽车销售服务有限公司,,739701,5128668,邵阳市双清区双坡南路9栋1号,"111.502872,27.247728"
1159,孝义市龙标汽车销售有限公司,,358702,7669888,山西省孝义市永安路汽车站往南500米,"111.805549,37.143812"
1160,民和天杰商贸有限责任公司,,972001,8523866,青海省海东市民和县川口镇果园村桥头九社,"102.814349,36.335985"
1161,北海开心汽车服务有限公司,,779001,0779-2217999,北海市北部湾东路汽车交易市场内,"109.168635,21.502331"
1164,肇庆市祥润汽车销售服务有限公司,,758004,2166000,肇庆市端州区过境公路肇庆学院牌坊西侧众大利汽车城内,"112.52838,23.122153"
1166,山东惠民丰驰汽车销售有限公司,,543001,5053123,惠民县城鲁北大街10号,"117.54571,37.500189"
1167,鹰潭市易捷汽车销售服务有限公司,,701001,6689123,鹰潭市天洁西路星嘉苑102号,"117.013211,28.233918"
1168,晋城市鼎峰汽车销售服务有限公司,,356702,8888099,晋城市中原街与金鼎路交叉口南100米,"112.859102,35.483275"
1170,单县吉星汽车销售服务有限公司,,530803,4266000,单县经济技术开发区孟诸路东樊楼路南,"116.132204,34.775096"
1171,涡阳县吉晟汽车销售有限公司,,558010,7369999,涡阳汽车城二期,"116.199366,33.513465"
1176,德州世中汽车销售有限公司,,534702,2769666,德州市经济开发区晶华北路派出所北临,"116.385144,37.466296"
1180,湘西自治州太阳马汽车贸易有限公司,,743701,8222210,湖南省吉首市大田湾广通汽车城17-20号,"111.502872,27.247728"
1182,黄冈市奔腾汽车销售服务有限公司,,713701,0713-8580999,黄冈市黄州区路口大道蓝天汽车城,"114.983916,30.451429"
1183,日照乾丰汽车销售有限公司,,633001,8800111,日照市奎山汽车城204国道西侧,"119.438426,35.397967"
1185,乌海市佳利汽车服务有限责任公司,,473702,2023888,乌海市海勃区海达西街15号三金汽贸大厦,"106.814659,39.659367"
1186,河北鸿通汽车销售有限公司,,311806,031185655239,河北省石家庄市长安区北二环东路86号,"114.556469,38.077333"
1189,哈尔滨嘉实汽车销售有限公司,,451009,58660960,哈尔滨市道里区阳明滩大道哈尔滨环城汽车营销中心,"126.543231,45.703019"
1190,毕节志合汽车销售服务有限公司,,857001,8544666,毕节市碧阳大道兰乔圣菲S4栋,"105.313326,27.287024"
1192,靖江市苏靖汽车销售有限公司,,523003,84899099,靖江市江平路368号,"120.259482,32.031424"
1194,铜川新区圣达汽车销售服务有限责任公司,,919001,3159188,陕西省铜川市新区长虹南路1号,"108.970062,34.884976"
1195,湖北捷众汽车销售服务有限公司,,728002,0728-6686688,湖北省潜江市园林办事处潜阳西路55号天驰汽车城A-4号,"112.869881,30.420388"
1198,扬州亿翔汽车销售服务有限公司,,514003,86164088,江苏省扬州市江都区国际汽车城,"119.40301,32.442137"
1201,佳木斯亿鑫汽车销售有限公司,,454008,3992288,佳木斯市友谊路192号,"130.3108,46.815239"
1205,芜湖四招汽车服务有限公司,,553703,3118663,芜湖市鸠江区玮次路芜湖汽车服务中心（芜宣高速北侧，纬次路南端）8#,"118.380366,31.378663"
1212,苍南吉易汽车贸易有限公司,,577007,26878855,浙江省苍南县灵溪镇苍南大道和建新路交叉口,"120.442748,27.537662"
1218,平顶山市广安汽车销售服务有限公司,,375001,0375-8831111,平顶山市卫东区建设路与许南路交叉口东200米路北,"113.318499,33.724143"
1220,喀什振越汽车销售服务有限公司,,998801,2653999,新疆喀什市世纪大道,"76.030038,39.474666"
1222,六安祥泰汽车销售服务有限公司,,564702,2816166,六安市三十铺东方汽车城南京路,"116.577987,31.765"
1227,佛山市博润汽车销售有限公司,,757009,0757-81852501,佛山市南海区桂城街海八路华南汽车城G12号之三,"113.133939,23.073417"
1228,宿州市远诚商贸有限公司,,557702,3152777,安徽省宿州市循环经济示范园区仁和路汽车城内,"116.98438,33.646871"
1229,衢州吉豪汽车销售服务有限公司,,570703,8520888,衢州市衢江区东迹大道886号101室,"118.969142,28.976451"
1232,临沂市天立汽车销售服务有限公司,,539008,3101166,临沂市河东区人民大街与温泉路交汇北200米,"118.436366,35.091343"
1235,南阳天义豪汽车销售服务有限公司,,377702,0377-63521118,南阳市信臣路兰营水库靳岗法院向西200米路北,"112.504501,33.028667"
1237,绵阳博仕通汽车销售服务有限公司,,816008,2251888,绵阳市经开区文武中路9号,"104.773445,31.42434"
1239,宁波鑫隆博越汽车销售服务有限公司,,574001,0574-62788833,余姚市阳明街道丰山前村,"121.145787,30.063841"
1242,安顺市天华汽车商贸有限公司,,853202,33517688,安顺市西秀区货场路92号,"105.947381,26.232876"
1250,沈阳华易达汽车销售有限公司,,240009,25446888,沈阳市铁西区北二西路2号1门,"123.359524,41.822407"
1255,大城县克林汽车销售有限公司,,316209,0316-7092593,大城县新车站北2.5公里路西,"116.662283,38.701243"
1257,贺州市日月机电销售有限公司,,774009,5293309,广西省贺州市八步区建设西路132-136号,"111.532911,24.419716"
1259,铁岭天广吉祥汽车销售服务有限公司,,240011,024-72617111,铁岭市经济开发区机动车交易市场园区帽山街2号,"123.788746,42.234683"
1268,费县春华汽车销售服务有限公司,,539006,5936808,山东省临沂市费县东外环新一中斜对过费县远通院内,"118.035946,35.250785"
1269,阿勒泰超越商贸有限责任公司,,906801,3398888,阿勒泰市北屯西北路319省道以北原工业小区以南,"87.824542,47.358391"
1272,重庆海宇汽车销售服务有限公司,,230019,72237999,重庆市涪陵区董家湾杨家坡B栋1-1号,"107.380749,29.707368"
1275,安庆和庆汽车销售服务有限公司,,556006,0556-5705888,安徽省安庆市宜秀区英德利国际汽车城二期6幢9号、15号,"117.058295,30.573424"
1276,大同市启舰汽车销售服务有限责任公司,,370009,7563111,大同市开发区恒安街樊庄村口,"113.409186,40.068668"
1282,吕梁庚星贸易有限公司,,358703,3396899,吕梁市离石区交口镇聚富汽贸园内,"111.094802,37.492548"
1287,鹤岗市盛世鸿途汽车销售服务有限公司,,468701,14704685558,鹤岗市东山区新一鹤萝公路二公里处,"130.343287,47.336375"
1290,唐山骥远汽车销售服务有限公司,,315708,0315-5932666,河北省唐山市路南区吉祥路南侧（汽车文化展示园）,"118.25988,39.633845"
1296,奎屯华岳汽车销售服务有限公司,,992803,3335551,奎屯市南环西路63号（新疆北疆国际机电贸易园A区6号）,"84.904495,44.413523"
1301,肥城乾和汽车销售服务有限公司,,538006,13280000720,肥城市亿丰汽贸城（泰临路与肥梁路交界口）北400米路西,"116.690999,36.20486"
1310,蚌埠盈通汽车销售服务有限公司,,552701,0552-3227333,蚌埠市迎宾大道国际汽车城北一路,"117.332666,32.876944"
1313,哈尔滨吉美丰汽车销售服务有限公司,,451209,88007878,哈尔滨市道里区机场路38号,"126.554628,45.708375"
1314,驻马店市广汇汽车销售服务有限公司,,396003,0396-3820999,驻马店市华骏大道中段,"114.071832,32.990594"
1317,福建省吉沃汽车贸易有限公司,,591003,83305333,福建省福州市晋安区龙安路364号7号建筑,"119.355275,26.089356"
1321,永州赛路丰汽车销售服务有限公司,,746702,0746-8662868,永州市零陵区潇湘汽车城内,"111.639943,26.298228"
1322,新密市正明汽车销售服务有限公司,,371015,55061666,新密市嵩山大道与大鸿路交叉口向西100米路南,"113.367139,34.533391"
1327,毕节市原源汽车销售有限公司,,857209,7116266,"毕节市学院路东城映像三期8,、9号门面","105.32248,27.296005"
1328,张家口庞大豪庭汽车销售服务有限公司,,313209,5971081,张家口宣化县沙岭子镇太师湾村庞大汽贸院内吉利店,"114.938153,40.6903"
1333,绍兴豪庭汽车销售服务有限公司,,575008,88157878,绍兴市袍中北路515号,"120.617065,30.099296"
1334,西藏正商汽贸有限公司,,891209,6789958,拉萨市罗布林卡路21号,"91.060744,29.66211"
1338,烟台瑞沃汽车销售服务有限公司,,535009,05356010788,山东省烟台市芝罘区机场路158号 ,"121.371386,37.498396"
1339,张家界市华云汽车销售服务有限公司,,744702,8577888,张家界市西溪坪贸易路,"110.507471,29.119996"
1340,池州市吉祥汽车销售服务有限公司,,566003,5200000,池州市站前区青莲路4S店聚集区,"117.53463,30.623663"
1341,德阳市博澳汽车销售服务有限公司,,838009,2655332,德阳市旌阳区泰山南路二段798号,"104.397506,31.112148"
1342,白银顺泽汽车销售有限公司,,943202,09438508199,甘肃省白银市白银区银西国际汽车城,"104.174505,36.537982"
1343,白山市吉盛汽车销售有限公司,,439701,3559666,浑江区营白公路入口处北900米,"126.446038,41.953364"
1346,株洲日丰汽车贸易有限公司,,731004,28245222,株洲市荷塘区红旗中路43号,"113.163387,27.870809"
1347,普洱市普达汽车销售有限公司,,879009,2166606,普洱市思茅区8号路（原老炮团内）,"100.993226,22.807364"
1348,怀化市长友汽车贸易有限公司,,745205,2777770,怀化市红星南路西南汽车城,"109.98037,27.539024"
1349,蒙城县福泰汽车销售服务有限公司,,558702,7955555,蒙城县汽车产业园区三阳路南侧,"115.871673,32.845917"
1350,宜春和源实业有限公司,,795005,2178881,江西省宜春市袁州区环城西路鹏晟汽车4栋8号,"124.906126,45.087131"
1351,湖北天月鑫汽车销售服务有限公司,,714005,3693333,黄冈市黄州区南湖大道38号（南湖汽车园）,"114.906755,30.44124"
1353,喀什通工吉沃汽车销售服务有限公司,,998005,2679009,喀什经济开发区深圳产业园创业三路,"76.00999,39.459909"
1355,永清县兴安汽车贸易有限公司,,316803,7088538,永清新汽车站对面廊霸路新汽车站西侧,"116.732004,39.205754"
1356,太原市老兵经贸有限公司介休分公司,,354004,7229111,介休市定阳西路150号南门桥外,"113.586414,37.901023"
1358,临汾市吉照汽车销售服务有限公司,,357005,2881123,临汾市经济技术开发区工业路1号,"111.530916,36.117492"
1359,商丘市邦胜汽车销售有限公司,,370702,2225222,河南省商丘区民主西路中原车城西,"115.60044,34.446261"
1360,广西南宁资瑞汽车销售服务有限责任公司,,771009,3389290,南宁市兴宁秀厢大道124号,
1361,马鞍山同孚汽车销售有限公司,,555001,0555-2477777,马鞍山雨山经济开发区九华西路1350号,"118.488437,31.660461"
1362,辽源市辉业汽车销售有限公司,,437701,6682000,0000辽源市龙山区工农乡苇塘村三组（车管所东行600米）,"125.137494,42.907424"
1363,常熟市利康汽车销售服务有限公司,,512802,52577588,常熟市虞山镇东三环路杨荡村,"120.78904,31.680729"
1366,伊犁嘉祥汽车销售有限公司,,999006,0999-7857818,伊宁市巴彦岱中亚汽车博览中心D1-2,"81.219684,43.980224"
1367,莱芜龙昌汽车销售有限公司,,634703,6785888,莱城工业区北环路,"117.658525,36.292802"
1368,阳江宏泰汽车销售有限公司,,662002,6205678,阳江市阳东区东城镇那味村委（洲扮河）,"112.013801,21.882489"
1371,十堰市鑫伦工贸有限公司,,719802,8783888,十堰市茅箭区东风大道15号3幢,"110.78415,32.62576"
1372,钦州开心汽车服务有限公司,,777701,5581555,钦州市北部湾大道中段新隆市场对面沙窝村村旁,"108.624845,21.946601"
1374,北屯福瑞祥汽车销售服务有限责任公司,,906001,3185888,新疆北屯市318省道7公里处神州汽车城5号展厅,"87.814049,47.358323"
1375,揭阳市粤达汽车有限公司,,663002,3993333,揭阳市揭东经济开发区206国道西侧、开发区301号路南侧,"116.361709,23.606748"
1376,张掖市盛驰汽车销售有限公司,,936701,8850555,张掖市甘州区张火公路1.5公里处,"100.490806,38.95497"
1377,阳泉三江吉吉汽车销售有限公司,,353001,2112258,阳泉市郊区李家庄乡冯家庄村,"113.586414,37.901023"
1378,深圳市吉顺汽车销售有限公司,,755703,0755-28020808,深圳市龙华区观澜街道观光路1119号,"114.047487,22.701188"
1380,抚顺市新时代汽车销售有限公司,,413001,52363888,抚顺市新抚区十一道街1号楼9号,"123.875751,41.867538"
1382,鹤壁新业汽车销售服务有限公司,,392005,3556888,鹤壁市淇滨区107国道淇河桥南500米路东,"114.27231,35.737272"
1383,鄂尔多斯市天星汽车贸易有限公司,,477008,0477-8123654,鄂尔多斯市东胜区北出口利丰天意汽车城,"110.126503,39.790877"
1384,襄阳承鼎汽车销售有限公司,,710008,710-2177177,襄阳市襄州区深圳工业园B316-5号,"112.255346,32.120963"
1385,宁乡县手拉手汽车销售服务有限公司,,731005,0731-87817666,湖南省长沙市宁乡县楚沩东路136号,"112.557617,28.255838"
1386,淮南市盛瑞汽车销售有限公司,,554001,8896668,淮南市八公山区飞虎检测站旁,"116.768074,32.712781"
1388,平江县鑫隆汽车销售服务有限公司,,730009,0730-6220931,岳阳市平江县城关镇平伍公路北侧南山平安社区,"113.596122,28.692925"
1390,聊城市广大汽车销售有限公司,,635803,2946789,聊城市光岳路北段路东,"116.034931,36.485167"
1392,百色桂通汽车销售服务有限公司,,776701,2222880,百色市大旺路1-3号,"106.63727,23.894864"
1394,重庆市鼎黔汽车贸易有限责任公司,,230021,79819888,黔江区西站（高坎子加油站对面）,"108.751314,29.525852"
1395,重庆市创悦汽车销售有限公司,,230020,023-63203388,重庆市渝北区民安大道136号,"106.52833,29.606847"
1396,重庆金帆汽车销售有限公司,,230220,023-88265629,重庆市九龙坡区袁家岗兴隆社奥体中心A8-3,"106.515972,29.530456"
1398,淮安市泰佑汽车销售服务有限公司,,517003,89335151,淮安市水渡口大道119号,"119.112601,33.618339"
1399,重庆市合川区东源汽车销售有限公司,,230022,023-85138988,重庆市合川区合阳办合州实业路1号1幢合州综合市场5号楼,"106.272365,30.02299"
1401,苏州市天丰泰汽车销售服务有限公司,,512010,69387150,苏州市吴中区木渎镇中山东路111号,"120.537722,31.261453"
1402,佛山市博润汽车销售有限公司,,757009,0757-81852501,佛山市南海区桂城街海八路华南汽车城G12号之三,"113.133939,23.073417"
1403,北京富电新能源汽车销售有限公司,,100501,400-1666801,北京市朝阳区南四环东路89号,"116.441584,39.839032"
1404,南京联润汽车销售有限公司,,250002,52632179,南京市大明路应天大街交叉路口,"118.816856,32.008731"
1405,陕西意林汽车销售服务有限公司,,290016,86550688,西安经济技术开发区凤城四路66号,"108.941221,34.332361"
1406,渭南信天游汽车销售服务有限公司,,913006,2181556,陕西省渭南市经开区申华汽博园内,IK/\
1407,武安市西贝汽车销售有限公司,,310006,5670000,邯郸市武安市东二环路邯郸邯武国际汽车城园区内,"114.266073,36.687244"
1408,陇南市陇胜吉通汽车贸易有限公司,,939001,8652444,甘肃省陇南市武都区钟楼滩吉利汽车,"104.925984,33.404974"
1409,临朐博远汽车销售服务有限公司,,536010,0536-3779111,山东省潍坊市临朐县南环路与盘龙路交汇处（临朐汽车站东门）,
1410,成都吉利汽车超市连锁有限公司乐山分公司,,833003,2630966,乐山市市中区棉竹镇袁坝村二乐夹路68号,"103.703176,29.624571"
1411,驻马店信和汽车销售服务有限公司,,396008,3533555,驻马店市开源大道与驿城大道交叉口北200米（车管所北门）,"114.065604,33.020948"
1412,江门市辉胜达贸易有限公司,,750009,3230588,江门市蓬江区建设三路163号A区,"113.070281,22.642048"
1414,绍兴博瑞汽车销售服务有限公司,,575009,057582712000,绍兴市上虞区小越镇吉利4S店（329国道裘皮城往东500米）,
1415,淄博嘉隆汽车销售有限公司,,533013,0533-2363999  ,淄博市张店区中心路178号  ,"118.075789,36.835247"
1416,泰安市腾隆汽车销售有限公司,,538012,5366888  ,山东省泰安市岱岳区天平街道泰山国际汽车城  ,"117.038518,36.160865"
1417,成都吉利汽车超市连锁有限公司宜宾分公司,,831005,0831-5193777,宜宾市临港经济技术开发区港元大道西段九号,
1418,安徽汇吉汽车销售服务有限公司,,564009,3360555,安徽省六安市312国道南侧金太阳汽车城,"116.574395,31.760151"
1419,泉州市吉沃实业有限责任公司,,595007,28755666,晋江市罗山街道后林社区福兴路589号,
1420,宿迁市安润汽车销售服务有限公司,,527006,88979888  ,宿迁市双庄国际汽车城迅驰路吉利4S店,"118.243437,33.937895"
1421,威海市银河银海汽车销售服务有限公司,,631003,5925333,威海市经济技术开发区青岛南路198号,"122.168431,37.393946"
1422,成都吉利汽车超市连锁有限公司眉山分公司,,280021,38208777,眉山市东坡区铁环路中段,"103.823944,30.073941"
1423,贵州智合汽车销售有限公司,,859009,0859-3818996,贵州省黔西南兴义市栖霞路天合汽车城内,"104.880587,25.102918"
1424,商丘晨翼汽车销售有限公司,,370006,0370-2790111,商丘市梁园区中原车城金桥路与新兴路交叉口北500米东侧  ,"115.60222,34.456539"
1425,鞍山博大汽车销售服务有限公司,,412007,7262333,鞍山市千山区建设大道616号,"41.8.53,122.56.28"
1426,阜阳懿源汽车销售有限公司,,558011,2255999  ,阜阳市开发区汽贸物流园经六路188号,"115.868156,32.844196"
1427,四川省城市车辆置业有限责任公司,,280019,028-85146772,成都市火车南站西路865号,"104.052189,30.607813"
1428,青海吉瑞汽车销售服务有限公司,,971010,4728222,青海省西宁市青海西宁经济开发区金峰路1号3号东川工业园区1号,"101.87565,36.568822"
1429,南部县阳光新能源汽车零部件有限公司,,817009,5566222,南部县向阳大道100号,"106.348052,31.348052"
1432,平顶山市有道汽车销售有限公司,,375006,2350808,河南省平顶山市卫东区建设路东段（工业园对面）,91410400MA3X832U2Q
1433,随州长欣汽车销售有限公司,,722006,3941559,湖北省随州市北郊星光一路星光汽车市场,"113.385662,31.767987"
1434,青岛长丰汽车销售有限公司,,532016,0532-81123328,山东省胶州市兰州东路699号,"120.079144,36.298077"
1435,太仓永通华阳汽车销售有限公司,,512016,53116885  ,太仓经济开发区太平北路111号7B栋104号  ,"116.445088,39.819239"
1436,南充圣奇车业有限公司,,817008,2177666 ,南充街市顺庆区潆溪街道办潆康路兴华车业内（车管所斜对面）,"106.05,30.88"
1437,菏泽市吉源汽车销售有限公司,,530006,2073222,山东省菏泽市高新区万福办事处中汇国际汽车园  ,"115.430301,35.28354"
1438,西昌博豪汽车销售服务有限公司,,834009,0834-6986661,西昌市航天大道一段253号,"102.22064,27.918413"
1439,焦作市中远汽车销售有限公司,,391008,3139999,焦作市迎宾路与南海路交叉口西南角,914108800MA3X6KK07M
1440,保山众驰汽车销售服务有限公司,,875009,2168887,保山市隆阳区永昌路与惠通路交叉口往北20米西侧,"99.185394,25.123838"
1441,三明市成业汽车销售有限公司,,598208,7995777  ,三元区大坂工业园奔宝瑞通汽车城内3号2幢展厅1层,"117.577096,26.237659"
1442,温州博程汽车销售服务有限公司,,577011,85500066,温州市瓯海大道387号,"120.67098,27.966425"
1443,吉林市吉立合汽车销售服务有限公司,,432009,64567891,吉林市船营区雾凇西路139号,"126.514519,43.864937"
1444,杭州豪跃汽车销售服务有限公司,,571014,22810222,杭州市萧山区通惠北路208号,"120.296359,30.221522"
1445,广西玉林甘霖汽车销售服务有限公司,,775009,2668588,玉林市经济开发区东区人民东路南侧,"110.193831,22.654097"
1446,安阳市昌沃汽车销售有限公司,,372005, 3166918,安阳市文峰区光明路南段（豫北汽车城院内）,"114.417728,36.060332"
1447,海宁东吉汽车销售服务有限公司,,573008,89268555  ,海宁市海宁经济开发区双树泾路1号,"120.673995,30.532945"
1448,松原市顺祥汽车销售服务有限公司,,438007,0438-2830555,松原市郭尔罗斯大街8188号 ,"124.769438,45.14558"
1449,北京隆晟通达汽车销售服务有限公司,,100029,82713991,北京海淀区八达岭高速西三旗桥南1200米路西,"116.342843,40.049342"
1450,新疆博润之星汽车销售有限公司,,991018,8870200,乌鲁木齐市水磨沟区南湖北路842号A栋,"87.613591,43.861996"
1451,重庆博锦汽车销售服务有限公司,,230027,023-62552255,重庆市巴南区渝南大道66号,"106.567949,29.468874"
1452,惠州市吉乾汽车贸易有限公司,,769009,3296377,惠州市惠阳区淡水永兴路桥背卫生局斜对面铺位1-6号,
1453,怀化泰丰汽车销售有限公司,,745008,0745-2218588,怀化市鹤城区南环路(国际汽车城内)  ,"110.003273,27.524757"
1454,佛山市博海汽车销售服务有限公司,,757010,66882089  ,佛山市禅城区佛山大道中83号佛山（国际）车城北区四座首层1-3号,"113.106037,23.013535"
1455,昌吉市华创汽车销售有限公司,,994802,09942591055,昌吉市乌伊西路闽昌工业园幸福路新疆光亚国际汽车城9、10号  ,"87.22221,44.045958"
1456,厦门市俊得利汽车贸易有限公司,,592010,3232088  ,福建省厦门市同安区集安路695号,
1457,郴州圆融汽车销售服务有限公司,,735006,2128333, 湖南省郴州市北湖区七里大道200号,"113.048191,25.767711"
1459,济南博业汽车销售服务有限公司,,531010,86308711,山东省济南市槐荫区二环西路3468号市场东区18号展厅,"116.943129,36.696849"
1460,东营凯华汽车销售服务有限公司,,546006,7765577  ,东营市经济开发区东八路西与辽河路交汇处,"118.765697,37.443525"
1461,枣庄德源汽车销售服务有限公司,,632008,5209666,山东省枣庄市市中区西华路齐村后村北首,"117.536763,34.889935"
1462,河源市嘉进龙汽车销售服务有限公司,,762009,3122101,河源市源城区源南镇风光村河浦大道（205国道）东边（中天钢材旁）,"114.692102,23.700062"
1463,中山市星时代汽车贸易有限公司,,760019,89888876,中山市小榄镇菊城大道永南汽车城  ,"113.225736,22.647835"
1464,重庆渝鑫睿骋汽车销售服务有限公司,,230033,023-49579888 ,重庆市永川区昌州大道中段629号1-2 ,"105.907785,29.36822"
1465,阿克苏华创汽车销售服务有限公司　,,997006,4563866,阿克苏市温宿县大欣汽车城4号展厅,"80.250223,41.228125"
1466,蚌埠市涌越汽车销售服务有限公司,,552006,3762555,安徽省蚌埠市禹会区迎宾大道国际汽车城和谐路1155号,"117.319062,32.868036"
1467,金昌市宝奥汽车销售有限公司,,935003,8810888  ,金昌市金山区河雅路亚通车城七号展厅一号楼,"102.232769,38.542029"
1468,宁波豪瑞汽车销售服务有限公司,,574009,58989788,慈溪市逍林镇新园村,"121.315162,30.17463"
1469,中山市中晟汽车销售服务有限公司,,760008,076028183338,中山市东升镇东升高速出口105国道边厂房第一卡,"113.314075,22.604976"
1470,北京北方瑞意达汽车销售服务有限公司,,100613,010-87744975,北京市朝阳区广渠东路方家村甲1号-1,"116.525342,39.898655"
1472,长垣安盛汽车销售有限公司,,373007,0373-8866668,长垣县南蒲山海大道东段（金色阳光汽车城）,"114.692582,35.181628"
1473,内江四达翔跃汽车销售有限公司,,832009,2063666,内江市市中区汉渝大道1738号 ,"105.043826,29.582574"
1474,泰州市铭晟农机销售有限公司,,523005,82909999,江苏省泰州市农业开发区铁路北侧100米,"119.971256, 32.538043"
1475,成都新锋吉利汽车销售服务有限公司,,280027,85000818,成都市双流县龙桥路140号吉利汽车4S店,"30.6042520000,103.9550810000"
1476,舟山市弘光汽车销售有限公司,,580001,0580-2922888,定海区甬东黄土岭广华医院对面,"122.16227,29.999654"
1477,运城市瑞利汽车销售服务有限公司,,359009,0359-2517555,山西省运城市经济技术开发区机场大道北（诺维兰汽车公园内）,"110.956706,35.122908"
1478,广州铭悦汽车销售服务有限公司,,200020,020-62269988,广州市黄埔区中山大道东389号101A102,"113.439365,23.110581"
1479,蒙城县春雨慧利汽车销售服务有限公司,,558013,7696110,蒙城县经济开发区尉迟大道西侧，政通路南侧,"116.592599, 33.243444"
1480,湘西华瑞汽车贸易有限公司,,743005,07438726777,湖南省吉首市湘西经济开发区吉凤办事处湾溪社区武陵国际汽车城内,"28.2309989424,109.6699520498"
1481,云浮市博润汽车销售有限公司,,766009,8811000,云浮市云城区环市东路324国道新富云岗石场旁,"112.133509,22.961717"
1482,滨州市泓峰汽车销售有限公司,,543008,0543-5165088,000滨州市黄河十路渤海五路向东,"118.032203,37.40556"
1483,广德吉越汽车销售服务有限公司,,563002,"0563-5200666,13966173333",安徽省宣城市广德县复兴北街与支一路交叉口,"119.42528, 30.915358"
1484,宜春市瑞利汽车销售服务有限公司,,795006,3215299,江西省宜春市经济开区经发大道统领科技园,"114.407704,27.883066"
1485,肇庆市建兴汽车销售服务有限公司,,758009,2778383,肇庆市端州区119区肇庆大道北侧出头经联社东起第一卡,"112.490747,23.097181"
1486,永城市兴通汽车销售有限公司,,370010,03705988666,永城市芒山路南段春雨汽车城西南角,"116.426509,33.894897"
1487,成都顺利达汽车销售有限责任公司,,280028,87252837,都江堰市堰华路605号,"103.663017,31.02942"
1488,朝阳捷奥汽车销售服务有限公司,,421009,3800123,朝阳市龙城区西大营子中山大街五段181号,"120.399777,41.561127"
1490,铜陵市利祥汽车销售服务有限公司,,562001,0562-6827777,铜陵市铜都大道,"117.771427, 30.870942"
1491,柳州市德龙汽车销售有限公司,,772011,3728388,广西壮族自治区柳州市汇轮路东区10-1号,"109.372636,24.311322"
1492,达州市品悦汽车销售有限公司,,818009,3831333,达州市达川区二号干道寰宇华府一楼商业楼,"107.51687,31.188462"
1493,吉林市信诚嘉运汽车销售有限公司,,432008,63346999,吉林市深圳街荣邦新城A4-8号,"126.555651,43.820156"
1494,克拉玛依市华清汽车配件工业有限公司,,990001,0990-6246676,克拉玛依市西环路6号,"84.902149,45.563683"
1495,兴安盟九赢车辆销售有限责任公司,,482008,8226780,兴安盟科右前旗天骄路15号,"121.99265,46.071597"
1496,资阳市大昌汽车销售服务有限公司,,280029,26633666,资阳市雁江区南骏大道73-77,104.6413 30.1311834
1497,云南吉沃通汽车销售服务有限公司,,871012,67392199,昆明市经开区出口加工区国际汽车城D－09号,"102.810271,24.96329"
1498,霸州市艾普伟业汽车销售有限公司,,316009,7219004,霸州市兴华北路金各庄村南,"116.398648,39.154567"
1499,湖南华丰城南汽车贸易有限公司,,731010,85772717,长沙市天心区雀园路与芙蓉路交接处6S街区,"112.997931,28.095138"
1500,山西锦程瑞翔汽车贸易有限公司,,355011,6060122,长治市解放西街（一汽丰田南侧）,"113.08688,36.188711"
1501,长治市宏鑫元商贸有限公司,,355013,6013888,长治市北环东街汽贸汽配城,"113.140635,36.232439"
1502,阜新市兴顺汽车销售服务有限公司,,418008,0418-5912888,阜新市高新开发区海清路南五金建材城西,"121.602802,41.989457"
1503,娄底华智汽车贸易有限公司,,738006,0738-8330933,湖南省娄底市娄星区湘阳街1923号,"109.75776,28.308681"
1504,滕州荣源汽车销售服务有限公司,,632009,0632-5169000,山东省枣庄市滕州市益康大道南首南沙河镇北街村（安力公司院内）,"117.190787,35.027792"
1505,亳州市吉豪汽车销售有限公司,,558012,5606789,安徽省亳州市谯城区药王大道与紫苑路交叉口,"115.761561,33.831894"
1506,连云港博润汽车销售服务有限公司,,518016,051881195555,连云港市海州区岗埠农场中路西温岭路南2号,"119.07521, 34.595283"
1507,吉首市吉月汽车销售服务有限公司,,743003,8258777,吉首市武陵东路大田湾,"109.75776,28.308681"
1509,恩施州三和汽车贸易有限责任公司,,718002,7015178,湖北省恩施土家族苗族自治州利川市普庵路103号,"108.962563,30.293444"
1510,临沧鹏泰汽车销售服务有限公司,,883009,0883-2150788,云南省临沧市临翔区南亚汽车城,"100.11242,23.928708"
1511,南阳海川汽车销售有限公司,,377003,60553787,南阳市北京路与光武路交叉口东200米路北,"112.508144,33.022618"
1512,海门市常盛汽车销售服务有限公司,,513008,0513-68021988,海门市人民西路1688号,"121.130829, 31.89184"
1513,巴中市中瑞汽车销售服务有限公司,,827008,5577266,巴中市黄家沟汽车汽贸博览中心,"106.47.38,31.51.7"
1514,宁夏博达通汽车贸易有限公司,,951013,0951-8868858,宁夏银川市兴庆区绿地21城C区03号 ,106.321557.38.513342
1515,上海富电汽车销售有限公司,,210613,021-57600066,上海市宝山区江杨南路1377号1区1-2号,"121.47405,31.33855"
1516,南京昌弘汽车销售服务有限公司,,250009,87179191  ,南京市江宁区东山街道集中区临麒路21号  ,"118.883697,31.988337"
1517,广西融泽汽车销售服务有限公司,,771819,0771-4105550,南宁市科园大道76号,"108.308326,22.86596"
1518,黔东南浩宇汽车销售有限公司,,855009,8316088,贵州省凯里市凯里经济开发区经纬国际汽车城金源西大道6号,"107.863576,26.524285"
1519,锡林郭勒盟吉沃汽贸有限公司,,479808,8238888,锡林浩特市火车站北民禾物流园区内,"116.012849,43.941384"
1520,湘潭吉越汽车销售服务有限公司,,732002,55575777,湖南省湘潭市九华经济开发区湘望路18号,"112.940809,27.941023"
1521,通化信弘元汽车销售有限公司,,431808,0435-3646999,通化市新胜北路长流村汽车产业园,"125.960126,41.764868"
1522,遂宁京和品信汽车销售服务有限公司,,825808,5180081,遂宁市船山区西部现代物流港汽车产业园内,"105.578402,30.461128"
1523,成都西物汽车有限公司宜宾分公司,,831808,3546877,宜宾市翠屏区岷江新区起步区05地块,"28.812295,104.61643"
1524,延边荣德汽车销售有限公司,,433808,04338923999,吉林省延吉市长白山东路55号,"129.555881,42.902663"
1525,新疆博超汽车营销有限公司,,991019,6652255,新疆乌鲁木齐市新市区鲤鱼山北路1号新疆赛博特国际汽车城F4-1-02,"87.599593,43.88346"
1526,雅安吉瑞品信汽车销售服务有限公司,,835808,2882588,雅安市雨城区汉碑路96号,"103.053739,30.02284"
1527,广西来宾市华冠贸易有限公司,,772808,4267167,来宾市华侨中心区桂中大道与华侨大道路口东北角,"109.202789,23.762814"
1528,汕尾市捷晟汽车有限公司,,660808,0660-3448777,汕尾市海汕公路西河路段,"115.385933,22.826552"
1529,广州市铭润汽车贸易有限公司,,200019,66640313,广州市白云区太和镇石湖村村贝路102号,"113.345822,23.295639"
1530,湛江市兴邦汽车销售有限公司,,759808,3605777,湛江市赤坎区东盛路7号海田国际车城S23号,"110.384922,21.302727"
1531,重庆吉沃汽车销售有限公司,,230023,023-41587777,重庆市璧山区奥康大道（摩登时代广场斜对面）,"106.23963,29.567813"
1532,都匀市仁泰合汽车销售服务有限公司,,854009,0854-8810305,都匀市v茵湖办事处文明村毛尖大道,"107.461937,26.304837"
1533,河南四海盛景汽车销售服务有限公司,,371702,65696666,郑州市花园北路刘庄,"113.684551,34.848174"
1534,廊坊东方天汇汽车销售有限公司,,316019,15533424775,廊坊市开发区金源道92号廊大汽车城内,"116.75427,39.581738"
1535,定州市成悦汽车贸易有限公司,,312009,2108018,定州市清风路与107国道交叉口,"115.010423,38.544949"
1537,徐州佳润汽车销售服务有限公司,,516010,0516-67768889,江苏省徐州市丰县东关经济开发区电动车城向南500米路东,"116.615641,34.695578"
1538,浙江中南汽车贸易有限公司,,577003,65288888,瑞安市塘下镇陈宅旺工业区,"120.682474,27.832643"
1540,信阳豫达汽车销售服务有限公司,,376008,3778999,信阳市高新区城东办事处刘洼公交站（南京大道）路南,"114.179815,32.130129"
1542,曲靖港鑫汽车贸易有限公司,,874006,0874-3210221,云南省曲靖市麒麟区建宁东路瑞和新城,"103.823125,25.530612"
1543,新余市安瑞实业有限公司,,790006,6444306,新余市仙女湖物流园区,"114.878212,27.797963"
1544,青岛和诚易捷汽车销售服务有限公司,,532611,0532-88699577,青岛市市北区福州北路127号,"120.40545,36.098312"
1545,苏州万帮之星汽车销售服务有限公司,,512611,0512-66658889,苏州市高新区塔园路369号,"120.55761,31.326657"
1546,厦门联泰合吉新能源有限公司,,592611,0592-5555608,厦门市海沧区马青路1283号大楼2层,"118.022581,24.494666"
1547,青岛特来电新能源有限公司,,532612,0532-55579989,青岛市崂山区松岭路169号国际创新园A座,"120.490439,36.152861"
1548,山西老兵新能源有限公司,,351611,0351-8785877,山西省太原市平阳路115号,"112.558686,37.814789"
1549,天津市骏宝汽车销售服务有限公司,,220612,022-59088222,天津市北辰区双街镇京津公路东侧双江道南庞大汽贸园,"117.124664,39.257997"
1550,甘肃臻琦汽车销售服务有限责任公司,,931611,0931-2885525,甘肃省兰州市七里河区西津西路572号,"103.737693,36.081217"
1551,天津中盛新能源汽车销售有限公司,,220613,022-83264387,天津市河西区解放南路环渤海汽车城613号,"117.239018,39.059839"
1552,山西吉豪汽车销售服务有限公司,,354611,0351―2206668,山西省晋中市榆次汇通路,"112.726131,37.707629"
1553,上海万帮之星汽车销售服务有限公司,,210614,021-58327688     021-58327988,上海市浦东新区北蔡镇御桥路1133号,"121.562394,31.161643"
1554,互动新能量（广州）电动科技发展有限公司,,200612,13711263282,广州市海珠区昌岗中路239号信和广场一楼,"113.28119,23.096029"
1555,广州庞大晶意新能源汽车销售服务有限公司,,200613,020-36920307,广东省广州市番禺区石壁街创源路20号110,"113.307879,22.965742"
1557,宁波东耀汽车运输有限公司,,574612,0574-51101866,浙江省宁波市海曙区环城西路北段377号,"121.531903,29.897315"
1558,牡丹江鸿兴汽车销售有限公司,,453003,6661000,黑龙江省牡丹江市阳明区裕民路429号,"129.670395,44.624853"
1559,赤峰吉致汽车销售有限公司,,476008,0476-5770550,赤峰市红山区桥北赤锡路126号,"118.939046,42.327227"
1560,通辽市皓达汽车销售服务有限公司,,475008,0475-6206555,阿古拉大街内蒙古自治区通辽市经济技术开发区以南、甘旗卡大街以东,"122.144847,43.92429"
1561,昭通港鑫汽车贸易有限公司,,870003,2150559,云南省昭通市昭阳区昭通大道丽水馨城,"103.768643,27.376863"
1562,宁德市盛世汽车有限公司,,593005,05932992888,宁德市东侨经济开发区国宝路22号,"119.56682,26.645658"
1563,衡水汇博汽车贸易有限公司,,453006,0318-2871111,衡水市桃城区北外环东路819号,"115.718619,37.775581"
1564,平凉市吉通商贸有限公司,,933701,8355526,平凉市工业园区西二路马坊小康屋对面,"106.673853,35.554174"
1565,武汉吉豪汽车销售有限公司,,270013,83098555,武汉市东西湖大道4984走马岭1号,"114.036907,30.648567"
1566,丽江市前程汽车销售有限公司,,578003,8885050,丽江市古城区金山乡金山村委会安乐村51号附2号,"100.276266,26.867423"
1567,浙江豪众汽车销售服务有限公司,,571016,28996655,杭州市余杭区良运街123号,"120.134198,30.360082"
1568,青岛欣盛汽车销售有限公司,,532012,80825692,青岛市重庆南路186号,"120.395656,36.13144"
1570,红河天宇汽车销售服务有限公司,,873003,3756688,云南省红河州蒙自市北京路新世纪汽车城D-2号,"103.368715,23.37456"
1571,昆明港鑫商贸有限公司,,871013,65161990,云南省昆明市盘龙区东三环呼马山车市内,"102.772047,25.062253"
1572,贵港市恒正汽车销售服务有限公司,,755011,0775-4350111,贵港市金港大道金泰汽车城,"109.552307,23.113635"
1573,东莞市顺隆汽车贸易有限公司,,769007,22661118,东莞市莞太路南城白马路段355号,"113.719129,22.990848"
1574,汕头市明东汽车贸易有限公司,,754006,81881988,汕头市龙湖区新津街道泰山南路80号之2,"116.756936,23.384338"
1576,深圳市吉祥盛汽车销售服务有限公司,,755013,27399010,深圳市宝安区107国道西乡段黄田大门右侧云立方一层,"113.85449,22.632736"
1577,广西百色市盛利汽车销售服务有限公司,,776010,0776-2290001,广西百色市右江区进城大道与东环路交汇处，（广西联润汽车贸易园内）B区06座,"106.672178,23.859242"
1579,唐山威克汽车贸易有限公司,,315006,5501299,唐山市高新区宋各庄村东,"118.175241,39.727055"
1580,南京景润汽车销售服务有限公司,,250006,58535088,南京市浦口街道泰山街道沿山东路9-9号,"118.707217,32.142879"
1581,杭州吉智汽车销售服务有限公司,,571019,88021777,杭州市拱墅区石祥路463号,"120.158038,30.337986"
1582,湖州市利驰汽车销售服务有限公司,,572002,2593992,湖州市二环西路706号,"120.076937,30.867065"
1583,山西吉隆盛源汽车销售服务有限公司,,351704,0351-8210777,太原市龙城大街与太榆路丁字路口西南角,"112.641844,37.759825"
1584,海南合吉汽车销售有限公司,,898009,88238686,三亚市吉阳镇吉阳大道高铁桥下,109.620591，18.313528
1585,深圳市鼎豪新能源汽车销售服务有限公司,,755014,1,广东省深圳市龙岗区松仔岭二路御府名筑一层,"114.256915,2273395"
1586,宝鸡西悦成汽车销售服务有限公司,,917005,0917-2758567,陕西省宝鸡市高新13路华城汽车产业园8号（宝鸡职业技术学院南门向西500米）,"107.297621,34.343282"
1587,烟台恒邦物流股份有限公司,,535004,3806006,山东省烟台市福山区机场路597号,"121.362518,37.420303"
1588,无锡华庭汽车销售有限公司,,510706,83507777,无锡市金惠路106号,"120.309431,31.674848"
1589,许昌市有道汽车销售有限公司,,374004,0374-8093939,许昌市107国道与北环路交叉口西侧,"113.846322,34.074782"
1590,南平市华福山城贸易有限公司,,599009,0599-5597666,南平市建阳区南林海西汽贸城1层4S店左侧一层商业用房,"120.399777,41.561127"
1591,萍乡市吉佳汽车销售服务有限公司,,799004,0799-6353999,萍乡市安源新区319国道与韶山路交汇处,"113.934673,27.653604"
1593,北京中汽通汇汽车销售服务有限公司,,100030,89089961,北京市密云县十里堡彩虹桥西侧路北,"116.802367,40.362631"
1595,郴州市橙子汽车贸易有限公司,,735007,2331708,郴州市开发区天龙汽车站往宜章方向500米,"113.002689,25.755145"
1596,贵州帅邦常发汽车贸易有限公司,,851013,88425100,贵州省贵阳市清镇市青龙办事处扁坡村（汽车物流区6-7-1号地块）,"106.496849,26.556857"
1597,铁岭沃达汽车销售服务有限公司,,240013,72691555,辽宁省铁岭市铁岭县凡河镇嘉陵江东路4A号 1-1,"123.779667,42.227753"
1598,庆云英豪汽车贸易有限公司,,534007,3777366,山东省德州市庆云县商城大街926号（机车市场）,"117.404207,37.798851"
1599,德宏州德勋汽车销售服务有限公司,,962001,13099966722,云南省德宏州芒市团结大街237号,"113.385662,31.767987"
1600,苏州市天丰汇汽车销售服务有限公司,,512021,67366199,苏州市相城区太阳路2988号,"120.94859,31.34542"
1601,四川致恒汽车销售服务有限公司,,816009,2296333,四川省绵阳市经开区贾家店街119号,"31.418171,104.771944"
1602,天水天合华中汽车销售服务有限公司,,938003,2655111,天水市麦积区羲皇大道机场正对面,"105.874708,34.559274"
1603,临夏州启博汽车销售有限公司,,930003,0930-6229906,甘肃省临夏市滨河南路,"35.5953949717,103.2406678451"
1604,苏州瑞高汽车服务有限公司,,512020,0512-57575588,昆山市玉山镇宝益路3号2号房,"120.94859,31.34542"
1605,腾冲县云鹏汽车工贸有限责任公司,,875010,0875-5188884,云南省保山市腾冲县腾越镇满邑社区元吉小区(饮马水河),"98.511034,25.030144"
1606,保定市轩吉汽车销售服务有限公司,,312013,8888087,河北省保定市满城区东外环路,"115.366209,38.958758"
1607,昆山联合华朔汽车贸易有限公司,,512018,0512-50323332,昆山市周市镇黄浦江北路288号2号房,"121.014302,31.42583"
1608,张家港市利馨汽车销售服务有限公司,,512022,58697999,张家港市杨舍镇东二环路与新农路路口,"120.574156,31.848444"
1609,成都吉瑞品信汽车销售服务有限公司,,280030,66898937,成都市锦江区琉璃乡ㄗ邮鞔迤咦,"104.11972,30.593515"
1610,龙口君吉汽车销售服务有限公司,,535010,8556388,0000山东省烟台市龙口新嘉街道龙口汽车广场,"120.463532,37.661582"
1611,北京沃德龙鼎汽车销售有限公司,,100036,80308588,北京市房山区阎村公交站北侧,"39.7262190000,116.1016120000"
1612,临朐博远汽车销售服务有限公司,,536010,0536-3779111,山东省潍坊市临朐县南环路与盘龙路交汇处（临朐汽车站东门）,
1614,桂林宝吉汽车销售服务有限公司,,773006,3880118,桂林市秀峰区甲山乡委会熊家村925号一层展示维修中心,"110.244774,25.267085"
1616,济宁交运吉瑞汽车销售服务有限公司,,537015,5125888,济宁市高新区327国道柳行立交桥东1000米路北,"116.679982,35.445958"
1617,广西钦州盛和源汽车销售服务有限公司,,777001,3680000,广西钦州市钦南区扬州街8号,"108.641144,21.967103"
1618,如东恒丰汽车销售服务有限公司,,513003,0513-81901800,如东县掘港镇城南工业园区（223省道东侧）,"121.167794,32.278017"
1619,东莞市睿博汽车贸易有限公司,,769008,89068222,东莞市常平镇陈屋贝村过海路美捷工贸中心A1、A2,"114.068243,22.968192"
1620,甘肃吉杰汽车销售有限公司,,937005,6228899,甘肃省嘉峪关市兰新东路5559-9号,"98.343497,39.787674"
1621,深圳市三驰汽车销售服务有限公司,,755015,89355339,深圳市龙岗区平湖镇东深公路165号,"114.169625,22.687139"
1622,芜湖顺合汽车销售服务有限公司,,553704,0553-5775777,芜湖市弋江区长江南路85号,"118.351320,31.270590"
1623,甘肃吉大昌汽车有限公司,,931004,2347356,甘肃省兰州市西固区南滨河西路7号,"103.657195,36.131638"
1624,青岛金惠祥泰汽车销售服务有限公司,,532018,84125555,山东省青岛市黄岛区峄山路312号,"120.005832,35.860395"
1625,马鞍山同沛汽车销售有限公司,,555003,0555-2770666,安徽省马鞍山市经济技术开发区红旗南路1777号,"118.489340,31.610130"
1627,哈密广通汽车销售有限公司,,902003,2222192,新疆哈密地区哈密市321国道西出口加油站北侧泽宇汽车城院内,"93.506538,42.90335"
1628,江西久恒汽车销售服务有限公司,,791008,0791-83870600,南昌市迎宾大道222号,"115.909430,28.589380"
1629,广西南宁资瑞汽车销售服务有限责任公司,,771009,3389290,南宁市兴宁秀厢大道124号,
1632,周口宏羿汽车销售服务有限公司,,394002,8155888,周口市川汇区太昊路与汉阳路交叉口东100米路北,"114.639007,33.599284"
1633,安徽利丰行汽车销售服务有限公司,,551006,62861567,合肥市包河区繁华大道与庐州大道交叉口安徽盛大广场,"117.299303,31.792279"
1634,福建省吉易汽车贸易有限公司,,591010,000,福州市仓山区齐安路769号8号建筑,"119.29834,26.001317"
1635,安徽景驰汽车销售有限公司,,550006,17705501777,滁州市丰乐大道2599号（安徽畅通汽车销售有限公司内）,"118.308962,32.246073"
1636,深圳吉隆汽车销售有限公司,,755016,0755-86638688,深圳市南山区南头街道关头二路嘉进隆汽车城E区01B栋-1,"113.915471,22.55438"
1638,孝感市吉鑫汽车销售服务有限公司,,712002,1,孝感市孝汉大道特9号,"113.974082,30.938875"
1639,新乡市吉呈汽车销售服务有限公司,,373008,1,新乡市卫滨区平原镇李村北口,113.880372，35.265626
1640,汝州德盛实业有限公司,,375009,6955888,汝州市汝南产业集聚区1号,112.824619，34.116336
1641,佛山市吉骏达汽车销售服务有限公司,,757016,87700900,佛山市三水区邓岗何西鲁村六兴竹基外,"112.92376,23.20426"
1642,扬州鼎合汽车销售有限公司,,514004,0514-87659666,江苏省扬州市邗江区荷叶东路8号,"119.393502,32.449887"
1643,齐河顺祺汽车贸易有限公司,,534009,0534-5509777,山东省德州市齐河县G308国道（凯迪汽车城院内）,"116.801792,36.810788"
1644,云南中润汽车销售服务有限公司,,870004,8888688,云南省昭通市昭阳区太平街道办事处石渣河社区2组,"103.7162400000,27.3302590000"
1645,山东长劲实业有限公司,,536011,0536-3513222,青州市玲珑山北路2359号,"118.489484,36.745778"
1646,徐州创利汽车销售有限公司,,516011,0516-83539762,江苏省徐州市铜山新区珠江东路汽车产业园内,"117.190120,34.161490"
1647,宜兴翔源汽车有限公司,,510004,0510-80335333,宜兴市西鸫蟮93号,"119.783877,31.385296"
1648,辽阳致宏汽车销售服务有限公司,,419002,18940021121,辽宁省辽阳市太子河区繁荣路09023-01-6,"123.144787,41.295926"
1649,常州市金坛天恒汽车销售有限公司,,519009,0519-82306821,金坛区良常路99号-5,"119.611250,31.758595"
1650,东莞市众强贸易有限公司,,769010,0769-81081996,东莞市常平镇环城路段梓村路段旁余葑,"113.966449,22.963041"
1651,台州吉智汽车销售服务有限公司,,576001,0576-81679123,浙江省台州市温岭城东街道彩屏路3号,121.395591.28.407135
1652,台州吉胜汽车销售服务有限公司,,576002,057685075888,临海市东方大道229号,"121.15979,28.870428"
1653,青岛敏田汽车销售服务有限公司,,532019,0532-86410333,青岛市莱西市青岛路35号,"120.52141,36.86507"
1654,济宁吉悦通贸易有限公司,,537016,0537-3159868,山东省济宁市任城区105国道金宇汽配城,"116.551435,35.432831"
1657,甘肃中普惠通汽车销售有限公司,,931011,2107111,兰州市安宁区北滨河西路（沙井驿汽车城）,"103.631146,36.146518"
1659,河北维德汽车销售服务有限公司,,311003,18931890030,河北省石家庄市北二环西路238号,"114.470426,38.085633"
1660,保定祥轩汽车销售有限公司,,312010,0312-5907800,河北省保定市高开区创业路369号,"115.459045,38.906213"
1661,定州市盛海汽车销售有限公司,,312014,13930230170,定州市定曲路赵村社区,"114.57229,38.31558"
1662,西安辰宇汽车贸易有限责任公司,,290017,83613366,西安市哄鄙态区通塬路1680号2幢10000室,109.06127.34.308686
1664,泰安市泰鼎汽车销售服务有限公司,,538013,0538-8894444,高新区龙潭南路交运汽车园院内,"117.120064,36.147067"
1665,奎屯大华华致汽车销售公司,,982805,0992-6696000,新疆伊犁州奎屯市奎屯市迎宾大道10-1号,"84.923312,44.404232"
1666,揭阳市鸿泰汽车有限公司,,663006,0663-8953333,揭阳市榕城区东升新河一号路以北,"116.387133,23.573302"
1667,黄骅市前进跃驰汽车贸易有限公司,,317006,13603279222,黄骅市开发区银河路与泰山道交叉口,"117.334484,38.349119"
1668,玉林汇骏汽车销售服务有限公司,,775008,0775-2182333,玉林市玉州区金龙大转盘东北侧,"110.133138,22.62421"
1669,武汉新铭展汽车销售服务有限公司,,270014,027-88992187,乔木湾特1-8号武汉烽火集团有限公司江南汽车交易市场内7-8号,"114.298739,30.506179"
1670,河南吉致汽车销售有限公司,,371017,15862029111,兰州北路大中原国际汽车城内,"113.504701,34.756222"
1672,桃江兰天汽车会展有限公司,,737004,8881988,湖南省益阳市桃江县桃花江大道东方新城门面,"112.165533,28.518817"
1673,锦州车立方汽车销售有限公司,,416009,0416-3229789,辽宁省锦州市太和区凌西南街70号,"121.1162,41.060052"
1674,七台河昌河汽车贸易有限责任公司,,464702,13349329333,黑龙江省七台河市桃山区桃西街六闾道口东侧,131.019048，45.775005
1675,四川吉沃汽车销售有限公司,,832010,2155666,四川省内江市市中区汉渝大道616号附4号,"105.024781,29.585191"
1676,大连车时代汽车销售服务有限公司,,411704,0411-86317555,大连市甘井子区怡宁街11号,"121.587584,38.970586"
1677,重庆吉N汽车销售服务有限公司,,230034,023-85197666,重庆市铜梁区南城街道金龙大道1号,
1678,呼伦贝尔市强大汽车销售服务有限公司,,470004,15384808886,鄂温克旗巴彦托海镇海伊公路兴盛加油站南侧,"119.759588,49.126283"
1679,成都豪明汽车销售有限公司,,280031,028-85598518,成都市成华区三环二段85号（柯世达集团园区）,"104.17221,30.692118"
1680,成都卡顿吉翔汽车销售有限公司,,280032,028-87797696,四川省成都市金牛区蜀西路38号,"104.002.875,30.717.744"
1682,乐山天牛华映汽车销售服务有限公司,,833210,0833-2152066,乐山市市中区苏稽镇道拐店村五组,"103.651101,29.589049"
1683,眉山天牛坤达汽车销售服务有限公司,,280022,028-38295530,眉山市东坡区眉州大道西五段,"103.827194,30.081521"
1684,常州豪马汽车销售服务有限公司,,519010,0519-85187788,江苏省常州市新北区长江北路18号,"119.952943,31.834304"
1685,上海晋熙实业有限公司,,210006,58816080,浦东新区金沪路1118号（川桥路口）,"121.603190,31.242410"
1686,乐陵市博奥汽贸有限公司,,534011,000,山东省德州市乐陵市四号路西侧开元大道南侧,"117.192187,37.740778"
1687,菏泽市顺泰汽车销售服务有限公司,,530007,0530-7187999,山东省菏泽市黄河东路86号（辛集车管二所西50米）,"115.606708,35.27625"
1689,泊头泰丽汽车贸易有限公司,,317007,18831708888,河北省沧州市泊头市104国道（车管所南侧200米路西）,"116.648216,38.108351"
1690,邢台豪威汽车贸易有限公司,,319011,15603192626,河北省邢台市威县经济开发区开放路8号,"115.319278,36.997811"
1691,河北合众汽车贸易有限公司,,311006,15132182787,石家庄市裕华区石栾路35号,"114.312,37.5952"
1692,河北浩鼎汽车销售有限公司,,311004,84907555,河北省石家庄赵县308国道苏村电视塔对过,"114.4500,37.4557"
1693,忻州市沃成汽车销售有限公司,,350004,18635002126,忻州市经济开发区汽贸园,"112.4322,38.2756"
1694,东莞市景利汽车销售服务有限公司,,769012,0000,东莞市厚街镇桥头社区S256省道与厚沙路交界处,"113.669939,22.929755"
1695,黄山吉泰汽车销售服务有限公司,,559006,0559-2591616,安徽省黄山市经济开发区梅林大道62号汽车贸易中心,"118.270973,29.773135"
1696,龙岩得天汽车销售服务有限公司,,597006,0000,福建省龙岩市新罗区龙门镇物流大道326-1号,"116.961561,25.106374"
1697,上海弘浩实业（集团）有限公司,,210012,021-37572266,上海市奉贤区南桥镇环城西路1488号,"121.446832,30.933954"
1698,北海瑞吉盛汽车销售服务有限公司,,779002,0779－2059256,北海大道以北，南珠大道以东商业综合城内,"109.177108,21.496855"
1699,鸡西欣典汽车销售服务有限公司,,467005,0467-2436699/400-098-8826,鸡西市城子河区佳和路12号,"131.004187,45.323904"
1700,邯郸市金聚利汽车销售服务有限公司,,310007,0310-6292008,河北省邯郸市复兴区联纺西路518号,"114.447304,36.636633"
1701,防城港市港利汽车销售服务有限公,,770001,000,防城港市防城区冲仑物流园区,"108.39609,21.796035"
1702,潮州市博利汽车销售服务有限公司,,768006,0768-2525999,潮州市潮州大道中银大厦北侧（凤新云梯村后望片）潮州奔宝加油站东侧1-3号铺面,"116.623224,23.668032"
1703,温州市煊屹汽车销售服务有限公司,,577012,88669191,温州市东龙路19号13幢101号,120.669119，27.988873
1704,江苏天泓致盛汽车服务有限公司,,527007,87862999,沭阳县沭城镇河东路6号,"118.804472,34.094392"
1705,乐清市吉诚汽车有限公司,,577013,057762556366,乐清市宁康东路1999号捷豹路虎边,"121.029099,28.163208"
1706,厦门市俊得利汽车贸易有限公司,,592010,3232088  ,福建省厦门市同安区集安路695号,
1707,聊城轩越汽车销售有限公司,,635010,0635-8806600,泰山路与东昌路交叉口正信旧机动车交易公司院内西门,"116.076756,36.466376"
1708,咸宁顺达恒通汽车销售服务有限公司,,715003,18607243111,咸宁市咸安区通江大道39号,"114.2481,29.881876"
1709,永州市东誉汽车销售服务有限公司,,746703,0746-6616698,湖南省永州市零陵区永州大道潇湘汽车城东侧,"111.641875,26.298226"
1710,张家界华瑞汽车销售服务有限公司,,744703,0744-8577888,湖南省张家界市经济开发区阳湖坪C区,"110.564626,29.138642"
1711,长春市秤鹌车销售有限公司,,431020,81999999,长春市高新区硅谷大街与卓越大街交汇处,912201016977865838
1712,盘锦富华汽车销售服务有限公司,,427003,1,辽宁省盘锦市大洼区田家街道马圈子社区,4550470.306，41418627.292
1713,朝阳竣成汽车销售服务有限公司,,421012,1,辽宁省朝阳市龙城区中山大街五段171号,"120.403167,41.56281"
1714,青海以椒砍抵圃煊邢薰司,,971011,1,青海省西宁市城南同安路185号,"101.661145,36.529086"
1715,萍乡市利源汽车贸易有限公司,,799002,6783788,萍乡市安源国际汽车城,"113.873559,27.655825"
1716,北京金瑞意汽车销售服务有限公司,,100010,59349988,北京市昌平区北七家镇东三旗村550号,"116.421172,40.089696"
1717,鹰潭吉智汽车销售服务有限公司,,701006,0701-7162795,江西鹰潭手拉手国际汽车城,"116.979133,28.296592"
1718,广州长谭汽车销售有限公司,,200043,89009898,广州市番禹区东环街迎星东路1/3/5/7/9号,txgnn
1719,沂水远通汽车工业贸易有限公司,,539010,0539-2515999,山东省临沂市沂水县工业园腾飞路中段,"118.632487,35.761854"
1720,梧州市吉沃汽车销售服务有限公司,,744004,07742041777,梧州市长洲区三龙大道西侧茅山地段,"111.248611,23.47583"
1721,阳江市中熙和利汽车销售服务有限公司,,662004,0662-2336666,阳江市江城区漠江中路北侧广东广银汽车城A1栋,"111.975643,21.890239"
1724,中山市喜盈汽车销售服务有限公司,,760010,000,中山市西区旧广珠公路西南侧之一（即沙朗创世纪一汽大众4S店对面）,"113.359191,22.55263"
1725,佛山市盛迪汽车销售服务有限公司,,757012,000,佛山市南海区大沥镇曹边管理区同庆大道西区1号之一,"113.109645,23.089014"
1726,苏州宝丰汽车销售服务有限公司,,512023,0512-66569111,苏州市吴中区木渎镇珠江路11号-2,"120.545954,31.265851"
1727,哈尔滨威泰汽车销售服务有限公司,,451010,0451-58931767,黑龙江省哈尔滨市道外区先锋路18号,"126.748459,45.779097"
1728,北安浩宇汽车销售服务有限公司,,456003,0456-6861155,北安市202国道汽车产业园区,"126.46282,48.238381"
1729,福州金瑞汽车销售服务有限公司,,591012,000,福建省福州市闽侯县尚干镇祥通路13号（海峡汽车广场内）,"119.3861,25.924093"
1730,湖南吉迈汽车贸易有限公司,,731011,0,长沙高新开发区麓谷街道麓谷汽车世界B-04,"112.865862,28.213943"
1731,东莞市博远汽车销售服务有限公司,,769014,000,东莞市长安镇乌沙社区振安东路203号B区1号,"113.800406,22.78606"
1732,抚顺融兴汽车销售服务有限公司,,413003,02456590900,辽宁省抚顺市望花区丹东路西段29号,"123.771075,41.856155"
1733,广州兆方华益汽车销售服务有限公司,,200014,020-32832212,广州市增城区新塘镇南安村扫U步（土名）,"113.569731,23.12451"
1734,济源市众信汽车销售服务有限公司,,391703,0391-,济源市沁园路北段贰仟家汽车城内,"112.614206,35.101848"
1735,兰陵县易立汽车销售服务有限公司,,539011,0539-8027966,山东省临沂市兰陵县兰陵路车管所对面,"118.017353,34.865557"
1736,涿州瑞驰物资贸易有限公司,,312015,03123853319,涿州市城西南街14号,"115.96323,39.48382"
1737,天津中晟达升国际贸易有限公司,,220614,022-65151177,天津市滨海新区新北路创新创业园27A,
1738,佛山市协力顺豪新能源汽车贸易有限公司,,757612,0757-22224166,广东省佛山市顺德区大良广珠公路伦教路段,
1739,苏州翡翠新能源汽车有限公司,,512612,0512-68831218,江苏省苏州市高新区塔园路369-14号,
1740,福建卓然新能源科技有限公司,,591612,4000119088,福建省福州市马尾区宗堂路与儒江路交汇马尾体育馆一层,
1741,浙江日通汽车销售有限公司,,579611,0579-82098999,浙江省金华市金华山旅游经济区赤松镇汽车城西九路14号-2,
1742,安吉创行新能源汽车销售有限公司,,572611,4001016665,浙江省湖州市安吉新客运中心北侧大楼,
1743,贵州荣骏吉新汽车销售服务有限公司,,851612,13985125022,贵州省贵阳市清镇市云岭中路百花新城10幢1层9号,
1744,北京中泽天盛销售服务有限公司,,100615,010-69908788,北京市丰台区南四环中路260号,
1745,天门市天利捷汽车销售有限公司,,728003,5802222,天门市三乡路陆羽汽车城,"113.190856,30.611304"
1746,大庆庞大吉利汽车销售服务有限公司,,459009,1,黑龙江省大庆市让胡路区大庆经济开发区1号街7号,"46.6799,124.8670"
1747,自贡四达翔瑞汽车销售服务有限公司,,813005,3330000,四川省自贡市贡井工业集中区南环路79号,"104.712245,29.334851"
1748,浏阳吉豪汽车贸易有限公司,,731012,0731-,浏阳市花炮大道与浏跃公路交汇处,"113.602162,28.15802"
1749,襄阳英泰隆汽车销售服务有限公司,,710009,3335577,襄阳市春园东路40号,"112.173489,32.090038"
1750,南京赐ㄆ车销售有限公司,,250010,0,江苏省南京市六合区大厂街道世纪汽车城,"118.737144,32.227719"
1751,杭州远博汽车销售服务有限公司,,571020,88023111,杭州市江干区九堡镇德胜东路3339号,"120.283484,30.319087"
1752,湖南兰天兴望汽车销售有限公司,,731013,0731-88840111,长沙市高新区岳麓大道西3599号,"112.795085,28.250635"
1753,宁夏国喜华泽汽车销售服务有限公司,,951014,1,吴忠市利通区世纪大道北侧,"106.229449,38.009558"
1754,长春市佳业汽车贸易有限公司,,431015,18946777007,吉林省长春市经济技术开发区浦东路欧美工业园5号 ,"125.391842,43.864736"
1755,格尔木瑞诚汽车销售有限责任公司,,979002,0979-8457888,青海省格尔木昆仑经济开发区109国道与金川路交汇处瑞诚汽车超市园内,94.96929533；36.37581161
1756,葫芦岛盛泰汽车销售服务有限公司,,429005,1,辽宁省葫芦岛高新技术产业开发区高新七路（拓展中心2号厂房）,"120.83074,40.727315"
1757,南阳市中昊汽车销售服务有限公司,,373009,0377-61295888,南阳市迎宾大道港湾汽车站西,"112.651016,33.026296"
1758,山西卡兰德汽车销售服务有限公司,,354006,03542456567,晋中开发区汇通路鸣李汽贸园（晋中市南棠汽车贸易有限公司院内）,"112.692226,37.736485"
1759,邯郸市乐荣汽车销售服务有限公司,,310008,03105900166,邯郸市丛台区中华大街与北环路交叉口西行600米（荣汇汽车城内）,"114.495954,36.663443"
1760,大兴安岭成功汽车销售有限责任公司,,457002,0457-2139898,大兴安岭地区加格达奇区工业园区（东出口国道北侧）		,"124.19241,50.423471"
1761,玉溪康宏汽车销售服务有限公司,,877005,0877-2665120,云南省玉溪市高新区明珠路135号,"102.5338278694,24.3393935894"
1762,本溪龙驰汽车销售服务有限公司,,240010,024-44818777,本溪市明山区卧龙镇政府上行400米	,"123.864031,41.329185"
1763,营口鑫川汽车销售服务有限公司,,417004,18704170555,辽宁省营口市站前区金牛山大街东89号	,"120.800393,40.734779"
1764,天津港保税区惠驰汽车贸易有限公司,,220017,022-84909588,天津自贸试验区（空港经济区）空港国际汽车园环河北路58号,"117.38271,39.167265"
1765,厦门嘉诚吉祥汽车有限公司,,592011,05923206666,厦门市海沧区马青路1233-7号,"118.018176,24.494511"
1766,兴安盟利丰泰坤汽车服务有限公司,,482010,0482-8515077 ,内蒙古乌兰浩特市融佳建材市场利丰汽车园区 ,"122.02203,46.104514"
1767,新疆乾润诚汽车销售有限公司,,981001,09916652255,乌鲁木齐市头屯河区头屯河区公路2345号新疆天恒基国际汽车文化城,"87.387945,43.899314"
1768,沈阳吉百航汽车销售有限公司,,240016,1,沈阳市大东区北海街16-1号楼,"123.475438,41.836826"
1769,惠州市辰达汽车贸易有限公司,,752006,000,惠州市惠城区三栋镇田心村福长岭村19号,"114.445252,23.015308"
1770,东莞市东申汽车销售服务有限公司,,769016,000,东莞市虎门镇博涌社区358省道社岗路段新虎威工业城1号,"113.692152,22.849901"
1771,吕梁市联动万里汽车贸易有限公司,,358004,13910918633,吕梁市离石区交口镇聚富汽贸园,"111.10301,37.505032"
1772,淄博吉通汽车销售服务有限公司,,533015,13070602443,山东省淄博市张店区山泉路104号,"118.045718,36.772315"
1773,江苏东源汽车销售服务有限公司,,250011,025-52472888,南京市雨花经济开发区雨辉路6号,"118.665515,31.950567"
1776,盐城益昌汽车销售服务有限公司,,515002,15751268989,江苏省盐城经济技术开发区泰山南路11号,"120.231612,33.377992"
1777,沧州运兴汽车销售服务有限公司,,317008,0317-3561234,河北省沧州市新华区津德路石油公司北库北侧,"116.900149,38.369646"
1779,济源市宏升汽车销售有限公司,,391702,6605999,000河南省济源市新济路苗店汽车产业园,"112.615871,35.100854"
1780,大理嘉源汽车销售服务有限公司,,872702,0872-2327369,云南省大理州下关镇开发区泛亚汽车城南面,"100.270843,25.60116"
1781,廊坊市瑞吉伟业汽车销售有限公司,,316005,0316-7161199,河北省廊坊市广阳区东安路188号,"116.743721,39.525146"
1782,嘉兴东悦汽车销售服务有限公司,,573005,0573-82670580,嘉兴市经济技术开发区骏力路与庆春路交叉口西侧3号楼-2,"120.723949,30.726611"
1783,枣庄轩业汽车销售有限公司,,632010,0632-3252999,山东省枣庄市张范汽车城,"117.430533,34.825523"
1784,贵州宏宇嘉和汽车贸易有限公司,,858702,0858-8101966,贵州省六盘水市钟山经济开发区红桥中路20号附2号,"104.920314,26.539936"
1785,淄博吉致汽车销售服务有限公司,,533016,0533-2970055,淄博市张店区山泉大道151号,"118.03472,36.755272"
1786,郑州豪骐汽车销售有限公司,,371018,18903817050,郑州市西三环与化工路交叉口中植汽车城,"113.601411,34.795379"
1787,江西省厚普汽车销售有限公司,,791009,079188585661,江西省南昌市红谷滩新区汽车广场C区3号,"115.842574,28.679767"
1788,鄂尔多斯市福兴汽车销售服务有限公司,,477010,8101819 ,东胜区铜川镇汽贸街和兴汽车城 ,"110.111315,39.797815"
1789,徐州天巡汽车销售服务有限公司,,516012,0516-87870001,徐州市鼓楼区三环东路广山路段下淀工业园A栋,"117.238043,34.284037"
1790,宁波骏泰汽车销售服务有限公司,,574010,0574-56660855,浙江省宁波市鄞州区祥和西路226号,"121.603,29.82589"
1791,西昌市鼎丰车业有限公司,,834010,0834-2512888,四川省西昌市西乡乡古城村二组,"102.212834,27.936951"
1792,广州市鑫欧创汽车销售服务有限公司,,200016,02082608288,广州市增城区新塘镇上邵路段,"113.646436,23.164756"
1793,陕西博豪汽车销售服务有限公司,,290014,18629026859,陕西西安高新区丈八三路26号,"108.882321,34.191903"
1794,泉州高吉汽车销售服务有限公司,,595008,0595-82029966,福建省泉州市晋江市罗山街道缺塘社区和平南路171号豪信汽车城,"118.578611,24.790215"
1795,东阳市吉沃汽车销售服务有限公司,,579012,0579-86817918,浙江省金华市东阳市歌山路77号24-26,"120.213402,29.272419"
1796,盘锦驰敖永吉汽车有限公司,,427004,0427-3221785,辽宁省盘锦市兴隆台区经济开发区中兴商贸园1-25-433-103	,122.050828，41.154483
