DIndex,DEALER_ID,DEALER_CODE,DEALER_NAME,REGISTRATION_NAME,CITY_ID,LONGITUDE,LATITUDE,ADDRESS,SALES_PHONE,AFTER_SALES_PHONE,RESCUE_PHONE,DLevel,city,province
535,b5a8b141-543b-48c2-9183-655c2fa7541b,DHUN02,广汽本田雨花店,长沙盾华汽车销售服务有限公司,2796d146-9c55-41a4-a10c-02c8589ce0fc,113.004,28.1216,长沙市雨花区韶山南路井湾子南行500米（湖南女子大学正对面）,0731-85684266,85311887,5575499,1,长沙,湖南
3,4ebd6a55-f692-428e-a5cc-28331bc6e8a8,DHEN08,广汽本田安华店,河南安华汽车销售服务有限公司,ab702551-c586-4064-8a71-87bf0b401e29,114.409,36.0498,河南省安阳市文峰区光明路与长江大道交叉口,0372-3650000,0372-3651111（3655555）,3655555,1,安阳,河南
4,843dddb1-6eea-4ee8-ab4f-9a730e68c242,DSC025,广汽本田安捷店,乐山安捷嘉信汽车销售服务有限公司,9c9da88d-10ac-42fd-906c-1355e6e02137,103.52781,29.59907,四川省乐山市市中区苏稽镇乐峨路777号,0833-2451363,0833-2450435(2450599),2450436,1,乐山,四川
5,acb29560-7d6c-4515-bc5d-406067987b78,DSXW03,广汽本田安利达店,宝鸡市安利达汽车销售服务有限公司,ddee83a0-a56b-4924-9750-766f83c21286,107.184,34.3694,陕西省宝鸡市东风路51号,0917-3200009,0917-3802890（3215218）,6861920,1,宝鸡,陕西
488,e2e1fbd4-2f44-4511-a3f1-9084f5071c7a,DAH003,广汽本田新站店,安徽天通汽车贸易有限公司,78b44cc0-780c-4044-8d84-7cf788d180a2,117.306,31.888,安徽省合肥市站前路6号,0551-4235666,0551-5260597（5260598）,4235999,1,合肥,安徽
7,71420cd8-8335-4746-ae2b-e4ab1bcc6f91,DAH001,广汽本田安田店铜陵分店,安徽安田汽车贸易有限公司铜陵分公司,9a98f177-fefd-4904-acdc-002fe6aa9ed8,117.813,30.9148,铜陵市铜都大道中段3366号,0562-2625596,0562-2625565,0551-3517999,2,铜陵,安徽
518,2ec36fbd-1f92-4259-9151-1740cbd9e0a6,DGD079,广汽本田易达店,深圳市易达通汽车工贸有限公司,649290cd-c789-4e2b-be5b-15a8ddb595c4,114.059,22.5714,深圳市龙华新区民治街道民康路1号龙华名车广场易达本田店,0755-83113273,0755-83117682,13724300028,1,深圳,广东
10,7c4cf1bb-0de5-4a9c-82c4-d842a63ae460,DJL010,广汽本田奥典店,四平市奥典汽车销售服务有限公司,66a5d8ce-95ef-4494-971e-ffe5973f2957,124.406,43.1581,吉林省四平市经济开发区开发大路740号,0434-6963018（6999000）,0434-6963018（6999333）,6999333,1,四平,吉林
11,938ee1d9-802b-47d7-93e0-da98056ae19e,DHUB08,广汽本田奥赛店,十堰奥赛汽车销售服务有限公司,0b1378a6-1c84-446a-8226-b2a45a926ae1,110.943,33.3573,十堰市茅箭区东风大道31号,0719-8283686,0719-8283691(8761886),8283699,1,十堰,湖北
203,5e495641-bd83-46a9-989a-bc6f59dbe4f3,DGX003,广汽本田华奥店,柳州市华奥汽车有限公司,5c144379-15e4-41bf-85f8-1dc3ea0ac6b7,109.434,24.2855,柳州市燎原路49号,0772-3119666,3117018,3127777,1,柳州,广西
13,d01ae806-4209-4ac0-a7f2-4535e243e6c2,DGX009,广汽本田白马店来宾分店,柳州市白马汽车销售服务有限公司来宾市分公司,28f6c4f5-3476-4285-ad0d-364a60d999e3,109.232,23.7506,来宾市盘古大道中116号,0772-4239111,0772-4277233,2696663,2,来宾,广西
522,0e20d268-41d5-408a-b8a9-7ed51be6d397,DSXW01,广汽本田银光店,陕西银光汽车贸易有限公司,c2eeefc5-01ed-4e3f-9009-51472dbc1ec6,108.935929,34.331992,西安市未央区明光路20号（丰树物流园内） ,029-86281006,"029-8628007,86229000",18991195119,1,西安,陕西
15,e48a9c87-eddf-4033-aaf1-18303fe82708,DJX016,广汽本田百瑞店,江西百瑞汽车销售服务有限公司,49ed550b-c743-460f-9b06-2e8624231efb,114.947117,27.822322,江西省新余市仙女湖区汽车产业园东北路99号,0790-6666650,0790-6666692,0790-6666692,1,新余,江西
561,3f5826d4-57cc-4171-910a-3a8bb74e4262,DBJ004,广汽本田中汽店,北京中汽京田汽车贸易有限公司,2383d31f-1404-4390-ba28-1843b15c59ea,116.228,39.8626,北京市丰台区张仪村甲1号,010-63862888（63860808）,010-63860808,18811059293,1,北京,北京
400,22305214-d55f-460e-8a0d-1a969d0ac0b2,DSC001,广汽本田三和店,四川三和汽车贸易有限责任公司,c0e4dfff-1046-48f1-9b59-977f1560ea19,104.039,30.6009,成都市高新区机场路新加坡工业园区新园南一路2号,028-85175588,85140470,85173333,1,成都,四川
491,e45a66ab-f940-4c1f-802d-486ef3e9bc46,DJS018,广汽本田信安店,张家港市信安汽车销售有限公司,1515c622-96a0-4083-9415-61c4218cbbee,120.579166,31.876958,张家港市杨舍镇人民东路28号,0512-56733161,5818757/56733165,58189618,1,苏州,江苏
21,6b2f3226-bdd4-417a-a99d-77026d20929a,DHUN09,广汽本田宝盛店,湘潭市宝盛汽车销售服务有限公司,ae3bb794-d826-46e2-bfc0-1c3608cd52ef,112.948,27.8519,湘潭市岳塘区河东大道168号汽车城,0731-52511111,0731-52536828（52536878）,2536808,1,湘潭,湖南
314,89936022-88fd-49e3-8dad-18e8887128ab,DGD069,广汽本田骏N店,茂名市大昌行骏N汽车销售服务有限公司,3fb3e0c9-5075-4cf8-82c8-426f3aa5e2b2,110.988,21.5302,电白县水东镇325国道边(那楼村委会办公楼东侧),0668-5698888,0668-5692868,15602516999,1,茂名,广东
23,ba86cc7d-37d1-4837-80ef-bb4f8a3ef8d7,DZJ053,广汽本田宝通店,衢州市通宝汽车销售有限公司,6768dad7-e385-4f59-8f85-0811f6d61772,118.8898,28.934,衢州市浙西大道109号16区1号,0570-3088988,0570-3355055,18005703031,1,衢州,浙江
419,b82500b4-e783-4c30-8bf2-6413206d9a1a,DGD002,广汽本田顺德店,佛山市顺德汽车工业贸易有限公司,8b9d1522-dd4c-4a3d-8942-c86099092a68,113.226,22.8587,佛山市顺德区广珠公路大良新松路段,0757-22383238,0757-22382136(22383231),22383283),1,佛山,广东
277,c63b9eba-282d-42f2-8010-bea08dbb96b8,DZJ007,广汽本田金悦达店,嘉兴市金悦达汽车销售服务有限公司,650362ce-614d-4c46-a3bb-b03d158e7cef,120.761,30.7908,浙江省嘉兴市经济开发区塘汇工业园区中环北路,0573-82222288,0573-82222277（82222299）,82222277,1,嘉兴,浙江
463,3df2984a-0b81-4942-b396-b08779fae62f,DJS043,广汽本田文峰伟杰店,泰州文峰伟杰汽车销售服务有限公司,98da3732-ffb4-4cca-81f4-9e049297ded0,120.078776,32.512498,姜堰经济开发区海姜大道6号,0523-88965888,0523-88983999,0523-88983999,1,泰州,江苏
27,f9c6da72-79c0-4fd6-8287-423f154e2538,DGX008,广汽本田北部湾店,北海广物汽车销售服务有限公司,a00487b7-a5b3-4f1e-80b4-74ca70c9a15f,109.164,21.5033,北海市北部湾东路与南珠大道交汇处,0779-2061123（2063333）,0779-2063369（2062222）,2062222,1,北海,广西
258,6725b6a3-2232-407a-886a-7e1478ae9d95,DSD038,广汽本田金广店,聊城金广汽车销售服务有限公司,443b96d2-16ab-4209-ab81-8d903b96f3a4,116.015,36.4246,山东省聊城市东昌府区湖南路与光岳路交界处南100米路东,0635-8701610（8534111）,0635-8701605,8534555,1,聊城,山东
560,983aa701-9711-4fb4-bcb7-61d208ecfca6,DHEN03,广汽本田智通店新密分店,河南智通汽车销售服务有限公司新密分公司,3184d340-bd66-43dc-a383-bcf52c05e9b8,113.422982,34.540047,河南省新密市嵩山大道东段北侧赵坡新村,0371-85816110,0371-85816110,67642222,2,郑州,河南
571,54c70e72-82f0-4004-b2db-1207d44c0442,DZJ009,广汽本田中兴店,宁波市坤源汽车销售服务有限公司,24d4facb-4970-47cd-aab5-1ae8221860b8,121.566,29.8498,浙江省宁波市江东区中兴南路78号,0574-87849822,0574-87895316（87895229）,87833147,1,宁波,浙江
294,2eccd801-27bf-4d07-96e0-39235f1e6dad,DGD032,广汽本田菊城店,中山市合众汽车销售服务有限公司,d7012ef6-8826-49ab-8e2b-3c46630bcfc7,113.229811,22.650994,中山市小榄镇菊城大道西176号A2-A3幢,0760-22236888,0760-22280889（22288862）,22288638,1,中山,广东
390,31b0c1b7-519c-42a9-86eb-c6d673750c01,DHEB22,广汽本田瑞岑店,廊坊瑞岑汽车销售有限公司,b6de3baa-4eb8-44c1-8446-732519965e6d,116.754814,39.579322,河北省廊坊市经济技术开发区金源道92号,0316-7827777,0316-7827777,15731678884,1,廊坊,河北
506,f1690d0e-6c0e-47de-9759-dbe3daad8c18,DTJ007,广汽本田轩泰店,天津市轩泰汽车销售服务有限公司,b788d78d-b4aa-44b5-9b1b-3d6aceb82d5c,117.117,39.2144,天津市北辰区北辰道2号,022-26806166,022-26806176（26806176）,26806222,1,天津,天津
36,fea90fb8-0061-4a26-a813-a002872a5652,DHLJ05,广汽本田博凯店,牡丹江市博凯汽车销售服务有限公司,e4137daa-46e8-4f00-ae44-560e6e2ba00f,129.633,44.5958,牡丹江市阳明区光华街238号,0453-6368111,0453-6368333（6368288）,6368555,1,牡丹江,黑龙江
38,b56b89e4-ab44-49b3-a818-09293f00dc2e,DZJ020,广汽本田博威店,丽水市博威汽车销售有限公司,125902ae-e525-43dd-9626-971c6c9691e0,119.885,28.4472,丽水市南环西路18号,0578-2528888,0578-2571366(2571666),2529999,1,丽水,浙江
39,0fbfa61b-3ef0-47b9-a42f-c57a0f331f5a,DSD023,广汽本田昌华店,菏泽昌华汽车销售服务有限公司,f2fe07f0-f6aa-40bb-a594-8bec922adcb6,115.407,35.2475,山东省菏泽市牡丹区工业园昆明路中段,0530-5260111,0530-5260003（5260188）,5260222,1,菏泽,山东
538,cb4964f6-d29d-4562-a452-cb26a6f30c81,DJS001,广汽本田雨田店溧水分店,江苏雨田广宏汽车销售服务有限公司溧水分公司,eb56cd7f-a8e2-4864-9538-9939d2b3780a,119.04,31.597,南京市溧水县经济开发区,025-52630808,025-52630808,86916969,2,南京,江苏
487,d9f82e98-c4a7-44e0-ba46-33263007e82f,DCQ001,广汽本田新亚店,重庆新亚汽车销售服务有限公司,82024464-dd04-4d17-8d5d-605bacf798dc,106.492,29.5269,重庆市九龙坡区谢陈路中段3号（汽车研究院旁）,023-68672888,023-68659186(68673988),-,1,重庆,重庆
340,219bc101-61d1-4726-8037-02eb799c1994,DHLJ02,广汽本田龙达店,黑龙江龙达汽车销售服务股份有限公司,a83e4c3c-0001-4057-a06c-05faad7d5adb,126.612,45.6827,哈尔滨市南岗区学府路241号,0451-86699338,0451-86699558-8304（86699108）,86699568,1,哈尔滨,黑龙江
556,5490780c-b90a-4fe9-9a30-086dfe665be9,DGD051,广汽本田志远店,惠州市志远汽车销售服务有限公司,bc75470d-b1e9-4922-93cb-1df7b934c714,114.908,22.7988,惠州市惠阳区淡水镇惠淡大道边（距建设局200M),0752-3819788,0752-3819663（3819733）,13829999078,1,惠州,广东
515,02284f51-504a-4943-80d1-4ea2b81a6c52,DGD041,广汽本田亿俊店,广州市亿俊汽车销售有限公司,a43e001a-e2c5-4fc5-81c1-04f304426519,113.593647,23.127989,广州市增城区新塘镇广深大道西214号,020-82683398/82686200,020-82685555,82685555,1,广州,广东
69,47267515-8ca1-47aa-9841-302655585663,DJS011,广汽本田大长江店,扬州市大长江汽车销售服务有限公司,761504e5-bd30-4fd4-8a35-a3d8b3790f2c,119.42457,32.371369,江苏省扬州市扬子江中路181号,0514-87873111,0514-87858503,87873222,1,扬州,江苏
50,e8e29082-027c-4c9e-a8ef-381acd4fa8b6,DXJ006,广汽本田长永店,伊犁长永汽车销售服务有限公司   ,54c3d069-4824-4249-8221-7210b4ddfaed,81.308538,43.933671,新疆伊犁州伊宁市西城区城西市场218线以南,0999-8888112,0999-8139588,0999-8139588,1,伊犁哈萨克自治州,新疆
430,44802f83-54b0-4446-8cd7-65155fcd720b,DXJ002,广汽本田泰意店,新疆泰意汽车销售服务有限公司,becd09e9-a664-4c09-bbd5-1e305924f8cb,87.5582,43.8172,新疆乌鲁木齐市克拉玛依西路822号,0991-8782228,0991-8777276（8777301）,8772127,1,乌鲁木齐,新疆
564,eb80083c-8b35-4e8d-a7bb-4dc4746daa86,DJL001,广汽本田中升嘉辉店,长春中升汇达汽车销售服务有限公司,b1216182-32b2-430a-850a-9d4c5dc34d4f,125.372,43.8613,吉林省长春市经济开发区仙台大街926号,0431-84673131,0431-84690140（84648933）,84690355,1,长春,吉林
500,ed43fde2-718e-43ef-a73e-2a7798de3bcf,DSXE11,广汽本田兴河店,山西兴河工贸有限公司,bf26f743-b5bd-4e43-8d5d-b9a813d2d26b,112.526,37.9295,山西省太原市尖草坪区大同路261号,0351-3236688,0351-3553567（3550111）,3554888,1,太原,山西
57,e7fe6290-7cc5-4fcc-80ac-0abb27775f35,DGS003,广汽本田诚利通店,庆阳诚利通汽车销售服务有限公司,2dc290b5-2918-45f6-8561-a4f458bcce5e,107.628382,35.771007,甘肃省庆阳市西峰区陇东大道陇东汽车城8号,0934-8611111,0934-8611111,0934-8611111,1,庆阳,甘肃
271,748b40b9-7d14-44d9-9ce1-727a72c61565,DGS001,广汽本田金穗康店,兰州金穗康商贸有限公司,2fe7d95c-a6a7-40ee-8695-a00d69fb8b4a,103.765,36.0868,兰州市北滨河路中路银滩大桥东北侧,0931-7752999,0931-7754082(7754088),7751999,1,兰州,甘肃
59,9ba80a73-e8ab-467c-95da-43f7319ae09c,DGS002,广汽本田诚利源店平凉分店,甘肃诚利源汽车销售服务有限公司平凉分公司,8f04921f-8550-4ac7-8481-33d1a6564279,106.751,35.5252,甘肃省平凉市崆峒区仁河汽配城A区4S-6号,0931-8696861,0931-8699500,8701666,2,平凉,甘肃
60,eb3f607b-7c83-45ff-9dcd-c3012b94424b,DGS002,广汽本田诚利源店天水分店,甘肃诚利源汽车销售服务有限公司天水分公司,432d0e01-20e5-45fe-a6f7-bdd56bcf1933,105.792,34.5794,甘肃省天水市东十里工业园区（银通汽贸院内）,0938-8389506,0938-8389506,8701666,2,天水,甘肃
61,d81bb81f-3ba0-4d8b-9c17-931e12fb93a8,DGX011,广汽本田城东店,百色广缘城东汽车销售服务有限公司,bed7556c-36c3-4c08-9c40-96350a378bc8,106.666,23.8579,百色市城东路大华厂路口,0776-2851800（2882000）,0776-2881899（2832999）,18007769595,1,百色,广西
62,8dbae942-e240-4d4c-aac7-504dcc7e8864,DSXW09,广汽本田驰尔瑞店,陕西驰尔瑞汽车销售服务有限公司,ccc32e77-c4ff-41f3-a650-b083cb79061a,108.676012,34.379817,咸阳市秦都区秦皇北路高干渠北侧汽车大道规划路北侧,029-38013000,029-38015533,029-38015533,1,咸阳,陕西
549,e69b5b5f-b837-4cef-99d1-2e7e1988ece3,DSD053,广汽本田正凯店,潍坊正凯汽车贸易有限公司,b9aad34b-e89f-47b9-9abd-3aa387a36227,119.192031,36.766218,"山东潍坊市寒亭区通亭街以北、甘里堡土地以东第五幢
",0536-2277696,0536-2273111,0536-2273111,1,潍坊,山东
64,7bd3a269-d838-4eb5-b3a3-02de64d0d241,DSC010,广汽本田创诚店,四川内江创诚工贸有限公司,2d2360be-fb51-4c75-bd6d-167389ee612e,105.026,29.5867,四川省内江市甜城大道520号,0832-2203889-1,0832-2203898(2203737),2203892,1,内江,四川
65,1ff27010-90f5-496f-8972-be78e27b3e13,DSC021,广汽本田创诚南湖店,自贡创诚汽车销售服务有限公司,0a3fedb2-899b-4f89-b9d3-ca8ede432dde,104.8048,29.32316,自贡市沿滩新城板仓大道272号,0813- 5385088,0813- 5385003,0813-5385008,1,自贡,四川
366,7234a03a-cc8c-43b6-85fb-96685dca0929,DGD039,广汽本田南屏店,珠海市高野汽车销售服务有限公司,e122548a-1a44-4b79-b7ec-34e1c8d6b1e2,113.471,22.2158,广东省珠海市香洲区南屏镇珠海大道3015号,0756-8696088,0756-8696138（8696677）,8696097,1,珠海,广东
528,75339dcc-809f-428f-8edc-d51484488bb0,DZJ028,广汽本田永田店,永康市永田汽车贸易有限公司,b3b26f8c-3fa3-423d-be3e-05b0831a5ab5,119.998,28.9163,浙江省永康市永康市西城花街东大道111号内5号厂房,0579-87595959,0579-87270807（87201616）,87201666,1,金华,浙江
570,b0007eec-23ee-45a6-8e65-703067b00ee8,DZJ012,广汽本田中田店,湖州中田汽车销售服务有限公司,385989df-b29c-4d12-8e1d-ee7f78240f37,120.066,30.8753,浙江省湖州市杭长桥北路888号,0572-2123791,0572-2123826（2123816）,2123759,1,湖州,浙江
71,c23ec1b2-5c52-47bb-aead-7046ee369834,DGZ006,广汽本田德恒店,铜仁德恒汽车销售服务有限公司,736755cb-a542-4979-9916-79cf394ba716,106.734996,26.902826,贵州省铜仁市碧江区灯塔工业园13号公路旁,0856-8883111,,0856-8883222,1,铜仁,贵州
72,73481615-23ff-4c3d-a7b6-eb05380230bf,DHUN12,广汽本田德元店,怀化德元汽车销售服务有限公司,9ef5bef9-a44b-49b8-b434-8825cf87ecf5,109.967,27.5253,湖南省怀化市怀南路18号,0745-2371777,0745-2361622（2360255）,2362999,1,怀化,湖南
73,41b16f73-50cf-425b-ac73-12ee85dfb8f1,DNMG12,广汽本田鼎龙店,兴安盟鼎龙汽车销售服务有限公司,dc4f8b7e-c773-45e0-9234-547d4ce1aa93,122.048167,46.083757,内蒙古自治区兴安盟科右前旗工业园区天骄路西10号,0482-8782666,0482-8782033,13634795553,1,兴安盟,内蒙古
352,38891d6b-1299-4feb-9837-07ce2b647171,DZJ030,广汽本田路桥店,台州市路桥红本汽车销售服务有限公司,e4b1be86-51f1-4e82-84fd-0584370ae04d,121.388,28.5912,浙江省台州市路桥区泰隆街1388号,0576-82605555,0576-82961718（82482333）,82603333,1,台州,浙江
75,aa126995-9b13-4e7c-9cfd-a68283eaa734,DSXE03,广汽本田东港店,晋城市东港汽车销售有限公司,07c77dfe-a47e-4ff5-9dc4-0129190fe515,112.866,35.4853,晋城市文昌东街1532号,0356-2126459,0356-2127518（2126355）,2126496,1,晋城,山西
514,9e1ef605-6776-43a7-916e-f951b631e3ec,DNX002,广汽本田怡海店,宁夏怡海汽车销售服务有限公司,c492eda4-cdfe-45de-b885-41b31b4c3ee6,106.319,38.5438,银川德胜工业园区109国道东侧26号,0951-8088006,0951-8088015(8088003),13895014898,1,银川,宁夏
395,66770f9f-d2e1-410e-9a08-5039c20b9882,DSXE17,广汽本田瑞N店,运城市瑞N汽车销售服务有限公司,342c0d56-8269-4080-aa02-1f44e95626b9,111.049039,35.087573,山西省运城市机场大道中段北侧（诺维兰汽车公园内）,0359-8893388,0359-8893366,0359-8710968,1,运城,山西
544,9ca2283f-8b18-4ee9-a9b0-2e4b994d4302,DJS028,广汽本田粤鑫店,无锡市粤鑫汽车销售有限公司,d32ac84c-1ca8-40f0-b699-281eeaa3ef8f,120.23758,31.621915,无锡市惠山区江海西路1099号新江南大厦,0510-83593621,81023333(83593633),81023333,1,无锡,江苏
121,8fad1e65-fd4c-45dc-9501-8a5334732485,DHEN25,广汽本田广威店,许昌广威汽车贸易服务有限公司,f0ba17f0-ea05-4a18-8bcb-e8483165692d,113.779332,34.052304,许昌市天宝路西段（许昌县河街乡半坡铺村天宝路北侧),0374-5660787,0374-5660798,0374-5660111,1,许昌,河南
84,95113ca4-1c84-470e-b5d7-3433d3836dcf,DSD048,广汽本田方正店,滨州市臻尚汽车销售有限公司,26e5402f-e89b-4730-998b-511ef5062862,117.946,37.3797,滨州市渤海五路东方红路口往东160米路北,0543-2223888,0543-2190062（2190075）,2220999,1,滨州,山东
456,c56c886c-2109-4f54-8323-9f34b6394c58,DFJ022,广汽本田万事达店,漳州市中润汽车销售有限公司,d12a7ba2-ba51-4969-83c0-186a3da5f19b,117.712768,24.5006908,漳州市龙文区蓝田镇水仙大街与迎宾路交叉口以西,0596-2891333,0596-2891222,0596-2891222,1,漳州,福建
88,75042665-5d51-4892-993f-210006d60e04,DAH014,广汽本田丰源店,安徽亳州丰源汽车销售服务有限公司,348556c1-acd6-424c-8146-b922065c7903,115.794,33.8396,亳州市经济开发区药都大道南彭马社区内,0558-5599766,0558-5599366（5599866）,-,1,亳州,安徽
525,7701826d-bbbe-4461-9351-10d665d6791f,DSH011,广汽本田永达龙东店,上海永达广申汽车销售服务有限公司,c5eef5a9-d27d-49be-b84e-d5de2a9b960c,121.624,31.2262,上海市浦东新区御桥路1441号,021-68795606,021-68795610（68795590）,54368181,1,上海,上海
497,8552e70b-fa5a-4ae9-b6aa-729afdc8f757,DFJ006,广汽本田信田店,福建信田汽车有限公司,4be96784-acfe-4e8a-a2e2-93d2c86435fb,119.341,26.0177,福建省仓山区则徐大道631号,0591-83530775,0591-83530955（83530579）,83530995）,1,福州,福建
555,481d6fb3-1fa0-4ab0-8879-3680d75368d0,DSD041,广汽本田志广德店,青岛志广德汽车销售服务有限公司,e73e8b17-b2d0-46db-a85a-e3750b5c9195,120.067798,36.256773,青岛胶州市海尔大道258号（海尔大道与云溪路交汇处）,0532-87280777,0532-86621999,0532-86621999,1,青岛,山东
92,47d52a49-d7a5-43de-bba6-8224fb5bda9c,DJS005,广汽本田福田店,镇江福田汽车销售服务有限公司,153bf9d5-9aa2-4594-8f01-0bc30cedd821,119.497,32.1812,江苏省镇江市丁卯桥路228号,0511-88899666,0511-88899333(88899555),88899333,1,镇江,江苏
93,61d257f4-dcd4-4b76-816c-950dcff3e0e3,DSXE09,广汽本田福银店,山西福银汽车销售服务有限公司,c7b689bf-6a22-4436-be94-a4d494ae9d70,113.563,37.9191,山西省阳泉市李荫路168号（黄沙岩路段）307复线旁,0353-2117117,0353-2117008（2117000）,2117111,1,阳泉,山西
553,6ca65127-f3d2-407d-85bc-4aded32ce841,DZJ005,广汽本田之田店建德分店,浙江之田汽车有限公司建德分公司,ed3a1864-8f69-403d-9a32-446124e16ad0,119.304,29.499,建德市新安江街道红枫花园商业房6号,0571-64755555,0571-64755555,13306536907,2,杭州,浙江
533,503011d1-88ce-4ea9-82f4-2d8ab2681b61,DHUB02,广汽本田友芝友店新洲分店,武汉友芝友汽车销售服务有限公司新洲分公司,675832f8-56a5-409e-b7f4-6a088ce423f8,114.82,30.835,武汉市新洲区邾城街龙腾大道252号,027-66665288,027-66665388,85888788,2,武汉,湖北
472,8f2e0e18-dbb8-4b6f-9cb5-d343d34b897e,DSD008,广汽本田翔宇店,山东翔宇汽车服务有限公司,107ec61a-2b62-4365-a930-8f871b37ccb5,118.348,35.022,山东省临沂市罗庄区沂河路201号,0539-2966338(7068510),0539-2966355(7068506),15953988570,1,临沂,山东
551,e29cf7f0-c2b0-412c-8cb0-26d8fd036c28,DZJ050,广汽本田正能店永嘉分店,温州正能汽车销售服务有限公司永嘉分公司,612730d2-2b0e-4577-b422-025733dd99bc,120.658,28.0534,浙江省温州市永嘉县瓯北镇塘头工业区新104国道旁,0577-67915888,0577-67912345,13758466666,2,温州,浙江
517,81df1cb3-8740-4697-8dc6-d9dac5ebd949,DGD072,广汽本田邑兴店,开平市邑兴汽车销售服务有限公司,51109128-f5b8-4d38-8898-0a308d64aa28,112.704,22.3911,开平市振华红进村水边开发区1号地,0750-2207568,0750-2207552（2207562）,2215566,1,江门,广东
106,5817f96c-dbfd-4113-823a-6d1a03d3fbed,DJL014,广汽本田广澳店,白山市成邦汽车销售服务有限公司,85766099-5bc3-4d3a-be91-f42217634dc0,126.422589,41.939411,吉林省白山市浑江区浑江大街广厦安居小区1号楼西侧111室,0439-3256655,0439-3261333,13039389555,1,白山,吉林
567,16f8d56f-e8a1-465b-84d9-27ab7185854e,DYN012,广汽本田中升小屯店,云南中升宏达汽车销售服务有限公司,99bb2815-d7d5-4866-b842-596bd7263174,102.670561,25.079964,云南省昆明市高新区小屯汽车城3号门,0871-68368556,0871-68368558,13888318120,1,昆明,云南
111,38e3b96a-664c-48c1-a44a-74b16b7190d2,DYN004,广汽本田广福店德宏分店,昆明浩伟汽车销售服务有限公司德宏分公司,61625e6f-6433-4b05-bf6b-5fa705bf99ae,98.5943,24.453,云南省德宏傣族景颇族自治州芒市团结大街1号,0692-2137658,0692-2197159,4579333,2,德宏傣族景颇族自治州,云南
114,41be2855-27b1-4656-b40c-3c0418ad6d55,DFJ010,广汽本田广骏店上杭分店,龙岩市广骏汽车销售服务有限公司上杭分公司,21ad648c-8941-4f0b-88ef-da647f1a346e,116.394,25.0541,上杭县临城镇西南村塘东组205国道旁,0597-3965661,0597-3965662,13386936700),2,龙岩,福建
382,048c8778-0706-4980-b00c-8ec394bf6030,DHEB19,广汽本田汽荣广店,唐山荣广汽车销售服务有限公司,177f565a-9be8-4f63-a0a8-b6e2edef2b94,118.114954,39.677295,河北唐山市西外环立交桥北侧荣川汽车园区,0315-5125206 ,0315-5125358 ,0315-5125218,1,唐山,河北
527,dac6c2d9-99bf-41de-aeb2-08ed224b900f,DSD003,广汽本田永利店,烟台永利汽车销售有限公司,2593e934-0d5e-472d-b9c2-4610a430937b,121.358,37.4839,山东省烟台市芝罘区机场路18号,0535-6013333,0535-6010011（6010003）,6018995,1,烟台,山东
126,9ed56a5b-8f33-424d-8a7d-6a98d0ba1d0b,DJL013,广汽本田广远店,梅河口市广远汽车销售服务有限公司,e6655388-0f49-4a6b-87d4-a71ff02e3409,125.678048,42.510597,通化市梅河口市北环路长城汽车机电贸易有限公司东侧,0435-4605888,0435-4762333,0435-2349888,1,通化,吉林
120,f81f1a67-293e-4361-a7e4-add931293ce8,DAH007,广汽本田广通店,淮南市广通汽车销售服务有限公司,3a614280-f234-4bf6-be2e-dc954f83de4b,117.014,32.6514,淮南市经济技术开发区南区,0554-3312345,0554-3310927（3312345）,3310000,1,淮南,安徽
122,319902ac-6260-44ac-82c6-c70551eb888c,DGX010,广汽本田广梧店,梧州市广物汽车销售服务有限公司,4abc4687-5e5e-401f-a9d9-f2b64929dcdf,111.239,23.4734,梧州市三龙大道西南侧（玫瑰湖公园对面）,0774-6013888,0774-6013922（6013780）,,1,梧州,广西
123,54fce8bf-a86c-40a1-b1b9-f33f602b720b,DGD066,广汽本田广物兴店,汕尾广物汽车销售服务有限公司,fb7152a6-cd66-4eae-94fb-d58c383123e2,115.362,22.8297,汕尾市海汕公路埔边工业区路段,0660-3412288/3412338,0660-3412366（3412448）,3412333,1,汕尾,广东
204,bd3661c4-d6d5-4ab0-a22c-c17d6d9a878b,DGX001,广汽本田华昌店,广西华昌汽车销售服务有限公司,0a81ffa3-3a2a-42c2-bd7a-d7ef420084f4,108.305,22.7802,广西南宁市江南区白沙大道58号,0771-4517880,0771-4518531（4518530）,0771-4517866,1,南宁,广西
146,2efbbfff-6ad3-43c4-a5e2-e2a3f1d5b3d4,DGZ007,广汽本田瀚羿睿景店,贵州瀚羿睿景汽车销售服务有限公司,eed6247f-b39f-4d2f-b59b-36fd10cb07f8,106.519707,26.567793,贵州省贵阳市沙冲南路200号,0851-3845156,0851-3802333,3802333,1,贵阳,贵州
129,98533b50-c9a7-4d64-aff6-5312d0f67bd7,DGZ002,广汽本田贵和店毕节分店,贵阳贵和汽车销售服务有限公司毕节分公司,cc373428-cc77-4a15-b9f6-6671713b6c1b,105.286,27.2895,贵州省毕节市七星关区瑞丰新城10号楼负二层,  0857-8687000,  0857-8709000,6606166,2,毕节,贵州
323,aea94106-4069-4578-9342-90a8ec0fe113,DGZ008,广汽本田凯和店,凯里贵和汽车销售服务有限公司,92f896ce-a447-4b49-90a4-8c0247f0c862,108.003105,26.587854,贵州省凯里市环城东路570号,0855-8538555,0855-8537555,0855-8537555,1,黔东南,贵州
131,a3a01568-5676-4b2a-b348-f27b884ae766,DGZ009,广汽本田贵匀店,都匀贵匀汽车销售服务有限公司,630f5d12-e427-4976-a979-91d958d2f037,107.512337,26.303112,贵州省黔南州都匀市纬八西路羊场坝茂盛汽车城11#,0854-8192777,0854-8494888,0851-96060,1,黔南,贵州
186,c6f4f447-8fb0-4889-ae45-34c430456109,DJX007,广汽本田红谷滩店,江西盛驰汽车有限公司,94bc62e7-aab9-4320-b7b6-dd368f3e9880,115.845,28.668,南昌市红谷滩红谷南大道2995号,0791-2159221,0791-2159199（82159255）,82159266,1,南昌,江西
501,037e35bf-6888-4335-8d4f-06240bfc3047,DJX015,广汽本田兴康店,赣州兴康汽车销售服务有限公司,df138cc8-b45e-4e10-8fa6-e8fa500a78c7,114.820121,25.7431169,江西省赣州市南康区龙岭镇赣南汽车城内B-02地块,0797-6593888,0797-6593999,0797－6593119,1,赣州,江西
138,a9ab2107-58a7-4244-aa7b-18d04cfe3c5d,DNX004,广汽本田国喜浩瀚店,吴忠市国喜浩瀚汽车销售服务有限公司,0b6c7036-4dff-4022-8635-1a0507d58e61,106.22731,38.00898,宁夏吴忠市利通区世纪大道以北、东兴街西侧汽车工业园,0953-6582999,0953-6582777,0953-6582777,1,吴忠,宁夏
139,cdba4a79-5053-46ab-86de-23f7aebad669,DJX006,广汽本田国鑫店,上饶市国力骏达汽车销售服务有限公司,ec1998dc-0912-4f1c-af8d-331cfbad91d1,117.895,28.461,上饶市三清山西大道62号（月亮湾汽车城内）,0793-8462888,0793-8459252（8466066）,-,1,上饶,江西
140,7f4a22ab-b890-4e4d-ad8c-cd2a902ac665,DJX009,广汽本田国忠店,吉安市文峰汽车销售服务有限公司,3669bf4d-f083-4a72-acee-d2bf900d2e04,114.976,27.1623,江西省吉安市城北高速连接线长塘镇路口文峰汽车城,0796-8285555,0796-8285666（8285967）,8285666,1,吉安,江西
415,e46afe23-8f7a-4316-a651-e37d95cf7f8f,DFJ009,广汽本田盛元店同安分店,厦门盛元汽车有限公司同安分公司,3f31d1a4-5cef-4bc9-9ee9-cd62cf85aba2,118.15,24.7077,厦门市同安区同集北路999号一层,0592-7191958,0592-7191950,5077995）,2,厦门,福建
566,ef1b055c-56f2-421a-b460-de95325e2742,DHAN03,广汽本田中升美兰店,海口中升汇达汽车销售服务有限公司,c224630b-e7b4-44d1-acbc-a5f7e3540886,110.413,19.9911,海南省海口市琼山大道289-3号嘉华汽车城,0898-65784640,0898-65784923（65784941）,65784911,1,海口,海南
476,5d86549a-4693-4f77-9fb0-ef29b3c31fd4,DJS033,广汽本田新城店如东分店,南通新城市汽车销售服务有限公司如东分公司,e420f84b-51dc-404f-9074-f204ffc0cdee,121.174,32.3507,江苏如东开发区新区黄山路渭河路交界处,0513-68920000,0513-68920001,80186999,2,南通,江苏
144,a14253f5-90a8-4821-9070-df79c61a7715,DQH001,广汽本田邯海店,西宁邯海汽车销售有限公司,ea0607bf-2b84-42a2-a399-1df605d3c83a,101.854,36.5835,青海省西宁市城东区互助东路22号（韵家口高速公路出口处西侧200米）,0971-8010000,0971-8010387（8012898）,8018000,1,西宁,青海
145,18849d24-251f-403d-9a29-fb5d4fbab435,DQH001,广汽本田邯海店格尔木分店,西宁邯海汽车销售有限公司格尔木分公司,d231f2e1-5cc7-4acd-a320-69026f55c8e7,94.9539,36.3918,格尔木市昆仑经济开发区,0979-8417000,0979-8417000,8018000,2,格尔木,青海
191,717d3a1c-2684-4536-b802-07cdb86aa0c7,DHUN05,广汽本田宏骏店,株洲市宏骏汽车贸易有限公司,25f168d4-ee66-46a7-ad8f-5e0c72453c65,113.118,27.8412,湖南省株洲市天元区湘山路18号,0731-22869928,0731-22869738（22869938）,22869789,1,株洲,湖南
452,b9cf8c19-c648-4ba5-b618-c6112927da1d,DGD052,广汽本田莞樟店塘厦分店,东莞市骐骏汽车销售服务有限公司塘厦分公司,3211adb8-abdf-4e59-b8ff-d2892fed8fe5,114.111,22.851,东莞市塘厦镇林村新阳三路5号,0769-39002800,0769-39002500,82115149/13829155149,2,东莞,广东
150,6fbb5660-24b6-4216-a109-86075f1e579c,DJS025,广汽本田昊丰店,淮安昊丰汽车销售服务有限公司,fda7c0de-5e12-427a-811a-4738295d6a19,119.057,33.5895,江苏省淮安经济开发区深圳路10号,0517-83722118,0517-83722120(83722117),83722119,1,淮安,江苏
503,14950ac5-c953-47f2-bc71-9a5b9d49dc66,DZJ031,广汽本田兴田店,绍兴兴田汽车销售有限公司,b9f791a6-8636-4e0c-883f-94e2decb4f2f,120.504,30.0944,浙江省绍兴县钱陶公路以南湖中路以东,0575-84786789,0575-84781833（84781832）,84781919,1,绍兴,浙江
154,ecec1039-a875-47fc-9244-a644e65bfdd8,DJX010,广汽本田合诚店,宜春合诚汽车有限公司,86e24485-4169-42da-8a22-fd79e8606821,114.386,27.8662,宜春市马王塘开发区龙船岭,0795-3669666,0795-3669661（3669665）,-,1,宜春,江西
275,c19e0487-e56e-48ba-a478-e1e6c52a46a1,DGD016,广汽本田金田店,汕头市粤东汽车有限公司,ebbe3646-f66f-4175-8347-e783161cbf08,116.721,23.3932,广东省汕头市春源北汕汾公路与衡山路交界,0754-88859663,0754-88859122（88850910）,13929622833,1,汕头,广东
160,19e9c322-7dd9-4742-bc97-3acede28577a,DJX011,广汽本田合信店,抚州合信汽车有限公司,967a672c-450d-4dec-9533-ec177a6854fd,116.375,27.9457,抚州市金巢开发区安石路288号,0794-8769777（8769003）,0794-8769002,-,1,抚州,江西
162,8f5f15fc-93e3-4e59-861e-e76c52453519,DGZ003,广汽本田和骏店,遵义市金峰汽车贸易有限公司,7be2ab84-1bee-45e2-a506-53946aa65e1a,106.878,27.6335,贵州省遵义市遵南大道北段药业园区内,0852-8431112,0852-8429358(8429996),8430009,1,遵义,贵州
437,2748039c-aae0-492c-bd80-871c2efb86ea,DLN004,广汽本田天合店海城分店,鞍山天合汽车销售服务有限公司海城分公司,a7c9a9f6-3291-4fc5-831f-8b6dceffecf3,122.748,40.8339,海城市响堂管理区箭楼委690号,0412-3218005,0412-3219003,8243335,2,鞍山,辽宁
574,ebea3287-0d1a-465c-a214-cf5f1d32b0ee,DHUN18,广汽本田卓越店,衡阳市卓越汽车销售服务有限公司,b8ff0adc-9eb2-45ee-8a57-3d6f5689f219,112.566785,26.8840537,衡阳市蒸湘区西外环路杨柳汽贸城,0734-8709666,0734-8593666,18397716635 ,1,衡阳,湖南
166,f0433a62-7eb3-4307-a86b-37d2a4a5e7bc,DHLJ03,广汽本田鹤达店,齐齐哈尔市鹤达汽车贸易有限公司,9d5fd0e6-24dc-4fbe-ba90-113febd75c1b,124.035,47.3381,黑龙江省齐齐哈尔市铁锋区联通大道86-8号,0452-2523399,0452-2533555,2533555,1,齐齐哈尔,黑龙江
241,23884867-88ea-4904-ba19-48b07f4c6638,DJS021,广汽本田吉田店滨海分店,盐城市吉田汽车销售有限公司滨海分公司,98604474-8418-4e88-9de6-67a02147c564,120.027,34.0923,滨海县城东明建材家居广场A2号楼,0515-84111188,0515-84113377,88113888,2,盐城,江苏
492,e4a187ff-e428-4fe0-8e16-e67802a5df20,DHEB15,广汽本田信昌盛远店,河北信昌盛远汽车销售服务有限公司,72537fc9-185f-4e33-81f9-12f675376046,114.541,38.074,石家庄市北二环东路86号(北二环与建华大街交叉口东南角),0311-85681777,0311-85671185(85680606),85651111,1,石家庄,河北
171,fd9f9c46-68a3-4122-9f41-ef1886a32c09,DSC014,广汽本田恒富店,四川恒富汽车服务有限公司,44432a40-162e-42ff-b36c-068e09abcd0c,103.848,30.0584,四川省眉山市东坡区二环东路28号,028-38186818,028-38192186(38191666),38191666,1,眉山,四川
386,f3fd6764-853d-4fd1-b24f-284587fcbef0,DSD049,广汽本田仁信店,淄博仁信汽车销售有限公司,5f6216aa-64ae-4946-9244-ee593d616b45,118.04416,39.904214,山东省淄博市张店区山泉路106号,0533-7984000,0533-7985000,0533-7985000,1,淄博,山东
173,ff09e26f-bc40-4ccc-9edb-fe5e3738d086,DSXW12,广汽本田恒力店,榆林市恒利商贸有限公司,5dc9dd6c-8c98-4744-80f3-6d33f0d2791b,109.734,38.2737,陕西省榆林市高新区北辰路,0912-3357999,0912-3368116（3368007）,3368119,1,榆林,陕西
174,fe5fc319-574d-4477-97b7-49b2e59774f6,DHUB11,广汽本田恒龙店,恩施恒龙汽车销售服务有限公司,4ef1884c-2526-467a-b097-3c1d0a413eed,109.476,30.3279,恩施市红庙下官田施州大道614号,0718-8412111,0718-8415522(8414445),13986849995,1,恩施土家族苗族自治州,湖北
175,06c534ba-a82c-4166-987c-8f9b1a8b6d11,DJX002,广汽本田恒明店,九江恒明汽车贸易有限公司,81475ec7-436a-42ee-ba81-8c9288d8b62f,116.013,29.8566,江西省九江市开发区国际汽车城西侧,0792-8590888,0792-8590011（8590005）,8590666,1,九江,江西
176,1eea42c8-6ca8-4829-83fa-ee0404945138,DAH006,广汽本田恒新店,安庆世纪恒新汽车销售服务有限公司,250682b1-995d-47b8-b473-bb5e97537571,117.049,30.5592,安徽省安庆市中兴大街209号,0556-5305777,0556-5305000（5305828）,-,1,安庆,安徽
177,e5623129-9a91-4994-85e0-04453483ba3f,DAH006,广汽本田恒新店池州分店,安庆世纪恒新汽车销售服务有限公司池州分公司,61bfbbe5-bf94-4575-a036-b739f05cd004,117.494,30.66,池州市站前区汽车集聚区,0566-2829111,0566-2829911,-,2,池州,安徽
178,93d4d2a0-9332-4b02-97ed-d2464ac362ce,DHUB16,广汽本田恒信德龙店,咸宁恒信德龙汽车销售服务有限公司,8f4eaef4-7fff-4c56-94f5-303497b5c80f,114.31,29.8869,湖北省咸宁市咸安区桂香大道特9号 ,0715-8318666,0715-8618908(8618102),13477779000,1,咸宁,湖北
183,4a711067-bc8d-4722-9851-7569d6a43e66,DHUB19,广汽本田恒信致远店,宜昌恒信致远汽车销售服务有限公司,d01b2557-61e3-444d-8e74-dcd05bd36fdc,111.32,30.717,湖北省宜昌市东山开发区发展大道39号,0717-6342261,0717-6368333(6368000),6342262,1,宜昌,湖北
182,dfbf06c7-8741-42d7-a241-aca44d14613f,DGZ010,广汽本田恒信致胜店,安顺恒信致胜汽车销售服务有限公司,157e0222-9db8-4cfa-806a-5fa67e62f8d9,106.060017,26.197377,"贵州省安顺市西秀区产业园区两六路恒信汽车城内
",0851-33604111,0851-33604222,17708531880,1,安顺,贵州
260,8eb3cc9f-66d9-4865-a05a-0abe464fe9e9,DLN011,广汽本田金驹店,营口市金驹汽车销售服务有限公司,5c72128f-0203-462e-81e5-b2ff88875fe2,122.285,40.6765,营口市站前区工农路77号（立交桥南行1500米）,0417-3844677,0417-3842677（3844877）,3842622,1,营口,辽宁
187,d78adeed-d70d-4da2-aeec-0fc21e5358fc,DNMG05,广汽本田红山店,赤峰市兴和汽车贸易有限公司,e6db138e-0af7-411c-a6bc-22c1aa620f3f,118.935,42.3082,内蒙古赤峰市红山区桥北物流园区赤锡路133号,0476-8772208,0476-8772206(8772208),8772206,1,赤峰,内蒙古
351,6931b6f3-e16c-47b4-9365-929f22b7a432,DLN001,广汽本田路安店,辽宁路安汽车销售服务有限公司,756139fa-609c-43da-a13c-6a1b1dfc2c8c,123.498,41.8127,辽宁省沈阳市大东区东陵西路6号甲,024-88447118,024-88440128,88440128,1,沈阳,辽宁
192,66609354-266d-4abb-a556-339329655be4,DSC008,广汽本田宏源店,泸州宏源汽车贸易有限公司,4f7fcfd3-e46f-415a-aaa6-651924c834f6,105.437,28.8865,四川省泸州市江阳区连江路二段4号,0830-3108769,0830-3121338(3108769),3115699,1,泸州,四川
193,a196a4eb-8c89-4cc3-bc53-a1267cb126f5,DHEN29,广汽本田泓源店,焦作市泓源汽车服务有限公司,b68940f1-2825-4ea0-9ecd-2e8f8af1405c,113.275157,35.231011,焦作市人民路与山阳路交汇处西南角,0391-3556738,0391-3556709,0391-3556709,1,焦作,河南
479,767acb6e-068f-4bae-a88c-aca188835220,DSD019,广汽本田新广源店济阳分店,济南新广源汽车有限公司济阳分公司,cf1f73ad-638c-4922-aa25-ebfc671529a5,117.188,36.9767,济阳县济北开发区富阳街南侧中小企业孵化园（西区第一排第一栋楼房中三间）,0531-89737766,0531-84232223,89737799,2,济南,山东
350,cef80f17-9b06-426a-9215-8f87a32bd696,DSD024,广汽本田鲁宁店,济宁华田汽车销售服务有限公司,6a97cf2a-75c7-4dd3-a986-cbf85337fd0d,116.657,35.4022,山东省济宁市任城区三贾办事处经济服务园区内,0537-2560888,0537-2612222（2659877）,2658998,1,济宁,山东
196,9a0f4916-4e52-4970-99db-6bc31f2034e2,DSD018,广汽本田鸿润店,莱芜市鸿润汽车销售服务有限公司,5af7a037-a414-420b-b3a5-7c399ff51862,117.702,36.2041,莱芜市凤城东大街194号,0634-8811166,0634-5612999（8811188）,5612999,1,莱芜,山东
230,b6fe58d9-64f5-450b-b4a9-1bf42951b063,DHUB18,广汽本田汇捷店,襄阳汇捷汽车销售有限公司,63fed7bd-729a-4c5d-96c8-5ef88c003449,112.267505,32.137747,湖北省襄阳市高新区深圳工业园富康大道与苏州大道交汇处,0710-2356666,0710-2358999,0710-2358999,1,襄阳,湖北
466,636d36b7-157d-42b5-bac0-efa03b29001d,DHEN22,广汽本田卧龙店,南阳宏运汽车销售服务有限公司,1fcd2636-0317-40a2-bcab-21c99fa2537c,112.502,32.9806,南阳市卧龙路与北京大道交汇处南200米路东,0377-68837777,0377-68831111,0377-68837799,1,南阳,河南
372,3c451c1f-09ac-4686-8d0f-0961ef33c37a,DHEB16,广汽本田庞大龙腾店,沧州庞大龙腾汽车销售服务有限公司,24c6e82c-79cd-4d34-9c71-da56e5674d87,116.817243,38.287351,河北省沧州市运河区西外环东侧大杨庄北,0317-5675008,0317-5675009,0317-5675009,1,沧州,河北
211,45328383-f7b6-4213-a8b6-5669a1697055,DJX005,广汽本田华健店,江西华健汽车有限公司,8aaae208-727d-4f8b-944a-3534ce1f1be8,114.013,30.8225,江西省萍乡市安源新区319国道与萍高公路交汇处,0799-6232222,0799-6679992（6232222）,6667999,1,萍乡,江西
563,708462a7-e738-4505-90ee-66b341b6b932,DLN006,广汽本田中升宏达店,大连中升宏达汽车销售服务有限公司,99a5052b-352c-4ec9-827b-8d84ccbda6f3,121.572,38.9656,辽宁省大连市甘井子区山东路82号,0411-39767901（39795000）,0411-39797931（39767966）,13591353678,1,大连,辽宁
213,e89f04d8-cfe6-40ea-8c8a-98111a73d03f,DSXE13,广汽本田华吕店,山西申银汽车销售有限公司,e0977578-1984-4986-a448-cc1b163986a2,111.214431,37.533289,山西省吕梁市离石区田家会街道办（高速东口往东1500米）,0358-8333666,8330688,-,1,吕梁,山西
214,7122f292-4239-4911-ad52-76bf859451a2,DFJ024,广汽本田华美达店,福建南平市华美达汽车销售服务有限公司,b94f7d3a-579c-446a-a822-54e451969ffc,118.134159,27.346044,南平市建阳区童游街道南林海西林产工贸城,0599-8518888,0599-8513333,0599-8513333,1,南平,福建
215,05458639-1889-478b-a864-fa69c2c8852a,DHUB13,广汽本田华神店,随州华神汽车销售服务有限公司,64d4ea29-5196-4839-8b17-6680d7fc3328,113.425928,31.708993,随州市高新区季梁大道和编钟大道交汇处,0722-3587555,0722-3587559(3587558),3587558,1,随州,湖北
217,2167dc43-d4be-489f-ad4d-4d5989d6b255,DGX007,广汽本田华盛店,贵港市华盛汽车销售服务有限公司,abd72f42-531a-408c-8d88-fe8298aef298,109.565,23.1069,广西贵港市金港大道西段1007号,0775-4578266,0775-4578255（4578377）,4578355,1,贵港,广西
222,6bc4492e-56e6-4f7c-90a0-4e699141c10f,DLN007,广汽本田华兴店,辽阳华兴汽车销售服务有限公司,7f0e13c1-d88f-405c-9471-7148f8653229,123.127975,41.314374,辽阳市太子河区小祁家村南、繁荣大街北,0419-2308888,0419-2301111,2301111,1,辽阳,辽宁
223,cd202d6d-6ac4-4b65-b9e2-78d861e8c134,DHLJ13,广汽本田华业店,大庆广物汽车销售服务有限公司,151269c5-7e99-408d-aade-34ef0f19ff9a,125.147,46.5611,黑龙江省大庆市高新区汽车工业庆新大街3号,6632666,6051666,15845963090,1,大庆,黑龙江
224,1893d70a-eac5-4083-9759-d0ff5d26015d,DHUN15,广汽本田华溢店,益阳市华溢汽车销售服务有限公司,c230043d-a438-43ec-b0e2-99743777c0e1,112.385,28.5782,益阳市十洲路（赫山地税局北侧）,0737-2179988,0737-2179966（2179977）,2179999,1,益阳,湖南
233,1d94ea90-41ec-433f-b6d9-cf6d396b7648,DHUN06,广汽本田汇田店,郴州市汇田汽车销售有限公司,35f266dc-9b96-407f-8d9f-27fbb5cf3962,112.953,26.1431,湖南省郴州市香雪路56号,0735-2152288,0735-2152492（2157183）,2151000,1,郴州,湖南
236,a10bd361-1106-49ba-89c8-d8f980935f51,DGD040,广汽本田汇源店连平分店,河源市汇源汽车销售有限公司连平分公司,6a3e31e9-4271-440f-bc7e-55969b4b93f1,114.508,24.3432,连平县元善镇石龙村地段,0762-4282118,0762-4282116,3361666,2,河源,广东
237,2d3b6686-f86c-42c7-b5b7-b0ef9723d311,DSD044,广汽本田汇志店,山东汇志汽车销售服务有限公司,d09d81d3-408a-4b1b-a923-7dc5965eb9e1,117.199141,35.119718,山东省滕州市龙泉北路1331号,0632-5835888,0632-5835555,0632-5835555 ,1,滕州,山东
238,f4a1654c-253c-420b-8fca-27ff0c7624c4,DYN013,广汽本田惠恒店,大理惠恒汽车销售服务有限公司,583bce8d-1f45-4af7-b33c-b1a8b9cc46ab,100.310669,25.614477,云南省大理市凤仪镇千户营村丰赢汽车城内,0872-2475888,0872-2475666,0872-2475666,1,大理,云南
239,0901a82b-9f7f-4a6f-9e8d-0566ed2314b6,DYN006,广汽本田惠田店,红河惠田汽车经贸有限公司,58475e50-c93b-4af0-8436-5fd460e94214,103.363,23.3768,云南省红河州蒙自县北京路中段,0873-3812333,0873-3812111（3812338）,-,1,红河哈尼族彝族自治州,云南
247,b0e0d2a6-0a46-4190-bcf0-2cf4311a8d56,DSC026,广汽本田嘉程佳信店,绵阳嘉程佳信汽车销售服务有限公司,2748c9c0-a2df-45c3-b509-e87ec404fd28,104.741776,31.504357,四川省绵阳市涪城区长虹大道北段135号,0816-2691122,0816-2692211,0816-2692211,1,绵阳,四川
250,80eda5ec-7248-4ad4-81a1-44b45d14a4d1,DSD043,广汽本田嘉琪店,枣庄嘉骐汽车销售服务有限公司,7d45f0aa-a461-4f18-9f02-78d2224f3c1b,117.28,34.8084,山东省枣庄市高新区光明西路455号,0632-8633881,0632-8633882（8633887）,8633111,1,枣庄,山东
490,bc5a6f65-a7bd-43b9-94b1-8552a040826d,DJS026,广汽本田鑫田店,常州鑫田汽车销售服务有限公司,97b7cb3d-75fe-422d-a7ff-fb010ac84e7f,119.954,31.6977,江苏省常州市武进区湖塘镇汽车城A区2号,0519-88882626,0519-86529509(86529556),88880110,1,常州,江苏
507,1bb8b28f-1600-49be-8dd6-12de9101bcf0,DHEN15,广汽本田迅利店,洛阳迅利汽车销售服务有限公司,1f11740e-bf5d-41da-8238-c94c47c00695,112.625,35.9554,洛阳市洛龙区开元大道与杜预街向南200米,0379-68622333,0379-65272682（65272299),68622666,1,洛阳,河南
298,8cc94da6-5689-4ffc-9196-753f2f41e690,DGD055,广汽本田聚源店普宁分店,揭阳市聚源汽车销售服务有限公司普宁分公司,1a8512ab-6db3-42f2-869c-718c376b5a02,116.195,23.3128,普宁市环城北路大林路段,0663-2666000,0663-2666111,8695111,2,揭阳,广东
389,1429fc28-e98a-4fb4-b006-180d073ea603,DHEB20,广汽本田锐安店,保定锐安汽车销售服务有限公司,7f70e3b3-8c41-48ed-92fb-5cd18e0523ef,116.035523,39.912117,保定市莲池区东二环539号,0312-2126000,0312-2126066,13171900667,1,保定,河北
263,1cde8217-61b8-4a86-9809-1e69dc89c102,DHUB14,广汽本田金沙鄂东店,黄冈金沙汽车有限公司,a47c1c76-c7c6-4af8-b442-b63b6ea5e6cc,114.901,30.4629,湖北省黄冈市黄州区赤壁大道96号,0713-8812800,0713-8811066(8812727),8811999,1,黄冈,湖北
264,e04da398-6def-4ca3-ad0b-17ae2cc8bbfa,DHUB14,广汽本田金沙鄂东店鄂州分店,黄冈金沙汽车有限公司鄂州分公司,bb6cd389-af49-4412-b3b0-6da584bce4b8,114.878,30.3885,湖北省鄂州市花园路五里墩汽车综合市场10号楼1层商铺（东至西3间）,0711-3351008,0711-3350838,8811999,2,鄂州,湖北
450,030de89c-91af-4d4b-9281-5d4f497d6008,DJS037,广汽本田铜山店,徐州沪彭金田汽车销售服务有限公司,386cb362-8938-48db-8db7-798532b1466b,117.171,34.1526,江苏省徐州市铜山经济开发区北京路南首,0516-85530000,0516-85530028(85530022),85530000,1,徐州,江苏
270,4a5f1539-6623-4c65-8577-22f90c38c3b0,DHEB11,广汽本田金时店,承德市金时汽车贸易有限公司,49e35f64-b953-464e-a075-f833c5baa5f8,117.879,40.9881,承德市双桥区高庙路北（西站对过）,0314-5926868,0314-2189999(5926868),2189999,1,承德,河北
272,6ad4d641-46a7-4e1c-9f67-ca9b38d9d0cd,DGS001,广汽本田金穗康店嘉峪关分店,兰州金穗康商贸有限公司嘉峪关分公司,5d022163-eb00-4e7f-be8f-ef6ae7b60469,98.3467,39.7766,嘉峪关市工业园区金港路西侧,0937-6391515,0937-6391585,7751999,2,嘉峪关,甘肃
273,76432277-0cf4-4d13-941d-1afb23b6badc,DGS001,广汽本田金穗康店临夏分店,兰州阜康金穗汽车销售服务有限公司临夏分公司,39276f32-4979-47fe-8810-929e74648fa8,103.221,35.5862,临夏市南滨河路中段,,,7751999,2,临夏,甘肃
274,630b6b22-2c5a-4e7e-80d2-2b26e058f0a4,DGS001,广汽本田金穗康店张掖分店,兰州金穗康商贸有限公司张掖分公司,9659b738-e4f9-4130-bfc5-5f5d3b71a379,100.477,38.9533,张掖市甘州区东北郊工业园区昆仑大道东侧乌兰路北侧,0937-6391515,0937-6391585,7751999,2,张掖,甘肃
279,d8adfe72-9da5-4a93-b4e4-d0f6fd10f4cf,DHEN33,广汽本田锦昌店,开封市锦昌汽车销售有限公司,dba06b3d-03f2-4b8a-bbc4-9c53b30aca4c,114.309566,34.809002,河南省开封市金明大道与连霍高速交叉口北800米路西,0371-22665996,0371-22665969,0371-22665969,1,开封,河南
280,0d8f33cc-d6d5-4a3f-b280-b15f73f6ad38,DHUB06,广汽本田锦发店,黄石市锦发汽车销售有限公司,6dc2f73c-1b4b-4ccc-b78e-5e1e46b67c3b,115.048,30.2505,湖北省黄石市花湖街道办事处锁前社区大泉路31号,0714-6517800,0714-6517877(6526666),13995952233,1,黄石,湖北
283,672bbcc9-5d05-4e91-be2e-4defa91b03e0,DHEN26,广汽本田锦瑞店,商丘市锦瑞汽车销售服务有限公司,29873ad6-2909-4263-9c0c-9b683c306f8b,115.56296,34.45084,商丘市梁园区金桥路与锦绣路交叉口向北200米路西,0370-2967967,0370-2967967,0370-2967967,1,商丘,河南
285,a0b076e5-5db1-466c-aa04-7f33deb5a388,DHEN30,广汽本田锦祥店,平顶山市锦祥汽车销售有限公司,ca96a953-f54f-49a6-8e77-4a940cd193d4,113.367894,33.739184,河南省平顶山市建设路东段建设路与公园街交叉口西南侧657号,0375-3985777,0375-3986777,0375-3986777,1,平顶山,河南
286,cdad9e72-bc5f-41af-bfe1-535745c0c4d5,DLN005,广汽本田锦州店,锦州市欧亚汽车销售服务有限责任公司,971bf959-9d6e-4981-9621-2cb2a658e6bb,121.139,41.0821,锦州市高新技术产业园区光彩市场东侧,0416-3892008（3789999）,0416-3219999,3219999,1,锦州,辽宁
287,91a7001c-1843-4d5d-ba3c-ca424ae987f2,DAH017,广汽本田经开区店,宿州融申汽车销售服务有限公司,0355191c-4ca3-4903-92c3-4bcb90eac00d,116.966,33.6039,安徽省宿州市经开区西昌南路与外环南路交叉口往南600米,0557-2987779(2987766),0557-2987769,2987766,1,宿州,安徽
543,3b463954-c75f-4f51-aac8-431e780758e5,DFJ012,广汽本田远通店,石狮市远通汽车销售服务有限责任公司,ae37878d-e747-45e8-803c-676c3f00a36d,118.652,24.7427,石狮市濠江路与宝岛路交叉口(一中东侧),0595-88556222,0595-88617700(88619911),88556000),1,泉州,福建
290,ae787a29-7292-41a6-9f51-480895ed5c46,DHUN20,广汽本田九城宝盛店,湘乡市宝盛汽车销售服务有限公司,4b8d896c-6796-479a-a75d-75322d35e914,112.500581,27.7631531,湖南湘乡经济开发区湘乡大道26号,0731-52733333,0731-52688000,0731-52688000,1,湘乡,湖南
291,995af4c3-a326-4356-b8d6-df49cc46af1a,DHUN23,广汽本田九鼎店,张家界九鼎汽车销售服务有限公司,722aa96b-d1d0-488b-8588-a132360807d8,110.580654,29.138889,张家界市永定区阳湖坪工业园九城汽车大世界,0744-8586777,0744-8535777,0744-8535777,1,张家界,湖南
376,6624d1f4-c55e-42c8-bbf5-179cb0610dee,DFJ007,广汽本田莆田店仙游分店,莆田市九牧汽车服务有限公司仙游分公司,a922a2db-df65-4a2a-8482-261f8d881026,118.719,25.3533,仙游县鲤南工业园区,0594-8056666,0594-8069988,2883199）,2,莆田,福建
293,f0c10a08-f30b-4263-949f-169324f30116,DFJ025,广汽本田玖龙店,三明玖龙金鼎汽车销售服务有限公司,6649dbc7-80e0-4fe7-9ce9-39feef72c1b4,117.824214,26.390216,福建省三明市沙县虬江街道洋坊村（205国道旁）,0598-5636666,0598-5631555,18859811339,1,三明,福建
496,c4db8b78-fdeb-43c1-957b-5577225f0b2f,DHEB21,广汽本田信盛中天店,邯郸市信盛中天汽车销售有限公司,3d77d4c6-6b6d-4819-a132-e486eb987821,114.476465,36.654931,河北省邯郸市复兴区北环路88号现代（邯郸）国际汽贸城汽车4S店3-10号,0310-5515555,0310-5520997,15932795623,1,邯郸,河北
321,3cd95b98-62fc-4b17-ad57-e5c96fe17082,DGD083,广汽本田骏英店,英德市骏英汽车销售服务有限公司,6652c79b-9b24-46ac-99a2-a36101152104,113.419999,24.204175,英德市和平北路东北江三号路西,0763-2200009,0763-2200005,18938625289,1,清远,广东
546,6f1778a8-9ddd-4ccb-a1a1-d7f0539af8be,DGD009,广汽本田湛江店吴川分店,湛江市骏凯汽车技术服务有限公司吴川分公司,bf8cf15f-95b1-48de-86a0-7e1d9a795869,110.79,21.4186,吴川市325国道旁创业路井头村1号,0759-5581289,0759-5581282,3310908,2,湛江,广东
310,f2f30810-0f1b-4df6-84f3-f318c43ef32d,DJS012,广汽本田骏力店东海分店,连云港骏力汽车贸易有限公司东海分公司,85f35bd1-c5dd-4f61-a288-9ec30bf4ee42,118.774,34.5358,连云港市东海县牛山镇富辰路东港公司东侧,0518-87780123,0518-87780123,85818333,2,连云港,江苏
311,273f1bc4-4968-4aaf-8911-ed68d0f00828,DXZ001,广汽本田骏马店,西藏骏马汽车销售服务有限公司,9da21a0a-e64a-4c03-8782-7e29dacfe040,91.0936,29.6485,西藏自治区拉萨市金珠中路8号（西郊客运站斜对面/纪念碑西100米）,0891-6824059,0891-6824060（6822018）,6825000,1,拉萨,西藏
356,aee132b6-c0ef-45ed-88fc-657053cbf475,DGD029,广汽本田梅州店五华分店,梅州市嘉骏贸易有限公司五华分公司,cdd9a74e-31dc-4aff-92b8-c427a4c0de64,115.768,23.9222,五华县水寨镇水寨大道长安加油站侧,0753-4321111,0753-4188618,2331881,2,梅州,广东
330,baed712e-c7ab-4fd1-a4d5-3e0c3a6127ba,DSC005,广汽本田乐山店雅安分店,四川乐山安捷汽车销售服务有限公司雅安分公司,0b0d458a-89e9-4673-b317-a888e55761b5,102.956,29.9884,四川雅安市雨城区多营镇多营物流中心,0835-8513666,0835-8513232,2450436,2,雅安,四川
331,feab3624-fd1c-4fe2-9f7e-88bd5c1769a7,DLN013,广汽本田乐业店,丹东乐业汽车销售服务有限公司,50ff60b5-1d8e-47df-9429-028fc0052ade,124.334,40.1284,辽宁省丹东市振兴区花园路188号,0415-2155559,0415-2258166（2257655）,2257966,1,丹东,辽宁
334,f0ef904d-114d-4a39-b2f1-35e41a2f93a1,DLN008,广汽本田立达店绥中分店,葫芦岛市立达汽车服务有限公司绥中分公司,ec6b422e-08f0-4b63-a038-073f1ec26dd4,120.446,40.3704,辽宁省葫芦岛市绥中县北外环路果树农场西侧,0429-6781888,0429-6781999 ,2192333,2,葫芦岛,辽宁
336,a8472815-a4a5-47fe-9afa-af5a2336e6c6,DGD047,广汽本田利生店,云浮市利生汽车销售服务有限公司,bf5ef000-0075-48df-b12b-8c3eba943b28,112.018,22.9339,云浮市城北过境公路(324国道)武警大楼往罗定方向200米,0766-8332666,0766-8331377（83321800）,8331717,1,云浮,广东
337,47281a93-6160-4515-ab53-e2f85fb5608f,DHLJ15,广汽本田利源达店,黑河市融源汽车销售有限公司,aa02f835-e886-4124-bb7e-607ab987bb12,127.50083,50.25069,黑河市合作区202国道西南工业区黑河市利源达专用车制造有限公司办公楼东展厅,0456-2888881,0456-2899996,0456-2888808,1,黑河,黑龙江
338,7c54c4f4-89e6-46f6-9d76-89221e508b54,DZJ043,广汽本田临城店,舟山中兴汽车销售服务有限公司,09930ca1-ed97-441f-b70b-d8591098961f,122.225,29.979,浙江省舟山市定海区临城街道工业园三道9号,0580-2085558,0580-2085228,0580-2085868,1,舟山,浙江
347,204307e9-0484-49f5-8a3b-e632a3e4626c,DHUB01,广汽本田龙阳店潜江分店,武汉东风南方汽车销售有限公司潜江分公司,468b858f-9a62-42c7-a362-dfdb895b4883,112.924,30.4228,湖北省潜江市园林办事处潜阳东路53号,0728-6294488,0728-6294499,84628627,2,潜江,湖北
348,98803411-2e2b-4ffe-a930-d8a832172d1d,DHUB01,广汽本田龙阳店仙桃分店,武汉东风南方汽车销售有限公司仙桃市分公司,d36030dc-5537-4d29-9978-1ff9716fc859,113.426,30.3275,仙桃市工业园仙洪路21号,0728-3321959,0728-3321969,84628627,2,仙桃,湖北
357,46a5b723-489d-4b81-bbd8-98cbc2fa9c3e,DXJ003,广汽本田美富店,新疆美富汽车销售服务有限公司,ad224f48-a298-4f8a-bd2e-23c14e4df623,84.8997,45.5589,新疆克拉玛依市迎宾路39号,6246933,6246957,6246939,1,克拉玛依,新疆
361,2c85f132-339b-4bc3-bb29-e3d5c634e28c,DHLJ07,广汽本田名人店,佳木斯名人汽车销售服务有限公司,195af520-1574-4128-82ec-3999de759943,130.272,46.8057,黑龙江省佳木斯郊区友谊路609号,0454-8579299,0454-8597099（8571399）,8559999,1,佳木斯,黑龙江
364,4b3e053f-e814-40d1-8d75-2d06c7d9a924,DSC016,广汽本田南华店,达州蓉源汽车销售服务有限公司,dec562b8-02db-40fa-b7c2-1a440e25e724,107.499,31.1725,四川省达县南外镇杨柳工业配套园区D1-2-4,0818-2221988,0818-2221899,13320822800,1,达州,四川
365,f48a57e7-29f2-4245-b719-abb3afbc16e3,DXJ004,广汽本田南江店,巴州南江汽车配件销售有限责任公司,73ec5266-5c50-41fa-a42f-46135d422ea2,86.1723,41.7377,新疆库尔勒市迎宾路1号,0996-2116928,0996-2116908(2116678),-,1,巴音郭楞蒙古自治州,新疆
367,7aad25cb-7ff1-48b0-9730-e6667296b96e,DLN015,广汽本田欧亚店,朝阳欧亚汽车销售服务有限公司,a83fdc0d-3502-4a97-89d4-756908d3be02,120.397,41.5576,辽宁省朝阳市龙城工业园区中山大街5段160号,0421-3728888,0421-3991155（3729999）,3729999,1,朝阳,辽宁
368,dc51b404-8fc0-4c64-b4c9-2893b3ad5c86,DHEB18,广汽本田庞大宏宇店,迁安庞大宏宇汽车销售服务有限公司,5b9b1ccd-0f73-4442-af6b-7ec49b151984,118.727,39.9777,迁安市东部工业区长城大路4677-1号,0315-7615551(7611599),0315-7615559,0315- 7613777,1,迁安,河北
369,6d29e906-7f7d-4257-a930-fa1ae4fde736,DJL005,广汽本田庞大华庆店,白城庞大华庆汽车销售服务有限公司,a4e6fa04-42a0-4b5e-9068-0b521821150a,122.828,45.5761,吉林省白城市民营经济开发区立交桥西1000米,0436-6139555,0436-6-39116（6139188）,6139555,1,白城,吉林
370,a2bb8732-f609-44dd-bb0a-a8e0a297fe17,DHLJ08,广汽本田庞大华远店,绥化庞大华远汽车销售服务有限公司,66c3cdac-4453-4de1-a6a0-610704284825,126.982,46.5859,黑龙江省绥化经济开发区第五加油站南侧,0455-8120000,0455-8121236（8121226）,8122000,1,绥化,黑龙江
371,63c6e8dd-f65b-4ae5-b1f0-22685b75888e,DLN017,广汽本田庞大龙盛店,本溪市庞大龙盛汽车销售服务有限公司,e76be97f-e0e2-4bbe-82ef-0d2ab42e5eb5,123.848,41.3256,辽宁省本溪市明山区卧龙镇,0414-4638555,0414-4812062（4816999）,4816999,1,本溪,辽宁
373,f8376b50-c8e4-428a-b047-ec5abc4daa4f,DJL004,广汽本田庞大隆华盛店,延吉庞大隆华盛汽车销售服务有限公司,3bf26a53-9717-4c68-9327-d2eca67b985d,129.569,42.8958,延吉经济开发区长白山东路３８５８号(善生堂药业对面),0433-2868222（2826811/2836811）,0433－2867311（2827311/2837311）,2827311/2837311,1,延边朝鲜族自治州,吉林
375,71aa6e4f-da43-47a3-8ca5-b8ee0afd3010,DLN009,广汽本田鹏华店,辽宁鹏华汽车销售服务有限公司,39778812-def3-40f3-8646-ec2c89cf2c4b,123.757,41.8476,抚顺市望花区沈抚公路（南线）33号,0413-6590808,0413-6693535（6590808）,6590606,1,抚顺,辽宁
377,83d2f47c-939b-47d9-88fd-f105e7b0be1a,DHEN12,广汽本田濮华店,濮阳市濮华汽车销售服务有限公司,8705788a-abfc-4092-a725-72a9d305a82f,115.044,35.7811,河南省濮阳市市区京开道与中原路交叉口往北500米路西,0393-8973333,0393-8973003（8977717）,8918800,1,濮阳,河南
378,9bfc7280-6c63-4e0e-b6fc-35c7d0f8bee9,DSC015,广汽本田七星店,宜宾市锐奕汽车销售有限责任公司,28e1fd24-18db-401c-8d77-5a1e94e6fb0e,104.648,28.7529,宜宾市翠屏区南岸航天路南段6号,0831-5196711.5196765,0831-2221890(2221666),2221666,1,宜宾,四川
385,7f21271a-2d4b-481d-94b6-b42f17746a18,DLN016,广汽本田全中店,阜新全中汽车销售服务有限公司,303151e5-34e9-48c3-9647-f8d0a2607315,121.602,41.9933,辽宁省阜新市经济技术开发区沙海桥西450米,0418-6632222,0418-6617261（6282444）,6632222,1,阜新,辽宁
394,3c933b58-b2de-43cb-8d8b-a8b916f299e1,DHEN31,广汽本田瑞尚店,河南瑞尚汽车销售服务有限公司,d311c254-9a3d-4afe-99e9-b7934c79cab6,114.676107,33.65712,河南省周口市大庆路与太清路交叉口东段南侧,0394-8314444,0394-8304444,0394-8304444,1,周口,河南
521,f6e17222-0b5a-415f-9d91-e2a0081b2b11,DSD007,广汽本田银达店,威海市银达汽车贸易有限公司,161d8c98-5356-4b69-986e-61bb8d981ccd,122.06,37.5259,山东省威海市文化西路168号,0631-5690999,0631-5698266(5687555),5690999,1,威海,山东
403,69ccae0c-247b-4679-999b-71e0064880fc,DSXE14,广汽本田申亿店,山西申亿汽车销售服务有限公司,6431bdc3-e625-4194-89ab-096e0decbe67,112.69,38.4269,忻州市忻府区和平西街2号,0350-3132333（3132111）,0350-3131188,-,1,忻州,山西
408,61c1ba8d-8a69-476b-bb32-335f531846e8,DGX005,广汽本田晟驰店,玉林市晟驰汽车销售服务有限公司,8929fbc6-4174-4f3b-bbcb-d3848f1ad3e0,110.264,23.3056,广西玉林市人民西路南侧,0775-2638888,0775-3166816（2638888）,2635555,1,玉林,广西
410,7ed63945-c6f5-493b-b125-35fe09fffb3c,DSXE04,广汽本田盛博店,山西盛博汽车贸易有限公司,24a2e86f-060d-4cab-90d6-8da247849279,111.502,36.1052,山西省临汾市开发区河汾路6号,0357-3960911,0357-3960922（3960933）,3960988,1,临汾,山西
413,5d4ad68e-f47d-4a72-a68f-ceb0d4e8e2ee,DHEN16,广汽本田盛世店,漯河市盛世汽车销售服务有限公司,d0bdc7f8-205f-46b5-b4cc-ddf14f51e054,113.991,33.5512,漯河市漯舞路口与107国道交叉口西150米,0395-2991111,0395-2992222（2992777）,2992222,1,漯河,河南
418,8327167a-31e0-41eb-95ed-3b74cb558b30,DGX002,广汽本田顺成店,桂林市顺成汽车销售有限公司,13f80613-e8d4-4841-aa20-2e462dd5ac7b,110.320818,25.359197,广西桂林灵川八里街八里七路39号,0773-2626888,0773-2632789（2628766）,2626999,1,桂林,广西
420,a71d0c53-029b-48b1-be79-55310e16c8a1,DSD011,广汽本田顺吉店,东营顺吉汽车销售有限公司,2e845727-214d-4105-9b84-4cf07a5ac217,118.477,37.4189,东营市东营区西四路914号,0546-8183632,0546-8186066（8187188）,8186266,1,东营,山东
426,950f4e36-ffc1-46af-9bb7-929c1b41dd61,DJS027,广汽本田苏驰永胜店沭阳分店,宿迁苏驰永胜汽车销售服务有限公司沭阳分公司,325ddf75-f273-4bf2-b13d-434969d6e669,118.798,34.1158,沭阳县沭城镇苏州西路,0527-89983300,0527-89980091,84568112,2,宿迁,江苏
428,444592b0-7722-43ac-8ec6-55c3f09c1786,DNMG09,广汽本田泰达店,锡林郭勒盟利丰泰达汽车有限公司,9787af27-7c1f-4934-a56f-708653a4bb89,116.02,43.9223,锡林浩特市火车站北300米利丰园区,0479-6916660(6919103),0479-6919103,,1,锡林郭勒盟,内蒙古
431,3e4ceaae-d197-4303-825f-ce0d4d2db11a,DXJ002,广汽本田泰意店喀什分店,新疆泰意汽车销售服务有限公司喀什分公司,a048e47c-f5d7-43c9-a6ea-60ed120c375b,75.7549,39.4097,喀什市疏附县商贸城（五羊大道3号）,0998-3149666,0998-3149777,8772127,2,喀什,新疆
432,a1eb60b1-c248-460f-843e-6fc104f49cba,DSD015,广汽本田腾飞店,日照腾飞汽车销售服务有限公司,1c99a481-adc3-47d4-bf05-ddd734795021,119.477,35.4327,山东省日照市山东路中段488号,0633-8259999,0633-8216661（8258777）,8258998,1,日照,山东
434,1594a605-bdaf-4d9c-839e-447e36de5128,DHUN14,广汽本田天驰店,吉首天驰汽车销售服务有限公司,a5742b69-5859-40b6-97d4-41bb3c91a0ec,109.691,28.2583,湖南省吉首市人民南路与金坪路交汇处（州公路局旁）,0743-8532222,0743-8532119（8531118）,-,1,湘西土家族苗族自治州,湖南
439,f5d7d06c-fc56-44ea-b631-a95d551ae249,DHUN07,广汽本田天力店,常德市天力汽车销售服务有限公司,ca4a4432-759b-400c-90d0-92ba97ccfd4b,111.665,29.0788,常德市常德大道3700号（龙港路与常德大道交汇处）,0736-7809999,0736-7809555（7809333）,7809998,1,常德,湖南
440,e22c6718-34df-435a-a45d-2688001dd840,DHUN16,广汽本田天瑞店,岳阳市天瑞汽车销售服务有限公司,9ddc2191-62b3-4a34-a7a7-7485ea8d01f9,113.16,29.3724,岳阳市巴陵东路大桥村381号,0730-8708118,0730-8708090（8708116）,-,1,岳阳,湖南
441,1f19b126-286e-4b13-8bce-19d0996ece9d,DHUB07,广汽本田天顺达店,荆州市天顺达汽车销售服务有限公司,b0a637a6-cc6d-46bd-b323-0ebf9c9b2e88,112.206,30.3598,荆州市荆州区荆州大道中段1号（火车站楚源大道与荆沙大道交汇处旁）,0716-8446188,0716-8453555,8450699,1,荆州,湖北
442,17f3e46a-fad5-40df-b8b5-f4fcd1174e06,DHEN19,广汽本田天中店,驻马店市驿城区天中汽车销售有限公司,38517b58-79a7-4888-aba1-015810ae628b,114.046,33.0122,河南省驻马店市驿城区前进大道北段,0396-3825555,0396-3826318（3828999）,3820000,1,驻马店,河南
443,c60d8f80-f0dc-418d-93c7-e72fe5d4e438,DLN014,广汽本田铁欣店,铁岭市铁欣汽车销售服务有限公司 ,c8d8ad68-849e-4e7b-a901-50eb3d03e86d,123.81,42.2503,铁岭市银州区柴河街南段193号,0410-2615555,0410-2619999,72619999,1,铁岭,辽宁
444,2d07530f-0c8d-4c27-b84c-733ef1710363,DYN010,广汽本田通驰店,曲靖通驰汽车销售服务有限公司,1292297e-8012-419b-b14c-7bc1dfa49352,103.80281,25.55664,云南省曲靖市沾益区龙华街道龙华大道191号,0874-3160555,0874-3011755,4000096060,1,曲靖,云南
446,2fec3620-9c5f-474f-a1f7-bc6591654032,DHEB12,广汽本田通合店,衡水通合汽车销售服务有限公司,1aabc073-9bbf-4f67-a094-56e6752b4754,115.701,37.769,衡水市桃城区大麻森乡魏家村,0318-2821111,0318-2829999(2826098),2829999,1,衡水,河北
447,df60b7e1-9cea-4f8f-9dad-784cd2d48de2,DGZ004,广汽本田通源店,六盘水通源汽车销售服务有限公司,36d8afed-89ff-43f6-82a1-51e0a46592d2,104.812,26.6064,贵州省六盘水市钟山西路德坞高架桥北侧康达汽车城内通源本田,0858-6705599,0858-6705598,6705598,1,六盘水,贵州
449,3642e92c-be97-467e-a678-7fe06f658220,DHEB08,广汽本田同力店,张家口同力伟业汽车销售服务有限公司,b91a6d48-f4c4-4b6c-9599-5076561f5deb,114.897,40.7629,河北省张家口市宣化县沙岭子镇屈家庄村,0313-5981888,0313-5981884(5981885),5981889,1,张家口,河北
454,2b95965f-2e06-4c43-8e1d-d58b07855935,DNMG08,广汽本田万路店,通辽市万路汽车销售服务有限公司,bbe4983e-c41d-4586-be77-25b4ddf02adb,122.216,43.6466,通辽市河西开发区H区瑞丰汽贸园,0475-8623456,0475-8623911(8623901),8623911,1,通辽,内蒙古
457,65c698a9-bfac-41e7-a92b-3711d21f267f,DHEN32,广汽本田万顺店,新乡市太平洋汽车贸易有限公司,d0d944b0-1652-4e38-b6f8-ee68bd035dc1,113.91591,35.247594,新乡市新飞大道与德源路交叉口南200米路西,0373-5288888,0373-3512222,0373-3512222,1,新乡,河南
462,7b7c741e-3382-4aa8-8430-c42d75259cfe,DSD014,广汽本田伟东店齐河分店,德州伟东汽车销售维修有限公司齐河分公司,a587cb97-ba0e-4794-a8d6-36557a8f31e6,116.678,36.7235,山东省德州市齐河县京台高速口东688米路北,0534-5668888,0534 -5669999,2755995,2,德州,山东
465,2dcafa91-1a8e-49f5-b920-422d60f57660,DAH011,广汽本田稳达店,六安之星汽车销售服务有限公司,b0578133-6bbb-433d-865e-5ba117ae17b5,116.491,31.7439,安徽省六安市裕安区城南镇三中心向南500米（交警三大队对面）,0564-3613999,0564-3613762（3613767）,3613555,1,六安,安徽
469,2e02ae03-9a9c-4009-b24f-3706cf290462,DSC023,广汽本田下江店,四川下江汽车服务有限公司,a0078210-1294-4cec-98cb-e23c3d22e0fe,104.62093,30.127289,资阳市雁江区大千大道68号,028-24911111 ,028-24911119,028-24911119,1,资阳,四川
470,aed1ab52-7b5a-4a54-b52b-07bbc340a880,DHUN13,广汽本田湘中店,娄底湘中汽车销售服务有限公司,08c7894c-35ca-4c56-a0d4-d20c227e40ff,112.042,27.7429,娄底市娄星区湘阳街大科办事处方石村,0738-8767777,0738-8763222（8762677）,8763222,1,娄底,湖南
471,adb169e1-f59b-46ad-bcb4-8249e207b076,DNMG11,广汽本田祥泰店,呼伦贝尔市成宇祥泰汽车销售服务有限公司,10d2becd-1fe5-4e6a-9d68-44403ed3d169,119.748,49.118,鄂温克旗巴彦托海镇海伊公路东侧,0470-8986008,0470-8986009,18647000252,1,呼伦贝尔,内蒙古
482,fdbc0b0e-cac4-4a76-a44e-e43bb66c81b3,DHUN22,广汽本田新金泽店,邵阳新金泽汽车销售有限公司,9b2eee3b-36d2-451b-aaf1-e1edfdeb8358,111.498,27.2463,邵阳市双清区宝庆东路473号,0739-5160788,0739-5163828,13508429369,1,邵阳,湖南
483,4f642f59-76c7-4bf7-8eab-89bf5f9fb474,DHEB05,广汽本田新秦店,秦皇岛新秦高级轿车销售有限责任公司,35f9019b-f974-437b-bec6-bd609534efc7,119.545,39.9328,秦皇岛市开发区西环北路18号,0335-8388701/8388702,0335-8388705(8388703),8388706,1,秦皇岛,河北
484,060ee679-a6c5-4747-b492-5b0377172039,DAH004,广汽本田新区店,蚌埠市天元汽车销售有限公司,74f6bcb7-fb86-4fdf-a950-21a73775d135,117.357,32.9199,安徽省蚌埠市高新区迎宾大道西侧汽车城南路33号,0552-3713818,0552-3713297（3712333）,-,1,蚌埠,安徽
489,2f2dd772-7e1e-421b-9b21-84d0926dd60f,DNMG04,广汽本田鑫海店,内蒙古鑫海汽车贸易有限公司,5da0e6e4-212a-46ad-bd15-10d4277daa22,111.612,40.8226,内蒙古呼和浩特市回民区海西路广州本田鑫海店,0471-3952688,0471-3952488(3952588),3950777,1,呼和浩特,内蒙古
493,04557a0a-b8d2-46a2-aae1-286d2dce6d9b,DHEN14,广汽本田信诚店,信阳信诚汽车销售服务有限公司,e94cd502-ae4a-487c-b5ea-f5927feb69a1,114.15,32.1607,信阳市羊山新区龙飞山办事处银钱村,0376-3809888,0376-3809780（3809776),3809909,1,信阳,河南
494,755f070f-9b19-4fcf-9e7c-c9f694965bbe,DNMG03,广汽本田信达通店,鄂尔多斯市信达通汽车销售服务有限责任公司,56f09898-518e-43d5-979a-37e5bdd879a3,110.096,39.7865,内蒙古鄂尔多斯市东胜区铜川镇飞龙汽车城旁,0477-8101518,0477-8101513(8101516),8101510,1,鄂尔多斯,内蒙古
499,290eb8e4-364f-48d2-a5dd-b1eef48b8bfe,DHEB06,广汽本田兴和店宁晋分店,邢台市兴和汽车贸易有限公司宁晋分公司,1226991f-8d02-45fa-8cbb-744f8f072947,114.936,37.6198,宁晋县状元路南端（污水处理厂斜对面）,0319-5917333,0319-5917345,13102588888,2,邢台,河北
502,6b10e604-1d57-4d60-9cca-5edb7f1959c8,DSD050,广汽本田兴泰店,泰安市全润汽车销售服务有限公司,a54de771-2555-4fdc-922e-6475742381c4,117.03993,36.162713,山东省泰安市岱岳区泰山国际汽车城内,0538-8898677,0538-8895977,0538-8895977,1,泰安,山东
505,c2ab8c7d-b8c1-4548-b3c3-de4a1fe98242,DLN010,广汽本田星河店,盘锦星河汽车销售服务有限公司,ad97e89e-35ef-48f9-8f87-9cd54e99241a,122.045,41.1506,辽宁省盘锦市兴隆台区辽河中路62号,0427-2879088 /2878199,0427-2877915（2877008）,2878199,1,盘锦,辽宁
509,487d3e90-89e1-44eb-ac8b-0d783bcd7886,DSXE05,广汽本田雅特店襄垣分店,长治市雅特汽车贸易有限公司襄垣分公司,63414a1c-9f90-4eea-a1f6-8593c3d402ef,113.036,36.5343,长治市襄垣县长兴路(焦炭公司),0355-5876000,0355-5876111,6069066,2,长治,山西
510,51ae2176-0157-4c7e-978e-5b23b50eb3c2,DAH012,广汽本田亚本店,宣城亚本汽车销售服务有限责任公司,2804704d-21d5-4ce8-b839-661d756af683,118.737,30.9353,安徽省宣城市昭亭南路亚夏汽车城,0563-2627111,0563-2627273（2627266）,,1,宣城,安徽
511,b2e0f42c-fdd1-43c1-bc2d-71ee7708c2a8,DAH015,广汽本田亚晖店,黄山亚晖汽车销售服务有限公司,bd58e677-e533-4ce1-8c44-151f8164f1b6,118.263,29.7513,黄山市屯溪区经济开发区齐云大道,0559-2531222,0559-2539222（2561177）,2539222/18905593077,1,黄山,安徽
512,5bbaec8a-8677-4bd3-afed-404a78795321,DSC019,广汽本田亚龙店,遂宁市亚龙汽车销售有限公司,03739cfe-4df2-4de0-b547-87bb5a99775a,105.576005,30.464167,遂宁市船山区中国西部现代物流港梵云大道858-888号,0825-5893333,0825-5895555,0825-5821119,1,遂宁,四川
513,ead6c15d-8da9-457b-8530-35fea99d8148,DAH002,广汽本田亚夏店,芜湖亚夏汽车服务有限责任公司,09c4c13b-44b3-4516-990b-ff4069458d35,118.394,31.3636,芜湖市鸠江区弋江北路亚夏汽车城,0553-2878777,0553-2879006(2879002),2879015,1,芜湖,安徽
519,4c635a88-2d2f-47f6-9e5e-de01d4404e42,DNMG02,广汽本田益友店,包头益友汽车销售服务有限公司,fbd50e1a-2e00-4fc2-be4e-12955d918b8d,109.866,40.6435,包头市青山区友谊大街东段29号五一小区,0472-5157185,0472-5135014(5157929),5157990,1,包头,内蒙古
520,2849d75a-d071-45b9-9bd7-7a3f040a0b0d,DGD038,广汽本田溢田店,阳江市溢田汽车销售服务有限公司,a20dc33c-6028-457d-994a-700d236ee607,111.995,21.8738,广东省阳江市东风三路138号,0662-3308888,0662--3308899（3633332）,3633330,1,阳江,广东
523,9066a758-9b84-4b16-abbb-e17174c717de,DSXE02,广汽本田银隆店,山西银隆汽车贸易有限公司,9e95c837-6c67-4e41-92f3-3c4c0fca4d42,113.294,40.062,山西省大同市南三环路98号,0352-5393800,032-5038952（5393805）,5038952,1,大同,山西
526,51cb49a3-98a1-492e-b18f-2273e955e087,DHUN17,广汽本田永久店,永州广源汽车销售服务有限公司,b8700d48-95f3-4455-833b-5a0c5a2f507c,111.599,26.4038,湖南省永州市冷水滩区湘江西路（长丰工业园）,0746-8417666,0746-8457100（8412999）,-,1,永州市,湖南
529,ba12578f-ef59-4b12-addf-a0581e5becab,DSC006,广汽本田友好店,四川德阳友好车业有限公司,9bf69ed3-7913-4a4a-9735-89f8f7d8c165,104.383,31.0732,四川省德阳市旌阳区泰山南路三段82号,0838-2603511,0838-2603637(2600588),2601555,1,德阳,四川
531,a96bcf23-5491-4daa-9fc2-68972a4d2861,DHUB09,广汽本田友谊店天门分店,武汉市浩田汽车销售服务有限公司天门分公司,008e193e-c4d0-4470-ba16-3eb6352eb722,113.19,30.6086,天门市小板镇金科陆宇汽车大市场,0728-5358555,0728-5358555,86702888/13986108689,2,天门,湖北
534,a2a5fb55-792c-4dce-8757-2058c4e7d203,DHUB17,广汽本田宇田店,湖北孝感宇田汽车销售服务有限公司,0bd320cb-5426-4c0d-b34e-2e350ec15317,113.962,30.8847,孝感市孝感大道特2号(孝感市孝南经济开发区新华社区),0712-2499999,2499993,18986504999,1,孝感,湖北
536,709f3c03-fe33-4438-ada6-87325149ff99,DAH009,广汽本田雨骏店,马鞍山雨田思雅汽车销售服务有限公司,9dc6158a-d3f0-4093-bfec-572155b2610c,118.492,31.6383,马鞍山市经济开发区湖西南路7号,0555-2110099,0555-2109939（2109991）,2110068,1,马鞍山,安徽
539,4be7c771-d670-442d-b336-b76bb4ace9f1,DYN003,广汽本田玉溪店,云南玉溪诚田汽车销售有限公司,fdcd5cdd-26f4-4daa-bb3b-259e329157f1,102.549,24.3638,云南省玉溪市红塔区龙马路中段,0877-2616111,0877-8885861（8880877）,2611888,1,玉溪,云南
540,f17ae7d0-7642-421a-a38a-9435df78b03a,DYN003,广汽本田玉溪店普洱分店,云南玉溪诚田汽车销售有限公司普洱思茅区分公司,9557e657-80db-495a-b140-2f07f65726cf,100.987,22.8063,普洱市思茅区普洱路,0879-2203933,0879-2201903,2611888,2,普洱,云南
541,457d8419-aaa8-46c3-aa45-104ecbd5da48,DAH010,广汽本田远创店,淮北远创汽车销售有限公司,635c206e-b7e4-4027-a198-33ab211c52cd,116.795,33.9275,安徽省淮北淮北市相山路汽车城1号,0561-3119933,0561-3119900（3112727）,3119955,1,淮北,安徽
542,8049630b-5629-4903-bf47-e0baa540ccc7,DGD028,广汽本田远达店,韶关市远达汽车销售有限公司,2a5147d5-2ca3-4a89-873a-64f9cbf3a7e0,113.587,24.7824,韶关市韶南大道北11号,0751-8282888,0751-8286823（8299688）,8282333,1,韶关,广东
545,762e6423-0073-4bee-8ef6-080791c38a0d,DSXW13,广汽本田泽胜店,延安泽胜汽车销售服务有限公司,d905b22b-5e8a-418c-82a2-d8db567d468d,109.456353,36.64056,陕西省延安市宝塔区陵园路合力北郊车城,0911-8808886,0911-8808885,0911-8808885,1,延安,陕西
547,a2753bc0-7d66-494f-839d-21b967f3cff6,DGD013,广汽本田肇田店,肇庆市肇田汽车服务有限公司,127f61d0-175a-4f18-989a-cee0d5a94275,112.492,23.1042,广东省肇庆市端州区迎宾大道北侧 ,0758-2716655,0758-2716888（2716711）,2716888,1,肇庆,广东
554,932cdccc-438f-4698-848d-b653d6825206,DGD036,广汽本田志诚店,潮州市志诚汽车贸易有限公司,a8c8cc2e-1a3f-47f0-a175-14af2ad4f1b0,116.579,23.6395,潮州市火车站开发区广场西侧,0768-2973288,0768-2973628（2973188）,2973628,1,潮州,广东
557,4ea5845d-c94d-498f-85e7-e10fa6b1f876,DXJ005,广汽本田致远店,阿克苏南疆致远汽车服务有限责任公司,0276560f-d622-4da3-ae05-4858e5fca45f,80.2944,41.1455,阿克苏金土地汽车城13号展厅,0997-2620006,0997-2671199,0997-2671199,1,阿克苏,新疆
562,8504974a-261e-4f81-bc04-a66f1f950db5,DJL002,广汽本田中升创嘉店,吉林中升宏达汽车销售服务有限公司,ae1db8c9-6d34-4bac-8071-33bd9df4b4a5,126.515,43.8623,吉林省吉林市越山路199号,0432-62739377,0432-62739881（62739388/65118555）,13704310400,1,吉林,吉林
568,ddf1e988-a3b0-48b6-a4d4-ee3686b5a6eb,DHAN02,广汽本田中升迎宾店,三亚中升宏达汽车销售服务有限公司,e2d34d6e-b2ee-471c-b471-e39b72ad0a10,109.84,19.8817,海南省三亚市迎宾路492号,0898-88881666,0898-88713288(88713303),88713999,1,三亚,海南
569,172a0bd6-9ac1-4774-b7d7-5c6a0165d2b9,DSC020,广汽本田中盛店,攀枝花市大昌汽车销售服务有限公司,1ec9a15e-d098-4bbb-a2b5-574bee2a603f,101.669702,26.567907,攀枝花市仁和区南山工业园区综合楼主楼一楼,0812-6011888,0812-6011666,0812-6011666,1,攀枝花,四川
573,f7ffc14f-7635-474c-9d0e-e92a51fd00fc,DAH005,广汽本田中源店临泉分店,安徽中源汽贸集团有限公司临泉分公司,1d17466e-2d27-4010-a911-59ad5e654761,115.248,32.9098,临泉县工业园区,0558-6272222,0558-6176099,2199922,2,阜阳,安徽
